id,fingerprint,source,record_type,title,published_at,url,country,indicator,value,unit,summary,metadata_json,collected_at
1,16e14b664eae160b320e88e8eb80ff519a286a5732962a22c06f87ce40e40424,wto_rss,news,"Deadline to register for 2026 Public Forum is 21 August","Tue, 18 Aug 2026 00:00:00 GMT",https://www.wto.org/english/news_e/news26_e/pfor_18aug26_473_e.htm,,,,,"The deadline for online registration for this year’s in-person Public Forum, which will take place on 15, 16 and 17 September, is 21 August 2026 (23.59 CET). Late and onsite registrations will not be accepted.","{""publisher"": ""World Trade Organization""}",2026-08-19T10:46:05.631064+00:00
2,61e7e64f4ad2e1df7c16319beb5a7f850d28e79e8fc332186ac768fec849f3c5,wto_rss,news,"United Kingdom launches safeguard investigation on polyethylene terephthalate","Wed, 05 Aug 2026 00:00:00 GMT",https://www.wto.org/english/news_e/news26_e/safe_gbr_05aug26_472_e.htm,,,,,"On 5 August 2026, the United Kingdom notified the WTO’s Committee on Safeguards that it had initiated, on the same day, a safeguard investigation on imports of certain polyethylene terephthalate (PET).","{""publisher"": ""World Trade Organization""}",2026-08-19T10:46:05.631064+00:00
3,ba4bb284f17f0efe7424d5d608c5492083053e7511fcd6fd935d15b7f2b0f4e9,wto_rss,news,"World Trade and Tech Day to explore policies to make AI work for inclusive trade","Mon, 03 Aug 2026 00:00:00 GMT",https://www.wto.org/english/news_e/news26_e/dtech_03aug26_471_e.htm,,,,,"The WTO will host the first World Trade and Tech Day on 14 September at its headquarters in Geneva, bringing together trade and information and communications technology (ICT) policymakers, industry leaders and other stakeholders to discuss how artificial intelligence (AI) strategies can better support economies' efforts to maximize the gains of international trade.","{""publisher"": ""World Trade Organization""}",2026-08-19T10:46:05.631064+00:00
4,ca380a479c096c3de75cf39c40ee41ace8c892a2ad711d318cea99e04a018826,wto_rss,news,"Global goods trade resilient in the first quarter of 2026 despite war in Middle East","Fri, 31 Jul 2026 00:00:00 GMT",https://www.wto.org/english/news_e/news26_e/rese_31jul26_469_e.htm,,,,,"World merchandise trade growth exceeded expectations in the first quarter of 2026 as surging trade in electronic components related to artificial intelligence (AI) offset the negative impact of the conflict in the Middle East, which began in the final month of the quarter. Trade disruptions in the Strait of Hormuz are expected to be more fully captured in trade data for the next quarter.","{""publisher"": ""World Trade Organization""}",2026-08-19T10:46:05.631064+00:00
5,996af9ea1538cfcfe76506ee5ab790cdc7e33dbfaa64b66622aeeebb06f289d4,wto_rss,news,"Brazil initiates dispute regarding additional duties imposed by the United States","Thu, 30 Jul 2026 00:00:00 GMT",https://www.wto.org/english/news_e/news26_e/ds646rfc_30jul26_468_e.htm,,,,,"Brazil has requested WTO dispute consultations with the United States regarding additional US duties on products originating in Brazil as a result of two investigations by the United States under Section 301 of the US Trade Act of 1974. Brazil said the additional duties are above the duties otherwise applicable under the US harmonized tariff schedule. The request was circulated to WTO members on 30 July.","{""publisher"": ""World Trade Organization""}",2026-08-19T10:46:05.631064+00:00
6,10d4fccb94dbd8d5824f17b822c05e6dbb05b97ada987d45eaddb2396ca3cbfb,wto_rss,news,"WTO panel issues report regarding Turkish measures on EVs and other types of vehicles","Tue, 28 Jul 2026 00:00:00 GMT",https://www.wto.org/english/news_e/news26_e/629r_465_e.htm,,,,,"On 28 July, the WTO circulated the panel report in the case brought by China in ""Türkiye — Measures Concerning Electric Vehicles and Other Types of Vehicles from China"" (DS629).","{""publisher"": ""World Trade Organization""}",2026-08-19T10:46:05.631064+00:00
7,8018d253098094e9914635997af007769836d3a128c6bac61fc845e38118247d,wto_rss,news,"Lithuania gives EUR 30,000 to help developing economies and LDCs improve trade skillset","Tue, 28 Jul 2026 00:00:00 GMT",https://www.wto.org/english/news_e/pres26_e/pr996_466_e.htm,,,,,"Lithuania is contributing EUR 30,000 (approximately CHF 28,000) in 2026 to finance training programmes for government officials from developing economies, including least-developed countries (LDCs). This contribution to the WTO Global Trust Fund will support these economies in deepening their expertise on WTO issues and help them participate more effectively in the rules-based multilateral trading system.","{""publisher"": ""World Trade Organization""}",2026-08-19T10:46:05.631064+00:00
8,c7b9d75ebcb77cd0c950690bc76e33051e6fa89ff8946fd7978249ee58bcf82f,wto_rss,news,"Uzbekistan reaffirms 2026 WTO accession goal, thanks members for continuing engagement","Mon, 27 Jul 2026 00:00:00 GMT",https://www.wto.org/english/news_e/news26_e/acc_27jul26_470_e.htm,,,,,"Uzbekistan reaffirmed its determination to complete its WTO accession process within 2026 at a meeting of the Working Party on the Accession of Uzbekistan on 27 and 28 July, soon after its last meeting in March. The head of Uzbekistan's delegation, Chief Negotiator Azizbek Urunov, stressed that maintaining a strong pace of engagement and addressing members' remaining concerns will be critical to bringing the accession process to a successful conclusion.","{""publisher"": ""World Trade Organization""}",2026-08-19T10:46:05.631064+00:00
9,2978bba277fc8f098e852c22efb7e44e8de5fc85d74e7531c5b216c795daea5d,wto_rss,news,"Russia requests dispute panel on EU carbon border adjustment and emissions trading scheme","Fri, 24 Jul 2026 00:00:00 GMT",https://www.wto.org/english/news_e/news26_e/dsb_24jul26_464_e.htm,,,,,"At a meeting of the Dispute Settlement Body (DSB) on 24 July, members considered a request from the Russian Federation for the establishment of a dispute panel to review the European Union's Carbon Border Adjustment Mechanism (CBAM) Package and alleged export subsidy under the EU scheme for trading greenhouse gas emission allowances. The DSB Chair, Ambassador Guilherme de Aguiar Patriota (Brazil), also updated members on dispute settlement reform consultations and convened an informal discussion after the meeting to further hear members' views.","{""publisher"": ""World Trade Organization""}",2026-08-19T10:46:05.631064+00:00
10,5b83cab83190a8f7cc1e4798a2fad0fa040b20c4d31ba6ae136faa7d66b93660,wto_rss,news,"Why is transit in goods free but trade is not?","Thu, 23 Jul 2026 00:00:00 GMT",https://www.wto.org/english/news_e/news26_e/blgrs_23jul26_462_e.htm,,,,,"In my previous two posts on the value of the WTO, I argued that when governments set trade policies independently, they focus on domestic effects but often overlook the costs imposed on trading partners. International trade agreements help governments take account of these cross-border spillovers (terms-of-trade externalities) by encouraging reciprocal negotiations over trade policy. While these negotiations will reduce trade protection, they will not necessarily lead to free trade. But if governments do not generally commit themselves to free trade, why has freedom of transit for goods been seen differently?","{""publisher"": ""World Trade Organization""}",2026-08-19T10:46:05.631064+00:00
11,a41f57c369444ff1659fe51797d8e8419f28f4431085de223d3b028b18fd61c5,world_bank_api,indicator,"Merchandise exports (current US$)",2025-12-31,,AU,TX.VAL.MRCH.CD.WT,337582000000.0,"current USD",,"{""country_name"": ""Australia"", ""source"": ""World Development Indicators""}",2026-08-19T10:46:09.905464+00:00
12,60750061c52333030488515f6c3eda9800a85767a15660ce10d31a4bc2aada94,world_bank_api,indicator,"Merchandise exports (current US$)",2024-12-31,,AU,TX.VAL.MRCH.CD.WT,340827000000.0,"current USD",,"{""country_name"": ""Australia"", ""source"": ""World Development Indicators""}",2026-08-19T10:46:09.905464+00:00
13,09814f4d06498c30a56a53c57c937470f3860487ac93ba68ef54865cd05dcccc,world_bank_api,indicator,"Merchandise exports (current US$)",2023-12-31,,AU,TX.VAL.MRCH.CD.WT,371407000000.0,"current USD",,"{""country_name"": ""Australia"", ""source"": ""World Development Indicators""}",2026-08-19T10:46:09.905464+00:00
14,fc78b03b4a4b781a371364b40fa4b87930d2bf8f28b818207613aec2ae5e84ff,world_bank_api,indicator,"Merchandise exports (current US$)",2025-12-31,,CN,TX.VAL.MRCH.CD.WT,3771842000000.0,"current USD",,"{""country_name"": ""China"", ""source"": ""World Development Indicators""}",2026-08-19T10:46:09.905464+00:00
15,152768d08877f914c891e4db1dec47dd8d99cba33655321a930ec06fd3e0e303,world_bank_api,indicator,"Merchandise exports (current US$)",2024-12-31,,CN,TX.VAL.MRCH.CD.WT,3575795000000.0,"current USD",,"{""country_name"": ""China"", ""source"": ""World Development Indicators""}",2026-08-19T10:46:09.905464+00:00
16,a0072a94e37aa303d6b8636179a0f5e7b68bedf56e2e606d2a460f9172672e92,world_bank_api,indicator,"Merchandise exports (current US$)",2023-12-31,,CN,TX.VAL.MRCH.CD.WT,3379044000000.0,"current USD",,"{""country_name"": ""China"", ""source"": ""World Development Indicators""}",2026-08-19T10:46:09.905464+00:00
17,2ef14f9d7c40189abb46af20673aca42024930fc36e47cfbbce84713bde6e4e5,world_bank_api,indicator,"Merchandise exports (current US$)",2025-12-31,,DE,TX.VAL.MRCH.CD.WT,1764188000000.0,"current USD",,"{""country_name"": ""Germany"", ""source"": ""World Development Indicators""}",2026-08-19T10:46:09.905464+00:00
18,eea730a938b0bf16c3d4c9ee52d9f80ba50751bc1565d75046f81d79449e438d,world_bank_api,indicator,"Merchandise exports (current US$)",2024-12-31,,DE,TX.VAL.MRCH.CD.WT,1676408000000.0,"current USD",,"{""country_name"": ""Germany"", ""source"": ""World Development Indicators""}",2026-08-19T10:46:09.905464+00:00
19,83134e9370ad2e64760d8237172190bd2c8201b01e9021560deb0dec0d1edc7f,world_bank_api,indicator,"Merchandise exports (current US$)",2023-12-31,,DE,TX.VAL.MRCH.CD.WT,1702278000000.0,"current USD",,"{""country_name"": ""Germany"", ""source"": ""World Development Indicators""}",2026-08-19T10:46:09.905464+00:00
20,d004208daaeeaada21cba90dfe4aa51ddabcdb16b1b9d2e56632bdee2f01387f,world_bank_api,indicator,"Merchandise exports (current US$)",2025-12-31,,IN,TX.VAL.MRCH.CD.WT,445278000000.0,"current USD",,"{""country_name"": ""India"", ""source"": ""World Development Indicators""}",2026-08-19T10:46:09.905464+00:00
21,16e8fbadc7b3f5b524ac367be68b85ce3edc231624b0290257793e71e83f6392,world_bank_api,indicator,"Merchandise exports (current US$)",2024-12-31,,IN,TX.VAL.MRCH.CD.WT,442886000000.0,"current USD",,"{""country_name"": ""India"", ""source"": ""World Development Indicators""}",2026-08-19T10:46:09.905464+00:00
22,fe2d1088bfdb634dc3ef93df2e20e2dc2c1fe199c3849cd954f54351c398c369,world_bank_api,indicator,"Merchandise exports (current US$)",2023-12-31,,IN,TX.VAL.MRCH.CD.WT,431559000000.0,"current USD",,"{""country_name"": ""India"", ""source"": ""World Development Indicators""}",2026-08-19T10:46:09.905464+00:00
23,0033da920e3ce9e7e4cc41b6ca02521d23ea69379e6bba63588acebb01ca1957,world_bank_api,indicator,"Merchandise exports (current US$)",2025-12-31,,JP,TX.VAL.MRCH.CD.WT,738337000000.0,"current USD",,"{""country_name"": ""Japan"", ""source"": ""World Development Indicators""}",2026-08-19T10:46:09.905464+00:00
24,eb9d819c699918e24d84fb07f3f5d40c413c07747522de8f36ee868d22cec4f1,world_bank_api,indicator,"Merchandise exports (current US$)",2024-12-31,,JP,TX.VAL.MRCH.CD.WT,707009000000.0,"current USD",,"{""country_name"": ""Japan"", ""source"": ""World Development Indicators""}",2026-08-19T10:46:09.905464+00:00
25,4edc336681a9e26f87e467dfdf8efe375ef063caa277e11f96fe10deb89554fe,world_bank_api,indicator,"Merchandise exports (current US$)",2023-12-31,,JP,TX.VAL.MRCH.CD.WT,717256000000.0,"current USD",,"{""country_name"": ""Japan"", ""source"": ""World Development Indicators""}",2026-08-19T10:46:09.905464+00:00
26,7856f32ae1b1bae01f9e8aa1694d0fd838f42839e9ef989ae0176487b2be9eb2,world_bank_api,indicator,"Merchandise exports (current US$)",2025-12-31,,US,TX.VAL.MRCH.CD.WT,2185220000000.0,"current USD",,"{""country_name"": ""United States"", ""source"": ""World Development Indicators""}",2026-08-19T10:46:09.905464+00:00
27,3e24ef84b3feed1be6f7df6faad41f7fb8a7af5c118eeb84488724ef198d5f9e,world_bank_api,indicator,"Merchandise exports (current US$)",2024-12-31,,US,TX.VAL.MRCH.CD.WT,2061691000000.0,"current USD",,"{""country_name"": ""United States"", ""source"": ""World Development Indicators""}",2026-08-19T10:46:09.905464+00:00
28,a18e81ad76a555c5abf2dc6214bcf4ffabce3237ffbdecf8ab510d5e099e69cc,world_bank_api,indicator,"Merchandise exports (current US$)",2023-12-31,,US,TX.VAL.MRCH.CD.WT,2018059000000.0,"current USD",,"{""country_name"": ""United States"", ""source"": ""World Development Indicators""}",2026-08-19T10:46:09.905464+00:00
29,b3c1257efc81db54da2640067f3df7e6c59dd1d6f8c47bcfc7e8a2ce165aa0a9,world_bank_api,indicator,"Merchandise imports (current US$)",2025-12-31,,AU,TM.VAL.MRCH.CD.WT,310631000000.0,"current USD",,"{""country_name"": ""Australia"", ""source"": ""World Development Indicators""}",2026-08-19T10:46:09.905464+00:00
30,d50ff375f15ef8e937750d86778d729baf7da83819ad46471fc048cd5e06c855,world_bank_api,indicator,"Merchandise imports (current US$)",2024-12-31,,AU,TM.VAL.MRCH.CD.WT,296340000000.0,"current USD",,"{""country_name"": ""Australia"", ""source"": ""World Development Indicators""}",2026-08-19T10:46:09.905464+00:00
31,6ba6becf949e3e9cb78449574b0d8807907e2fe64e4c03528c4c855462560e1f,world_bank_api,indicator,"Merchandise imports (current US$)",2023-12-31,,AU,TM.VAL.MRCH.CD.WT,287406000000.0,"current USD",,"{""country_name"": ""Australia"", ""source"": ""World Development Indicators""}",2026-08-19T10:46:09.905464+00:00
32,a2d6bc7821203873aa25c4af2d9567741445f6e802bbf01e43f858e914b050d2,world_bank_api,indicator,"Merchandise imports (current US$)",2025-12-31,,CN,TM.VAL.MRCH.CD.WT,2582896000000.0,"current USD",,"{""country_name"": ""China"", ""source"": ""World Development Indicators""}",2026-08-19T10:46:09.905464+00:00
33,92d3962ab0471bb926b129081e4157abf6945f2ee0bf1748491a444de5552c15,world_bank_api,indicator,"Merchandise imports (current US$)",2024-12-31,,CN,TM.VAL.MRCH.CD.WT,2583218000000.0,"current USD",,"{""country_name"": ""China"", ""source"": ""World Development Indicators""}",2026-08-19T10:46:09.905464+00:00
34,03d9b547147bd1e373475fa78f49ec6d2570a7a44783af1091541a2ee4f54174,world_bank_api,indicator,"Merchandise imports (current US$)",2023-12-31,,CN,TM.VAL.MRCH.CD.WT,2556941000000.0,"current USD",,"{""country_name"": ""China"", ""source"": ""World Development Indicators""}",2026-08-19T10:46:09.905464+00:00
35,8b13b66684c1744db5886d947ebf6066dbee6a730878d4427e5ca5df7d4b6148,world_bank_api,indicator,"Merchandise imports (current US$)",2025-12-31,,DE,TM.VAL.MRCH.CD.WT,1542796000000.0,"current USD",,"{""country_name"": ""Germany"", ""source"": ""World Development Indicators""}",2026-08-19T10:46:09.905464+00:00
36,7df21d01c656631fc99c62faa19265a4962fe647fd0fb84db82027f562d7fae6,world_bank_api,indicator,"Merchandise imports (current US$)",2024-12-31,,DE,TM.VAL.MRCH.CD.WT,1414153000000.0,"current USD",,"{""country_name"": ""Germany"", ""source"": ""World Development Indicators""}",2026-08-19T10:46:09.905464+00:00
37,d9d0309c2c797e8054a74f0738278a56064948cda6a8ae1fdb17dd85364e5f4a,world_bank_api,indicator,"Merchandise imports (current US$)",2023-12-31,,DE,TM.VAL.MRCH.CD.WT,1467598000000.0,"current USD",,"{""country_name"": ""Germany"", ""source"": ""World Development Indicators""}",2026-08-19T10:46:09.905464+00:00
38,ac5e56875e00433b2d92f4e7967c81cb1f5f4d2cf51d006d0a5683dcf084b15f,world_bank_api,indicator,"Merchandise imports (current US$)",2025-12-31,,IN,TM.VAL.MRCH.CD.WT,753481000000.0,"current USD",,"{""country_name"": ""India"", ""source"": ""World Development Indicators""}",2026-08-19T10:46:09.905464+00:00
39,46a241081aab442d7d7c4fb25f93bfc2222a25bd1204bd36dde6f3f47cef2271,world_bank_api,indicator,"Merchandise imports (current US$)",2024-12-31,,IN,TM.VAL.MRCH.CD.WT,718284000000.0,"current USD",,"{""country_name"": ""India"", ""source"": ""World Development Indicators""}",2026-08-19T10:46:09.905464+00:00
40,68a92d3b9dc76b584083e226f95f336e560e5cee4d3c0dbaf80d7d46d27ad28a,world_bank_api,indicator,"Merchandise imports (current US$)",2023-12-31,,IN,TM.VAL.MRCH.CD.WT,673929000000.0,"current USD",,"{""country_name"": ""India"", ""source"": ""World Development Indicators""}",2026-08-19T10:46:09.905464+00:00
41,025689c5b845e25c6bbb5357369c3641046d7f7a51afb82dff185e90972d1c9e,world_bank_api,indicator,"Merchandise imports (current US$)",2025-12-31,,JP,TM.VAL.MRCH.CD.WT,755553000000.0,"current USD",,"{""country_name"": ""Japan"", ""source"": ""World Development Indicators""}",2026-08-19T10:46:09.905464+00:00
42,66254db2c867a32d3aea1bb095be1d4eb756e576011b80da7ce22600ae66b72d,world_bank_api,indicator,"Merchandise imports (current US$)",2024-12-31,,JP,TM.VAL.MRCH.CD.WT,743498000000.0,"current USD",,"{""country_name"": ""Japan"", ""source"": ""World Development Indicators""}",2026-08-19T10:46:09.905464+00:00
43,39c1aa25ba6709bdf857f3faaa1c338d0a80eccd825462c5f8b537805a4b6f5c,world_bank_api,indicator,"Merchandise imports (current US$)",2023-12-31,,JP,TM.VAL.MRCH.CD.WT,787199000000.0,"current USD",,"{""country_name"": ""Japan"", ""source"": ""World Development Indicators""}",2026-08-19T10:46:09.905464+00:00
44,025e89440353d7f6da0cba50f2da79ec8c7a3ae657416831e014f177128ea12b,world_bank_api,indicator,"Merchandise imports (current US$)",2025-12-31,,US,TM.VAL.MRCH.CD.WT,3506554000000.0,"current USD",,"{""country_name"": ""United States"", ""source"": ""World Development Indicators""}",2026-08-19T10:46:09.905464+00:00
45,bb232ae8066b0026afdf5a0b4ba9c40fe8b3a8d1afb92119095e62a0d88f7184,world_bank_api,indicator,"Merchandise imports (current US$)",2024-12-31,,US,TM.VAL.MRCH.CD.WT,3358247000000.0,"current USD",,"{""country_name"": ""United States"", ""source"": ""World Development Indicators""}",2026-08-19T10:46:09.905464+00:00
46,71f58b18befb9fa07154b55c4b40e4923e95832a2997081b4e5ff4fef3655aa2,world_bank_api,indicator,"Merchandise imports (current US$)",2023-12-31,,US,TM.VAL.MRCH.CD.WT,3168237000000.0,"current USD",,"{""country_name"": ""United States"", ""source"": ""World Development Indicators""}",2026-08-19T10:46:09.905464+00:00
47,9add7d9b4769947ce0e8b1459b7cc08bd2bfdeb93930d70cce50c6d222ea6d9a,un_comtrade_preview,trade_flow,TOTAL,2025,,36,export_value,335841111839.766,"current USD",,"{""cmdCode"": ""TOTAL"", ""cmdDesc"": null, ""flowCode"": ""X"", ""partnerCode"": 0, ""partnerDesc"": null, ""reporterDesc"": null}",2026-08-19T10:46:19.844577+00:00
48,2cb9a71af598376ad2be78534dfb63368715417bedf9e2476a5adb653c0d156e,un_comtrade_preview,trade_flow,03,2025,,36,export_value,999224113.007,"current USD",,"{""cmdCode"": ""03"", ""cmdDesc"": null, ""flowCode"": ""X"", ""partnerCode"": 0, ""partnerDesc"": null, ""reporterDesc"": null}",2026-08-19T10:46:19.844577+00:00
49,287e003c6ecf1e403dde5a97b65b55374f3ab0ee06588c509c6f7d91379c1a8b,un_comtrade_preview,trade_flow,05,2025,,36,export_value,285182865.815,"current USD",,"{""cmdCode"": ""05"", ""cmdDesc"": null, ""flowCode"": ""X"", ""partnerCode"": 0, ""partnerDesc"": null, ""reporterDesc"": null}",2026-08-19T10:46:19.844577+00:00
50,86bd8677495771742253259f7a04517d6164e5f9e8445b59f72344cfbc0a30d2,un_comtrade_preview,trade_flow,06,2025,,36,export_value,8843259.406,"current USD",,"{""cmdCode"": ""06"", ""cmdDesc"": null, ""flowCode"": ""X"", ""partnerCode"": 0, ""partnerDesc"": null, ""reporterDesc"": null}",2026-08-19T10:46:19.844577+00:00
51,463476f5409725766c266d26ee427bc8fbe77d7b15383d737204230648ea41f9,un_comtrade_preview,trade_flow,16,2025,,36,export_value,149749365.932,"current USD",,"{""cmdCode"": ""16"", ""cmdDesc"": null, ""flowCode"": ""X"", ""partnerCode"": 0, ""partnerDesc"": null, ""reporterDesc"": null}",2026-08-19T10:46:19.844577+00:00
52,e61dcf31d81be99f7e28c7098e3e19b7a1bb7015b80e048f871de9ccca5d0af5,un_comtrade_preview,trade_flow,19,2025,,36,export_value,732631491.455,"current USD",,"{""cmdCode"": ""19"", ""cmdDesc"": null, ""flowCode"": ""X"", ""partnerCode"": 0, ""partnerDesc"": null, ""reporterDesc"": null}",2026-08-19T10:46:19.844577+00:00
53,42187a6e9aee9cf96f694f2e694ce7c2c41e4de077d7c9b863281b11232c09ea,un_comtrade_preview,trade_flow,20,2025,,36,export_value,177323685.512,"current USD",,"{""cmdCode"": ""20"", ""cmdDesc"": null, ""flowCode"": ""X"", ""partnerCode"": 0, ""partnerDesc"": null, ""reporterDesc"": null}",2026-08-19T10:46:19.844577+00:00
54,82abb60a451d7e1e70adb3341ec06d4973a2445e848a69811118951b7c9bfcca,un_comtrade_preview,trade_flow,30,2025,,36,export_value,3005166143.635,"current USD",,"{""cmdCode"": ""30"", ""cmdDesc"": null, ""flowCode"": ""X"", ""partnerCode"": 0, ""partnerDesc"": null, ""reporterDesc"": null}",2026-08-19T10:46:19.844577+00:00
55,4c04dbeee4a1a57a3cdd4c454a239a0fea626aa8d255b452422f44970481d886,un_comtrade_preview,trade_flow,33,2025,,36,export_value,856634754.201,"current USD",,"{""cmdCode"": ""33"", ""cmdDesc"": null, ""flowCode"": ""X"", ""partnerCode"": 0, ""partnerDesc"": null, ""reporterDesc"": null}",2026-08-19T10:46:19.844577+00:00
56,8b4d0c2b67295db2b5dc590dc55cc281a0716da227cf1ff683e3a352663cdbb9,un_comtrade_preview,trade_flow,36,2025,,36,export_value,52508803.755,"current USD",,"{""cmdCode"": ""36"", ""cmdDesc"": null, ""flowCode"": ""X"", ""partnerCode"": 0, ""partnerDesc"": null, ""reporterDesc"": null}",2026-08-19T10:46:19.844577+00:00
57,478d4f37942bb339bac09ed871174ef099b5ca0798dc8fea5997df9fe73c0ca9,un_comtrade_preview,trade_flow,37,2025,,36,export_value,7261658.68,"current USD",,"{""cmdCode"": ""37"", ""cmdDesc"": null, ""flowCode"": ""X"", ""partnerCode"": 0, ""partnerDesc"": null, ""reporterDesc"": null}",2026-08-19T10:46:19.844577+00:00
58,9d07e189c745ae6a685675717834062f196ff0210f084018d072471f34fe5257,un_comtrade_preview,trade_flow,42,2025,,36,export_value,142917322.524,"current USD",,"{""cmdCode"": ""42"", ""cmdDesc"": null, ""flowCode"": ""X"", ""partnerCode"": 0, ""partnerDesc"": null, ""reporterDesc"": null}",2026-08-19T10:46:19.844577+00:00
59,a93aa9cad7ca732f5aaa392795616df6e582b44b7fc8133a783be028d277b7a4,un_comtrade_preview,trade_flow,43,2025,,36,export_value,10332314.903,"current USD",,"{""cmdCode"": ""43"", ""cmdDesc"": null, ""flowCode"": ""X"", ""partnerCode"": 0, ""partnerDesc"": null, ""reporterDesc"": null}",2026-08-19T10:46:19.844577+00:00
60,1f4579b504b8ce327bf1c463eb2b16e83ba6f8ad118cf349c2a7f182de240248,un_comtrade_preview,trade_flow,45,2025,,36,export_value,1311575.875,"current USD",,"{""cmdCode"": ""45"", ""cmdDesc"": null, ""flowCode"": ""X"", ""partnerCode"": 0, ""partnerDesc"": null, ""reporterDesc"": null}",2026-08-19T10:46:19.844577+00:00
61,27fd860a4cd2fa48b38a57d8980688a3bcc38a9ad20ef056ee91185880e8d39e,un_comtrade_preview,trade_flow,46,2025,,36,export_value,713561.534,"current USD",,"{""cmdCode"": ""46"", ""cmdDesc"": null, ""flowCode"": ""X"", ""partnerCode"": 0, ""partnerDesc"": null, ""reporterDesc"": null}",2026-08-19T10:46:19.844577+00:00
62,e4af22280134535311ebac78c1fdba714540eac18bb1dcce77e6085ab3aacb7e,un_comtrade_preview,trade_flow,49,2025,,36,export_value,121782668.242,"current USD",,"{""cmdCode"": ""49"", ""cmdDesc"": null, ""flowCode"": ""X"", ""partnerCode"": 0, ""partnerDesc"": null, ""reporterDesc"": null}",2026-08-19T10:46:19.844577+00:00
63,3939cd6d64c12d7e59288b8851e29b9afba59f6c09a8ebae8123cdbd39e62b25,un_comtrade_preview,trade_flow,50,2025,,36,export_value,102425.397,"current USD",,"{""cmdCode"": ""50"", ""cmdDesc"": null, ""flowCode"": ""X"", ""partnerCode"": 0, ""partnerDesc"": null, ""reporterDesc"": null}",2026-08-19T10:46:19.844577+00:00
64,6f3fbdd3c497519df5f9ca65d0ff67a33c5779f674f98ca9d17c85ab9ca184a6,un_comtrade_preview,trade_flow,51,2025,,36,export_value,1630405113.256,"current USD",,"{""cmdCode"": ""51"", ""cmdDesc"": null, ""flowCode"": ""X"", ""partnerCode"": 0, ""partnerDesc"": null, ""reporterDesc"": null}",2026-08-19T10:46:19.844577+00:00
65,46bccb63edbcfa88cf960ff22ea69a00b0c5ae92b9520692acbf83e1b78338a3,un_comtrade_preview,trade_flow,53,2025,,36,export_value,1287762.054,"current USD",,"{""cmdCode"": ""53"", ""cmdDesc"": null, ""flowCode"": ""X"", ""partnerCode"": 0, ""partnerDesc"": null, ""reporterDesc"": null}",2026-08-19T10:46:19.844577+00:00
66,fac40fc9abf9b398450ddf88a4acd51eb444270d53d16f9152f005afa6e70dfd,un_comtrade_preview,trade_flow,56,2025,,36,export_value,53151858.105,"current USD",,"{""cmdCode"": ""56"", ""cmdDesc"": null, ""flowCode"": ""X"", ""partnerCode"": 0, ""partnerDesc"": null, ""reporterDesc"": null}",2026-08-19T10:46:19.844577+00:00
67,5b074bb0338edef558e9322d92ae2eaca2bca99e2cde7bfeb8d344807d9266cd,un_comtrade_preview,trade_flow,57,2025,,36,export_value,23397859.025,"current USD",,"{""cmdCode"": ""57"", ""cmdDesc"": null, ""flowCode"": ""X"", ""partnerCode"": 0, ""partnerDesc"": null, ""reporterDesc"": null}",2026-08-19T10:46:19.844577+00:00
68,be03241c8cc10a97f76afdea50bd4822ad81111800743c154bac668e13b91c2f,un_comtrade_preview,trade_flow,59,2025,,36,export_value,33741547.654,"current USD",,"{""cmdCode"": ""59"", ""cmdDesc"": null, ""flowCode"": ""X"", ""partnerCode"": 0, ""partnerDesc"": null, ""reporterDesc"": null}",2026-08-19T10:46:19.844577+00:00
69,e39d4310f3207dd258a2d6db6700844f3775ad2925e143c4d953ded7f4e2fe17,un_comtrade_preview,trade_flow,62,2025,,36,export_value,197529005.417,"current USD",,"{""cmdCode"": ""62"", ""cmdDesc"": null, ""flowCode"": ""X"", ""partnerCode"": 0, ""partnerDesc"": null, ""reporterDesc"": null}",2026-08-19T10:46:19.844577+00:00
70,b7aebbe508b3a62d12c98dc6a39e3cd16e573fbaa48e5126a5d5f242cc05d843,un_comtrade_preview,trade_flow,63,2025,,36,export_value,143376680.75,"current USD",,"{""cmdCode"": ""63"", ""cmdDesc"": null, ""flowCode"": ""X"", ""partnerCode"": 0, ""partnerDesc"": null, ""reporterDesc"": null}",2026-08-19T10:46:19.844577+00:00
71,33e1413fe8b13acc1d965d7972f7957d5ac4a76b5345357aa5a7d5420d0655bf,un_comtrade_preview,trade_flow,65,2025,,36,export_value,15605447.048,"current USD",,"{""cmdCode"": ""65"", ""cmdDesc"": null, ""flowCode"": ""X"", ""partnerCode"": 0, ""partnerDesc"": null, ""reporterDesc"": null}",2026-08-19T10:46:19.844577+00:00
72,73e5da750d40fb35e9946d139f31f020e95690f0402e212350810fa4ab1881fa,un_comtrade_preview,trade_flow,68,2025,,36,export_value,81777929.111,"current USD",,"{""cmdCode"": ""68"", ""cmdDesc"": null, ""flowCode"": ""X"", ""partnerCode"": 0, ""partnerDesc"": null, ""reporterDesc"": null}",2026-08-19T10:46:19.844577+00:00
73,6e1afa0a0335f35d3cef98bae46c4af0c103f8c98d52051f22bda99f6f353530,un_comtrade_preview,trade_flow,69,2025,,36,export_value,51958880.973,"current USD",,"{""cmdCode"": ""69"", ""cmdDesc"": null, ""flowCode"": ""X"", ""partnerCode"": 0, ""partnerDesc"": null, ""reporterDesc"": null}",2026-08-19T10:46:19.844577+00:00
74,34cbfcc4c2227a92a88c60d408c098b295ef06e699193119fe4c413acbdad5fc,un_comtrade_preview,trade_flow,70,2025,,36,export_value,86876861.922,"current USD",,"{""cmdCode"": ""70"", ""cmdDesc"": null, ""flowCode"": ""X"", ""partnerCode"": 0, ""partnerDesc"": null, ""reporterDesc"": null}",2026-08-19T10:46:19.844577+00:00
75,f56b07f44342622578ae1434dd7ea2684dc50cc338c380831f0a549bbd8184f3,un_comtrade_preview,trade_flow,71,2025,,36,export_value,39957617620.257,"current USD",,"{""cmdCode"": ""71"", ""cmdDesc"": null, ""flowCode"": ""X"", ""partnerCode"": 0, ""partnerDesc"": null, ""reporterDesc"": null}",2026-08-19T10:46:19.844577+00:00
76,768cf6bb43811a89c4932d6615e7418cb3047f381ebf318b10fa169bdab2b9b6,un_comtrade_preview,trade_flow,73,2025,,36,export_value,615762960.027,"current USD",,"{""cmdCode"": ""73"", ""cmdDesc"": null, ""flowCode"": ""X"", ""partnerCode"": 0, ""partnerDesc"": null, ""reporterDesc"": null}",2026-08-19T10:46:19.844577+00:00
77,e484f4c537db237d543cd32c85d6d4b590c594e33901c74eb5cacc677796cbb4,un_comtrade_preview,trade_flow,75,2025,,36,export_value,736388318.711,"current USD",,"{""cmdCode"": ""75"", ""cmdDesc"": null, ""flowCode"": ""X"", ""partnerCode"": 0, ""partnerDesc"": null, ""reporterDesc"": null}",2026-08-19T10:46:19.844577+00:00
78,281105ea05307f3e8e109f056f7de0cdaf8beef37a4d774062b1d7ff1af54a5a,un_comtrade_preview,trade_flow,76,2025,,36,export_value,4992541109.156,"current USD",,"{""cmdCode"": ""76"", ""cmdDesc"": null, ""flowCode"": ""X"", ""partnerCode"": 0, ""partnerDesc"": null, ""reporterDesc"": null}",2026-08-19T10:46:19.844577+00:00
79,f57fd35b3114ab10499de6058a53e210920c3d8c6187512028ed8725b82a75a5,un_comtrade_preview,trade_flow,78,2025,,36,export_value,793661485.235,"current USD",,"{""cmdCode"": ""78"", ""cmdDesc"": null, ""flowCode"": ""X"", ""partnerCode"": 0, ""partnerDesc"": null, ""reporterDesc"": null}",2026-08-19T10:46:19.844577+00:00
80,ce696060ed4d68609834dfeb645c6eacf0911feb6841374c1eaf67f2bf731031,un_comtrade_preview,trade_flow,81,2025,,36,export_value,91633205.352,"current USD",,"{""cmdCode"": ""81"", ""cmdDesc"": null, ""flowCode"": ""X"", ""partnerCode"": 0, ""partnerDesc"": null, ""reporterDesc"": null}",2026-08-19T10:46:19.844577+00:00
81,caff9a3bbe58bcaa49fa2f6df16e33631717df09067928b2cde83aa5cad2fea5,un_comtrade_preview,trade_flow,83,2025,,36,export_value,142660896.275,"current USD",,"{""cmdCode"": ""83"", ""cmdDesc"": null, ""flowCode"": ""X"", ""partnerCode"": 0, ""partnerDesc"": null, ""reporterDesc"": null}",2026-08-19T10:46:19.844577+00:00
82,3a442dc20800646477df94d535e49534c90a7a45b9aa671109a9c5f0863aabf3,un_comtrade_preview,trade_flow,84,2025,,36,export_value,5886297246.132,"current USD",,"{""cmdCode"": ""84"", ""cmdDesc"": null, ""flowCode"": ""X"", ""partnerCode"": 0, ""partnerDesc"": null, ""reporterDesc"": null}",2026-08-19T10:46:19.844577+00:00
83,761e6f21693606bbd98fe3ebf707a54a7de264ffa9698b233cc245e11010727f,un_comtrade_preview,trade_flow,86,2025,,36,export_value,119278430.312,"current USD",,"{""cmdCode"": ""86"", ""cmdDesc"": null, ""flowCode"": ""X"", ""partnerCode"": 0, ""partnerDesc"": null, ""reporterDesc"": null}",2026-08-19T10:46:19.844577+00:00
84,1790329522c1abc38325b28f0beb6a790696b68692edd2c341bb2ff5448c3309,un_comtrade_preview,trade_flow,89,2025,,36,export_value,446501235.181,"current USD",,"{""cmdCode"": ""89"", ""cmdDesc"": null, ""flowCode"": ""X"", ""partnerCode"": 0, ""partnerDesc"": null, ""reporterDesc"": null}",2026-08-19T10:46:19.844577+00:00
85,9b89522b8f92feac3d0f842da7004da1f34b8e8c988efa5ffee662bc7f3c5dd8,un_comtrade_preview,trade_flow,90,2025,,36,export_value,4337708837.813,"current USD",,"{""cmdCode"": ""90"", ""cmdDesc"": null, ""flowCode"": ""X"", ""partnerCode"": 0, ""partnerDesc"": null, ""reporterDesc"": null}",2026-08-19T10:46:19.844577+00:00
86,9c8670e204791ae4e5781bb2d36696ba8a00b60f1d3f1c4b09f693f00b0c4549,un_comtrade_preview,trade_flow,92,2025,,36,export_value,11328981.846,"current USD",,"{""cmdCode"": ""92"", ""cmdDesc"": null, ""flowCode"": ""X"", ""partnerCode"": 0, ""partnerDesc"": null, ""reporterDesc"": null}",2026-08-19T10:46:19.844577+00:00
87,6983e5b1b58c63fbd76089158e1b5fa9c481e57a539cd223c0ccd0d43b94288c,un_comtrade_preview,trade_flow,93,2025,,36,export_value,86690978.294,"current USD",,"{""cmdCode"": ""93"", ""cmdDesc"": null, ""flowCode"": ""X"", ""partnerCode"": 0, ""partnerDesc"": null, ""reporterDesc"": null}",2026-08-19T10:46:19.844577+00:00
88,ca7abace1d4993d4231ff559ed31252d537281f8bb3d17574f0856265ef6fb4b,un_comtrade_preview,trade_flow,94,2025,,36,export_value,242418044.336,"current USD",,"{""cmdCode"": ""94"", ""cmdDesc"": null, ""flowCode"": ""X"", ""partnerCode"": 0, ""partnerDesc"": null, ""reporterDesc"": null}",2026-08-19T10:46:19.844577+00:00
89,40761e6ffa9133c8764a94d5633efd761b5fa75bf608937f2fec37698804d0e6,un_comtrade_preview,trade_flow,95,2025,,36,export_value,575459234.022,"current USD",,"{""cmdCode"": ""95"", ""cmdDesc"": null, ""flowCode"": ""X"", ""partnerCode"": 0, ""partnerDesc"": null, ""reporterDesc"": null}",2026-08-19T10:46:19.844577+00:00
90,5d534225f0ece520fc6bd3922d7c1c0fd0cab99f94406ac43439f0dc42f4a0ff,un_comtrade_preview,trade_flow,96,2025,,36,export_value,67926868.461,"current USD",,"{""cmdCode"": ""96"", ""cmdDesc"": null, ""flowCode"": ""X"", ""partnerCode"": 0, ""partnerDesc"": null, ""reporterDesc"": null}",2026-08-19T10:46:19.844577+00:00
91,c183f90aad1cc5341e6a19b93342e9321aa5e0ce8559abb6b2f86d0b4145e48a,un_comtrade_preview,trade_flow,97,2025,,36,export_value,135767548.017,"current USD",,"{""cmdCode"": ""97"", ""cmdDesc"": null, ""flowCode"": ""X"", ""partnerCode"": 0, ""partnerDesc"": null, ""reporterDesc"": null}",2026-08-19T10:46:19.844577+00:00
92,25f3c7a9fbc8586a2edf510c868f04d6ac44a463967c49482e37c118e5813165,un_comtrade_preview,trade_flow,7118,2025,,36,export_value,122.423,"current USD",,"{""cmdCode"": ""7118"", ""cmdDesc"": null, ""flowCode"": ""X"", ""partnerCode"": 764, ""partnerDesc"": null, ""reporterDesc"": null}",2026-08-19T10:46:19.844577+00:00
93,96739bc4549912a7149964e7999e1973de8f1f01661f7feab661a7cb10f57085,un_comtrade_preview,trade_flow,853229,2025,,36,export_value,385.31,"current USD",,"{""cmdCode"": ""853229"", ""cmdDesc"": null, ""flowCode"": ""X"", ""partnerCode"": 764, ""partnerDesc"": null, ""reporterDesc"": null}",2026-08-19T10:46:19.844577+00:00
94,dcec06b1b38b39739cbdf962541e77597b46ea72d335369eca3a0f5805352a29,un_comtrade_preview,trade_flow,9601,2025,,36,export_value,2048.328,"current USD",,"{""cmdCode"": ""9601"", ""cmdDesc"": null, ""flowCode"": ""X"", ""partnerCode"": 764, ""partnerDesc"": null, ""reporterDesc"": null}",2026-08-19T10:46:19.844577+00:00
95,36b106ea7069d876ad6ebeb1d624aaa956763e0b6acfd70de48f26ffe1e86ce2,un_comtrade_preview,trade_flow,6211,2025,,36,export_value,448.454,"current USD",,"{""cmdCode"": ""6211"", ""cmdDesc"": null, ""flowCode"": ""X"", ""partnerCode"": 796, ""partnerDesc"": null, ""reporterDesc"": null}",2026-08-19T10:46:19.844577+00:00
96,1623a6c054c2d69b376567a912f2974baf63a17de294b796f111e184e6ce1692,un_comtrade_preview,trade_flow,7117,2025,,36,export_value,30.928,"current USD",,"{""cmdCode"": ""7117"", ""cmdDesc"": null, ""flowCode"": ""X"", ""partnerCode"": 818, ""partnerDesc"": null, ""reporterDesc"": null}",2026-08-19T10:46:19.844577+00:00
97,d8b0a4a2c95820bd32d78d5d9fce418f8215e5c86b0c5da7499a45f2644fa4b9,un_comtrade_preview,trade_flow,711719,2025,,36,export_value,30.928,"current USD",,"{""cmdCode"": ""711719"", ""cmdDesc"": null, ""flowCode"": ""X"", ""partnerCode"": 818, ""partnerDesc"": null, ""reporterDesc"": null}",2026-08-19T10:46:19.844577+00:00
98,052b2e9ad60e62c7dd7a1b15a042e6bedb52c012ad3c6ad5dd499ce39fb9b439,un_comtrade_preview,trade_flow,5810,2025,,36,export_value,550.903,"current USD",,"{""cmdCode"": ""5810"", ""cmdDesc"": null, ""flowCode"": ""X"", ""partnerCode"": 826, ""partnerDesc"": null, ""reporterDesc"": null}",2026-08-19T10:46:19.844577+00:00
99,61a9ec821ecebe6082ea2d9962a5289db66aaa2fd10575d4ea25666e2573ab3f,un_comtrade_preview,trade_flow,6213,2025,,36,export_value,1.289,"current USD",,"{""cmdCode"": ""6213"", ""cmdDesc"": null, ""flowCode"": ""X"", ""partnerCode"": 826, ""partnerDesc"": null, ""reporterDesc"": null}",2026-08-19T10:46:19.844577+00:00
100,ca60762d7441d151df4b7f1d7da89d0943d4abde4039f659b7b876f20d697df6,un_comtrade_preview,trade_flow,680410,2025,,36,export_value,3.866,"current USD",,"{""cmdCode"": ""680410"", ""cmdDesc"": null, ""flowCode"": ""X"", ""partnerCode"": 826, ""partnerDesc"": null, ""reporterDesc"": null}",2026-08-19T10:46:19.844577+00:00
101,0d2f33d71175d03bb1f7ab772127296052b27baf5ab4391a101f769bc8a8fd67,un_comtrade_preview,trade_flow,710499,2025,,36,export_value,1138.532,"current USD",,"{""cmdCode"": ""710499"", ""cmdDesc"": null, ""flowCode"": ""X"", ""partnerCode"": 826, ""partnerDesc"": null, ""reporterDesc"": null}",2026-08-19T10:46:19.844577+00:00
102,9ecb2e9bd3dc8e9fddaa37108aeef6ce2285abeb371552c0ead53e14671dbeef,un_comtrade_preview,trade_flow,911190,2025,,36,export_value,3.866,"current USD",,"{""cmdCode"": ""911190"", ""cmdDesc"": null, ""flowCode"": ""X"", ""partnerCode"": 826, ""partnerDesc"": null, ""reporterDesc"": null}",2026-08-19T10:46:19.844577+00:00
103,d8ad17ba0dfed9383dc7f7fb327cd192cd003e12c327385dcb0d119d4366310b,un_comtrade_preview,trade_flow,950640,2025,,36,export_value,56.057,"current USD",,"{""cmdCode"": ""950640"", ""cmdDesc"": null, ""flowCode"": ""X"", ""partnerCode"": 826, ""partnerDesc"": null, ""reporterDesc"": null}",2026-08-19T10:46:19.844577+00:00
104,3430c188e0446b9b358dac872e1fbe4c469848f777a26621329f491900ee69e2,un_comtrade_preview,trade_flow,960110,2025,,36,export_value,386598.462,"current USD",,"{""cmdCode"": ""960110"", ""cmdDesc"": null, ""flowCode"": ""X"", ""partnerCode"": 826, ""partnerDesc"": null, ""reporterDesc"": null}",2026-08-19T10:46:19.844577+00:00
105,e3fd80626dc8d63c9c965acd5185aa5d596d40f6c2581c8608ef537cda4f7a8c,un_comtrade_preview,trade_flow,3306,2025,,36,export_value,335.052,"current USD",,"{""cmdCode"": ""3306"", ""cmdDesc"": null, ""flowCode"": ""X"", ""partnerCode"": 834, ""partnerDesc"": null, ""reporterDesc"": null}",2026-08-19T10:46:19.844577+00:00
106,b60969aef170fda74b71e85f959409eff4df9b7e56839d1e7a50cda5738ea702,un_comtrade_preview,trade_flow,330690,2025,,36,export_value,335.052,"current USD",,"{""cmdCode"": ""330690"", ""cmdDesc"": null, ""flowCode"": ""X"", ""partnerCode"": 834, ""partnerDesc"": null, ""reporterDesc"": null}",2026-08-19T10:46:19.844577+00:00
107,4e67a248c53aebb37067b5e6ac938bc9847ea693ac0a25efce571a041219fc1f,un_comtrade_preview,trade_flow,830249,2025,,36,export_value,1.933,"current USD",,"{""cmdCode"": ""830249"", ""cmdDesc"": null, ""flowCode"": ""X"", ""partnerCode"": 837, ""partnerDesc"": null, ""reporterDesc"": null}",2026-08-19T10:46:19.844577+00:00
108,9acd7af1721b00ed5fbb869ea2b6bfad29106c24993f406a6839fc00c66d716a,un_comtrade_preview,trade_flow,9615,2025,,36,export_value,6.443,"current USD",,"{""cmdCode"": ""9615"", ""cmdDesc"": null, ""flowCode"": ""X"", ""partnerCode"": 837, ""partnerDesc"": null, ""reporterDesc"": null}",2026-08-19T10:46:19.844577+00:00
109,267d1c21704b33a449c58c53933d75cc94594b0003f5725a68a945b8b8d3b612,un_comtrade_preview,trade_flow,961590,2025,,36,export_value,6.443,"current USD",,"{""cmdCode"": ""961590"", ""cmdDesc"": null, ""flowCode"": ""X"", ""partnerCode"": 837, ""partnerDesc"": null, ""reporterDesc"": null}",2026-08-19T10:46:19.844577+00:00
110,2d61b374564d3e9955a3986fd4e6820fec714146db17b8df3ef9d9c59ff0c9bf,un_comtrade_preview,trade_flow,7101,2025,,36,export_value,463.918,"current USD",,"{""cmdCode"": ""7101"", ""cmdDesc"": null, ""flowCode"": ""X"", ""partnerCode"": 842, ""partnerDesc"": null, ""reporterDesc"": null}",2026-08-19T10:46:19.844577+00:00
111,bdee9dcc99be171e5f3642aab44c22af90d93607c148f70cfccdb3e931746310,un_comtrade_preview,trade_flow,848620,2025,,36,export_value,97.294,"current USD",,"{""cmdCode"": ""848620"", ""cmdDesc"": null, ""flowCode"": ""X"", ""partnerCode"": 842, ""partnerDesc"": null, ""reporterDesc"": null}",2026-08-19T10:46:19.844577+00:00
112,90cc6cfdcc99a5867e6dd174886b3023c15cb1a7495e16488bb9a1bf4baa8184,un_comtrade_preview,trade_flow,7320,2025,,36,export_value,753.867,"current USD",,"{""cmdCode"": ""7320"", ""cmdDesc"": null, ""flowCode"": ""X"", ""partnerCode"": 882, ""partnerDesc"": null, ""reporterDesc"": null}",2026-08-19T10:46:19.844577+00:00
113,8e2a5f580dd080a65431e744117e538d7040a5d5f39c69bfe6a68fb75969b9ae,un_comtrade_preview,trade_flow,854420,2025,,36,export_value,57.99,"current USD",,"{""cmdCode"": ""854420"", ""cmdDesc"": null, ""flowCode"": ""X"", ""partnerCode"": 894, ""partnerDesc"": null, ""reporterDesc"": null}",2026-08-19T10:46:19.844577+00:00
114,a1968ad4069407df04573dceb69038e371edfc777628568ac8b75dc02a54c755,un_comtrade_preview,trade_flow,9306,2025,,36,export_value,2.577,"current USD",,"{""cmdCode"": ""9306"", ""cmdDesc"": null, ""flowCode"": ""X"", ""partnerCode"": 360, ""partnerDesc"": null, ""reporterDesc"": null}",2026-08-19T10:46:19.844577+00:00
115,b400593522aaf48131e87cd961e5848d2267917f52d03447519f4d98710e0f7d,un_comtrade_preview,trade_flow,930690,2025,,36,export_value,2.577,"current USD",,"{""cmdCode"": ""930690"", ""cmdDesc"": null, ""flowCode"": ""X"", ""partnerCode"": 360, ""partnerDesc"": null, ""reporterDesc"": null}",2026-08-19T10:46:19.844577+00:00
116,ca89afed9ed93f07e384e5b1bfbb8123774a158ee5adcc8eebfa354b2302b7b7,un_comtrade_preview,trade_flow,854800,2025,,36,export_value,127.577,"current USD",,"{""cmdCode"": ""854800"", ""cmdDesc"": null, ""flowCode"": ""X"", ""partnerCode"": 372, ""partnerDesc"": null, ""reporterDesc"": null}",2026-08-19T10:46:19.844577+00:00
117,ed0e118bdb26d08cab992576ccfef2fe531f242d5b1dcc562d71991c756fc7ec,un_comtrade_preview,trade_flow,2712,2025,,36,export_value,2366.627,"current USD",,"{""cmdCode"": ""2712"", ""cmdDesc"": null, ""flowCode"": ""X"", ""partnerCode"": 376, ""partnerDesc"": null, ""reporterDesc"": null}",2026-08-19T10:46:19.844577+00:00
118,2b2694aa8f9232ed42fa4d9fdfc0ae9fbcaf9a4da442db2928fd439943ab36fb,un_comtrade_preview,trade_flow,6903,2025,,36,export_value,1.289,"current USD",,"{""cmdCode"": ""6903"", ""cmdDesc"": null, ""flowCode"": ""X"", ""partnerCode"": 376, ""partnerDesc"": null, ""reporterDesc"": null}",2026-08-19T10:46:19.844577+00:00
119,20743a1af4253fd875ecdfb6e5b3e98464e906363253db0e389f2f5395f458f1,un_comtrade_preview,trade_flow,690390,2025,,36,export_value,1.289,"current USD",,"{""cmdCode"": ""690390"", ""cmdDesc"": null, ""flowCode"": ""X"", ""partnerCode"": 376, ""partnerDesc"": null, ""reporterDesc"": null}",2026-08-19T10:46:19.844577+00:00
120,ba65e52175450d0eb13a31a078d22e9994404505f99d78cc9d55e0e5b6f8bf9d,un_comtrade_preview,trade_flow,8206,2025,,36,export_value,8.376,"current USD",,"{""cmdCode"": ""8206"", ""cmdDesc"": null, ""flowCode"": ""X"", ""partnerCode"": 376, ""partnerDesc"": null, ""reporterDesc"": null}",2026-08-19T10:46:19.844577+00:00
121,a0b32267744ce4d4acc276abeb328d36a1b2de402df22dab033cd56b0673235b,un_comtrade_preview,trade_flow,8301,2025,,36,export_value,0.644,"current USD",,"{""cmdCode"": ""8301"", ""cmdDesc"": null, ""flowCode"": ""X"", ""partnerCode"": 376, ""partnerDesc"": null, ""reporterDesc"": null}",2026-08-19T10:46:19.844577+00:00
122,cfa23f44fc9b042ab787bdaf05e268d1ab37546faacb6eee33616bc00c75fc5a,un_comtrade_preview,trade_flow,911320,2025,,36,export_value,1546.394,"current USD",,"{""cmdCode"": ""911320"", ""cmdDesc"": null, ""flowCode"": ""X"", ""partnerCode"": 380, ""partnerDesc"": null, ""reporterDesc"": null}",2026-08-19T10:46:19.844577+00:00
123,3526ee17213a50c02bde8b11a0056391deae71416db084b97e803541ae87bf65,un_comtrade_preview,trade_flow,846694,2025,,36,export_value,9.665,"current USD",,"{""cmdCode"": ""846694"", ""cmdDesc"": null, ""flowCode"": ""X"", ""partnerCode"": 384, ""partnerDesc"": null, ""reporterDesc"": null}",2026-08-19T10:46:19.844577+00:00
124,89b2302e71bf5077268af768803d997802b48438a935270f39edff3af7594ac7,un_comtrade_preview,trade_flow,852691,2025,,36,export_value,105.026,"current USD",,"{""cmdCode"": ""852691"", ""cmdDesc"": null, ""flowCode"": ""X"", ""partnerCode"": 384, ""partnerDesc"": null, ""reporterDesc"": null}",2026-08-19T10:46:19.844577+00:00
125,b9e7140cc1eafc44f1edd2f7d65a9e3a969642f418ef35caee0dbcb8048924d7,un_comtrade_preview,trade_flow,9002,2025,,36,export_value,19.974,"current USD",,"{""cmdCode"": ""9002"", ""cmdDesc"": null, ""flowCode"": ""X"", ""partnerCode"": 384, ""partnerDesc"": null, ""reporterDesc"": null}",2026-08-19T10:46:19.844577+00:00
126,8d37845a32c04927bb8194ed924d3eda10ee6bd1c6b0e874653f3f3737d0303b,un_comtrade_preview,trade_flow,5602,2025,,36,export_value,1932.992,"current USD",,"{""cmdCode"": ""5602"", ""cmdDesc"": null, ""flowCode"": ""X"", ""partnerCode"": 392, ""partnerDesc"": null, ""reporterDesc"": null}",2026-08-19T10:46:19.844577+00:00
127,70b71690b6c650f9f4600d756c95b2d79a1dcb8813798301f30a77b0650a0f5b,un_comtrade_preview,trade_flow,8205,2025,,36,export_value,324.743,"current USD",,"{""cmdCode"": ""8205"", ""cmdDesc"": null, ""flowCode"": ""X"", ""partnerCode"": 398, ""partnerDesc"": null, ""reporterDesc"": null}",2026-08-19T10:46:19.844577+00:00
128,50d158b7a4f92d7c0d04a961363dbc0e70ec06ddfc4eba74c9482d38a8b4c49f,un_comtrade_preview,trade_flow,820559,2025,,36,export_value,324.743,"current USD",,"{""cmdCode"": ""820559"", ""cmdDesc"": null, ""flowCode"": ""X"", ""partnerCode"": 398, ""partnerDesc"": null, ""reporterDesc"": null}",2026-08-19T10:46:19.844577+00:00
129,33961276e35db4329c028bd90528eba5c6a3a105f7e1992e7e03d4a9ff99807e,un_comtrade_preview,trade_flow,850790,2025,,36,export_value,3.866,"current USD",,"{""cmdCode"": ""850790"", ""cmdDesc"": null, ""flowCode"": ""X"", ""partnerCode"": 398, ""partnerDesc"": null, ""reporterDesc"": null}",2026-08-19T10:46:19.844577+00:00
130,e5d5c92b934506892fbfa8eec55022988bcee339901d977378f7d9f2cac3aa5f,un_comtrade_preview,trade_flow,902590,2025,,36,export_value,438.145,"current USD",,"{""cmdCode"": ""902590"", ""cmdDesc"": null, ""flowCode"": ""X"", ""partnerCode"": 398, ""partnerDesc"": null, ""reporterDesc"": null}",2026-08-19T10:46:19.844577+00:00
131,cfeb6271cce10b270411bde14d76e912344ba856606d6ddef6eee3fe8477e177,un_comtrade_preview,trade_flow,8302,2025,,36,export_value,99.227,"current USD",,"{""cmdCode"": ""8302"", ""cmdDesc"": null, ""flowCode"": ""X"", ""partnerCode"": 400, ""partnerDesc"": null, ""reporterDesc"": null}",2026-08-19T10:46:19.844577+00:00
132,c6688f9f3273cbc2dd6297496d21392284ae4331ad1473246c2d4157e9b17bb2,un_comtrade_preview,trade_flow,9113,2025,,36,export_value,29.639,"current USD",,"{""cmdCode"": ""9113"", ""cmdDesc"": null, ""flowCode"": ""X"", ""partnerCode"": 404, ""partnerDesc"": null, ""reporterDesc"": null}",2026-08-19T10:46:19.844577+00:00
133,f8b4484a5eae06d1aa7613e43b8ae69e3e04a7963a3f66606b584779c067a723,un_comtrade_preview,trade_flow,911390,2025,,36,export_value,29.639,"current USD",,"{""cmdCode"": ""911390"", ""cmdDesc"": null, ""flowCode"": ""X"", ""partnerCode"": 404, ""partnerDesc"": null, ""reporterDesc"": null}",2026-08-19T10:46:19.844577+00:00
134,bbf148019d358bd415938be6663f074fe45ec9228ebf5a620c35d41814820443,un_comtrade_preview,trade_flow,710429,2025,,36,export_value,1688.147,"current USD",,"{""cmdCode"": ""710429"", ""cmdDesc"": null, ""flowCode"": ""X"", ""partnerCode"": 410, ""partnerDesc"": null, ""reporterDesc"": null}",2026-08-19T10:46:19.844577+00:00
135,53c71b986ae1e75313496467a865ae90cd1e8268e028a8b33cc399fb56e104f1,un_comtrade_preview,trade_flow,7103,2025,,36,export_value,159.794,"current USD",,"{""cmdCode"": ""7103"", ""cmdDesc"": null, ""flowCode"": ""X"", ""partnerCode"": 418, ""partnerDesc"": null, ""reporterDesc"": null}",2026-08-19T10:46:19.844577+00:00
136,dcf99255b5ecadb57103a88c6ab6e7b35fde6072ea68f03c40cd255b23a6b312,un_comtrade_preview,trade_flow,710399,2025,,36,export_value,81.186,"current USD",,"{""cmdCode"": ""710399"", ""cmdDesc"": null, ""flowCode"": ""X"", ""partnerCode"": 418, ""partnerDesc"": null, ""reporterDesc"": null}",2026-08-19T10:46:19.844577+00:00
137,ed689046a101a925a87e7d306e268100984c7e7036b7cfb188c790032e8067b0,un_comtrade_preview,trade_flow,7104,2025,,36,export_value,191.366,"current USD",,"{""cmdCode"": ""7104"", ""cmdDesc"": null, ""flowCode"": ""X"", ""partnerCode"": 418, ""partnerDesc"": null, ""reporterDesc"": null}",2026-08-19T10:46:19.844577+00:00
138,d4a3119b9ec9192c6b2f814e6c57c49d5fd116b9f26afea2a6479064e2eb7996,un_comtrade_preview,trade_flow,3919,2025,,36,export_value,18.041,"current USD",,"{""cmdCode"": ""3919"", ""cmdDesc"": null, ""flowCode"": ""X"", ""partnerCode"": 422, ""partnerDesc"": null, ""reporterDesc"": null}",2026-08-19T10:46:19.844577+00:00
139,7d76e3ead61e5c792c541d5e169102f59c9c9b5e9ebd2adb69a6f817db424746,un_comtrade_preview,trade_flow,852210,2025,,36,export_value,2156.575,"current USD",,"{""cmdCode"": ""852210"", ""cmdDesc"": null, ""flowCode"": ""X"", ""partnerCode"": 440, ""partnerDesc"": null, ""reporterDesc"": null}",2026-08-19T10:46:19.844577+00:00
140,ea4a51716551042e261b015db7abf3a6eb0d630a95143d57b68da2e655f04176,un_comtrade_preview,trade_flow,4203,2025,,36,export_value,1243.558,"current USD",,"{""cmdCode"": ""4203"", ""cmdDesc"": null, ""flowCode"": ""X"", ""partnerCode"": 442, ""partnerDesc"": null, ""reporterDesc"": null}",2026-08-19T10:46:19.844577+00:00
141,8b1ddf5b1b7057963fb76de5e89bc9c019fe323fada63ce152236ab9fe0ecc72,un_comtrade_preview,trade_flow,621790,2025,,36,export_value,893.687,"current USD",,"{""cmdCode"": ""621790"", ""cmdDesc"": null, ""flowCode"": ""X"", ""partnerCode"": 446, ""partnerDesc"": null, ""reporterDesc"": null}",2026-08-19T10:46:19.844577+00:00
142,0012798d7ca9afc3fa0699445a54f696b2cd2fb83cbcc5d2c1a0b46cd9ac945f,un_comtrade_preview,trade_flow,6504,2025,,36,export_value,239.691,"current USD",,"{""cmdCode"": ""6504"", ""cmdDesc"": null, ""flowCode"": ""X"", ""partnerCode"": 446, ""partnerDesc"": null, ""reporterDesc"": null}",2026-08-19T10:46:19.844577+00:00
143,314658fc6677ee7984d484cd47a2cd78117d791f3f0d8ac26a5d2bdd34486f39,un_comtrade_preview,trade_flow,7116,2025,,36,export_value,1481.961,"current USD",,"{""cmdCode"": ""7116"", ""cmdDesc"": null, ""flowCode"": ""X"", ""partnerCode"": 446, ""partnerDesc"": null, ""reporterDesc"": null}",2026-08-19T10:46:19.844577+00:00
144,732bf5057b9af367bd3a94e5e558c9d73e94139876f5f0af10d83d4230face8b,un_comtrade_preview,trade_flow,8538,2025,,36,export_value,5750.008,"current USD",,"{""cmdCode"": ""8538"", ""cmdDesc"": null, ""flowCode"": ""X"", ""partnerCode"": 462, ""partnerDesc"": null, ""reporterDesc"": null}",2026-08-19T10:46:19.844577+00:00
145,5fd22067fc4762a5109a1c7170240d5d42c7279e9c304ff448cf619bfe108086,un_comtrade_preview,trade_flow,853890,2025,,36,export_value,5750.008,"current USD",,"{""cmdCode"": ""853890"", ""cmdDesc"": null, ""flowCode"": ""X"", ""partnerCode"": 462, ""partnerDesc"": null, ""reporterDesc"": null}",2026-08-19T10:46:19.844577+00:00
146,a412a55a45d3cf17e2688314c5091e2d91a19e89af43ccb913d70ea46e0f7f92,un_comtrade_preview,trade_flow,901890,2025,,36,export_value,75.387,"current USD",,"{""cmdCode"": ""901890"", ""cmdDesc"": null, ""flowCode"": ""X"", ""partnerCode"": 462, ""partnerDesc"": null, ""reporterDesc"": null}",2026-08-19T10:46:19.844577+00:00
147,5dda01b87861070f378f0f74d0374e725ffd5b0b21dbac839714a2330614254e,un_comtrade_preview,trade_flow,841490,2025,,36,export_value,65.077,"current USD",,"{""cmdCode"": ""841490"", ""cmdDesc"": null, ""flowCode"": ""X"", ""partnerCode"": 466, ""partnerDesc"": null, ""reporterDesc"": null}",2026-08-19T10:46:19.844577+00:00
148,067cc8c584c7bb0e5a6f50e61ea5f737558cfa8b1c1de9e53bdf4272db1f4547,un_comtrade_preview,trade_flow,4911,2025,,36,export_value,6925.267,"current USD",,"{""cmdCode"": ""4911"", ""cmdDesc"": null, ""flowCode"": ""X"", ""partnerCode"": 470, ""partnerDesc"": null, ""reporterDesc"": null}",2026-08-19T10:46:19.844577+00:00
149,3b024ae25cb216fc80c399778fde31077a613489528ad47e1def2a97810b701b,un_comtrade_preview,trade_flow,491199,2025,,36,export_value,6925.267,"current USD",,"{""cmdCode"": ""491199"", ""cmdDesc"": null, ""flowCode"": ""X"", ""partnerCode"": 470, ""partnerDesc"": null, ""reporterDesc"": null}",2026-08-19T10:46:19.844577+00:00
150,192dcdf410c459d2c7a4dbac7ab9a195062e0df6926648ce90a62e26cd57545e,un_comtrade_preview,trade_flow,41,2025,,36,export_value,12407.878,"current USD",,"{""cmdCode"": ""41"", ""cmdDesc"": null, ""flowCode"": ""X"", ""partnerCode"": 784, ""partnerDesc"": null, ""reporterDesc"": null}",2026-08-19T10:46:19.844577+00:00
151,869c0b825ec5edc7437ee2ad809e294eadb482d30fa3d4ced8e8210fa159c5a9,un_comtrade_preview,trade_flow,82,2025,,36,export_value,10273.21,"current USD",,"{""cmdCode"": ""82"", ""cmdDesc"": null, ""flowCode"": ""X"", ""partnerCode"": 862, ""partnerDesc"": null, ""reporterDesc"": null}",2026-08-19T10:46:19.844577+00:00
152,fe445ca08a59ff7e5fa541dfd862a4035ba763e03068873c7184a4f509b6714c,un_comtrade_preview,trade_flow,9111,2025,,36,export_value,3.866,"current USD",,"{""cmdCode"": ""9111"", ""cmdDesc"": null, ""flowCode"": ""X"", ""partnerCode"": 826, ""partnerDesc"": null, ""reporterDesc"": null}",2026-08-19T10:46:19.844577+00:00
153,8a905bd17a116fa8fd1b11361d96271b931ae189b836d6923b09797fb9a08a08,un_comtrade_preview,trade_flow,61,2025,,36,export_value,521.264,"current USD",,"{""cmdCode"": ""61"", ""cmdDesc"": null, ""flowCode"": ""X"", ""partnerCode"": 800, ""partnerDesc"": null, ""reporterDesc"": null}",2026-08-19T10:46:19.844577+00:00
154,a703a69f0ec804f1075a331b86ab7d3165104e7994733579d2d1e1247ff6af88,un_comtrade_preview,trade_flow,960190,2025,,36,export_value,2048.328,"current USD",,"{""cmdCode"": ""960190"", ""cmdDesc"": null, ""flowCode"": ""X"", ""partnerCode"": 764, ""partnerDesc"": null, ""reporterDesc"": null}",2026-08-19T10:46:19.844577+00:00
155,95979625f07e9ee4d6dfdaa27c588e9bd130f4a14dc48876639c3e6db90ba8a0,un_comtrade_preview,trade_flow,3902,2025,,36,export_value,354.382,"current USD",,"{""cmdCode"": ""3902"", ""cmdDesc"": null, ""flowCode"": ""X"", ""partnerCode"": 757, ""partnerDesc"": null, ""reporterDesc"": null}",2026-08-19T10:46:19.844577+00:00
156,3e1ffbc343a4f9c6bf7351203fb71c53aa6165b30a0de0a692f955dce80e6259,un_comtrade_preview,trade_flow,711790,2025,,36,export_value,16.108,"current USD",,"{""cmdCode"": ""711790"", ""cmdDesc"": null, ""flowCode"": ""X"", ""partnerCode"": 752, ""partnerDesc"": null, ""reporterDesc"": null}",2026-08-19T10:46:19.844577+00:00
157,7d9c6fd35c04aca6c0f0ec626580e41617fd17b75648d60a57151d8ca29fabfc,un_comtrade_preview,trade_flow,15,2025,,36,export_value,34975.563,"current USD",,"{""cmdCode"": ""15"", ""cmdDesc"": null, ""flowCode"": ""X"", ""partnerCode"": 757, ""partnerDesc"": null, ""reporterDesc"": null}",2026-08-19T10:46:19.844577+00:00
158,e35b585c14fd42231f33af7dbbba16a4c4228a7c581e7f58c022fb60e76cfe68,un_comtrade_preview,trade_flow,58,2025,,36,export_value,254.511,"current USD",,"{""cmdCode"": ""58"", ""cmdDesc"": null, ""flowCode"": ""X"", ""partnerCode"": 703, ""partnerDesc"": null, ""reporterDesc"": null}",2026-08-19T10:46:19.844577+00:00
159,f836cd829a8bd94047aea4d45a01e42a160f1bec16f55f8f0d090c6363e5556d,un_comtrade_preview,trade_flow,420310,2025,,36,export_value,1978.74,"current USD",,"{""cmdCode"": ""420310"", ""cmdDesc"": null, ""flowCode"": ""X"", ""partnerCode"": 703, ""partnerDesc"": null, ""reporterDesc"": null}",2026-08-19T10:46:19.844577+00:00
160,586953332f785d68e5129c446e068edd1532a9d70fb1a468ddc2a2aa3b7508c7,un_comtrade_preview,trade_flow,8543,2025,,36,export_value,38.66,"current USD",,"{""cmdCode"": ""8543"", ""cmdDesc"": null, ""flowCode"": ""X"", ""partnerCode"": 690, ""partnerDesc"": null, ""reporterDesc"": null}",2026-08-19T10:46:19.844577+00:00
161,ec8e219dbeb0bf37d9ad1317dd662e991900fc09cf8bcc61d5f1882736365ccf,un_comtrade_preview,trade_flow,6301,2025,,36,export_value,467.784,"current USD",,"{""cmdCode"": ""6301"", ""cmdDesc"": null, ""flowCode"": ""X"", ""partnerCode"": 642, ""partnerDesc"": null, ""reporterDesc"": null}",2026-08-19T10:46:19.844577+00:00
162,3e7618d67929b2695ac3e9e6d678cb1eb7da62e7a7be2d954a237ad72b30c41a,un_comtrade_preview,trade_flow,842490,2025,,36,export_value,10.309,"current USD",,"{""cmdCode"": ""842490"", ""cmdDesc"": null, ""flowCode"": ""X"", ""partnerCode"": 634, ""partnerDesc"": null, ""reporterDesc"": null}",2026-08-19T10:46:19.844577+00:00
163,2e53b576dbbfa32d1b330382749e82bd12d92f49a68650fa466ece041a823190,un_comtrade_preview,trade_flow,681599,2025,,36,export_value,42.526,"current USD",,"{""cmdCode"": ""681599"", ""cmdDesc"": null, ""flowCode"": ""X"", ""partnerCode"": 608, ""partnerDesc"": null, ""reporterDesc"": null}",2026-08-19T10:46:19.844577+00:00
164,fa9a89e99dc4aeaeea14680e48c5566106422c6bd7b514e87145096bbe57926e,un_comtrade_preview,trade_flow,9025,2025,,36,export_value,1306.058,"current USD",,"{""cmdCode"": ""9025"", ""cmdDesc"": null, ""flowCode"": ""X"", ""partnerCode"": 591, ""partnerDesc"": null, ""reporterDesc"": null}",2026-08-19T10:46:19.844577+00:00
165,dc6729f46d78f2e6525fa2092cab3aff301d559edceffa89a4e7378ad6d55b9b,un_comtrade_preview,trade_flow,55,2025,,36,export_value,4626.939,"current USD",,"{""cmdCode"": ""55"", ""cmdDesc"": null, ""flowCode"": ""X"", ""partnerCode"": 579, ""partnerDesc"": null, ""reporterDesc"": null}",2026-08-19T10:46:19.844577+00:00
166,33e347db69331bdfed5db9f9cb316059361750c238169ca050b8c4d43e7a473a,un_comtrade_preview,trade_flow,681511,2025,,36,export_value,102.449,"current USD",,"{""cmdCode"": ""681511"", ""cmdDesc"": null, ""flowCode"": ""X"", ""partnerCode"": 528, ""partnerDesc"": null, ""reporterDesc"": null}",2026-08-19T10:46:19.844577+00:00
167,87b7b2502f7f258bd1ee63c0a7042c9d93ce1638cdb87abb72d0fc548c140157,un_comtrade_preview,trade_flow,8522,2025,,36,export_value,2156.575,"current USD",,"{""cmdCode"": ""8522"", ""cmdDesc"": null, ""flowCode"": ""X"", ""partnerCode"": 440, ""partnerDesc"": null, ""reporterDesc"": null}",2026-08-19T10:46:19.844577+00:00
168,f633a40e2d30f002cf67e7d6e3c4f0f5fe8ffc4d539c1e0aaa169cb5d92c37cc,un_comtrade_preview,trade_flow,847990,2025,,36,export_value,236.469,"current USD",,"{""cmdCode"": ""847990"", ""cmdDesc"": null, ""flowCode"": ""X"", ""partnerCode"": 404, ""partnerDesc"": null, ""reporterDesc"": null}",2026-08-19T10:46:19.844577+00:00
169,a4a96e4183ef577cf307e0484f6a58b03963a7f92531c0981e5710dfffe2f5b0,un_comtrade_preview,trade_flow,8526,2025,,36,export_value,46.392,"current USD",,"{""cmdCode"": ""8526"", ""cmdDesc"": null, ""flowCode"": ""X"", ""partnerCode"": 388, ""partnerDesc"": null, ""reporterDesc"": null}",2026-08-19T10:46:19.844577+00:00
170,55889c1e0e92a5c10e9b9104f1d4957909a1b38b042d44cc8c588cc49639d67b,un_comtrade_preview,trade_flow,4901,2025,,36,export_value,46.392,"current USD",,"{""cmdCode"": ""4901"", ""cmdDesc"": null, ""flowCode"": ""X"", ""partnerCode"": 324, ""partnerDesc"": null, ""reporterDesc"": null}",2026-08-19T10:46:19.844577+00:00
171,9c2d7c925344df4b3e8879a47c44788a05c52c6898c8d0a1cb08e0ca0971ae01,un_comtrade_preview,trade_flow,6217,2025,,36,export_value,21.263,"current USD",,"{""cmdCode"": ""6217"", ""cmdDesc"": null, ""flowCode"": ""X"", ""partnerCode"": 300, ""partnerDesc"": null, ""reporterDesc"": null}",2026-08-19T10:46:19.844577+00:00
172,ee2c6b7828b3b9f73cc2f3bd2bbb4d26e5e877faa4a9682210746f90dce26cd4,un_comtrade_preview,trade_flow,852341,2025,,36,export_value,135.309,"current USD",,"{""cmdCode"": ""852341"", ""cmdDesc"": null, ""flowCode"": ""X"", ""partnerCode"": 410, ""partnerDesc"": null, ""reporterDesc"": null}",2026-08-19T10:46:19.844577+00:00
173,6520c04e34b0aa511c9d7aea97b9440c23511170a60ee7d9b649091986aac9de,un_comtrade_preview,trade_flow,8503,2025,,36,export_value,32.861,"current USD",,"{""cmdCode"": ""8503"", ""cmdDesc"": null, ""flowCode"": ""X"", ""partnerCode"": 170, ""partnerDesc"": null, ""reporterDesc"": null}",2026-08-19T10:46:19.844577+00:00
174,accc4ce897bd859761bd55fb01cc439363f53e41cda05d7b0624a230642a342f,un_comtrade_preview,trade_flow,7014,2025,,36,export_value,1.289,"current USD",,"{""cmdCode"": ""7014"", ""cmdDesc"": null, ""flowCode"": ""X"", ""partnerCode"": 124, ""partnerDesc"": null, ""reporterDesc"": null}",2026-08-19T10:46:19.844577+00:00
175,4810001c6533732e018441f45bff7046491d257f285d078c18b15e130aa218bf,un_comtrade_preview,trade_flow,7614,2025,,36,export_value,113.402,"current USD",,"{""cmdCode"": ""7614"", ""cmdDesc"": null, ""flowCode"": ""X"", ""partnerCode"": 124, ""partnerDesc"": null, ""reporterDesc"": null}",2026-08-19T10:46:19.844577+00:00
176,d44b23bd87e7f49c270f0c5056bcbc8df18ee6bc1f9ba163c6e553afab0c54ec,un_comtrade_preview,trade_flow,7108,2025,,36,export_value,38361551709.459,"current USD",,"{""cmdCode"": ""7108"", ""cmdDesc"": null, ""flowCode"": ""X"", ""partnerCode"": 0, ""partnerDesc"": null, ""reporterDesc"": null}",2026-08-19T10:46:19.844577+00:00
177,07037023e2a61690b827c9736c30f434923ef975d4a5ada33472480dc1208d8e,un_comtrade_preview,trade_flow,852910,2025,,36,export_value,208.763,"current USD",,"{""cmdCode"": ""852910"", ""cmdDesc"": null, ""flowCode"": ""X"", ""partnerCode"": 512, ""partnerDesc"": null, ""reporterDesc"": null}",2026-08-19T10:46:19.844577+00:00
178,7ad8e2c9fa537e4c556f11b6924db68b9c3bafefb5cbb79c4a0db7012359a566,un_comtrade_preview,trade_flow,441912,2025,,36,export_value,9.021,"current USD",,"{""cmdCode"": ""441912"", ""cmdDesc"": null, ""flowCode"": ""X"", ""partnerCode"": 528, ""partnerDesc"": null, ""reporterDesc"": null}",2026-08-19T10:46:19.844577+00:00
179,491fef362218af91e6f1ae04d124766865556ac9d01a9696df561b574481dcf7,un_comtrade_preview,trade_flow,300670,2025,,36,export_value,38.66,"current USD",,"{""cmdCode"": ""300670"", ""cmdDesc"": null, ""flowCode"": ""X"", ""partnerCode"": 540, ""partnerDesc"": null, ""reporterDesc"": null}",2026-08-19T10:46:19.844577+00:00
180,e5cfb8296f193b5e30a51cfc27517284d8f1a59f5be7eea3b11acee8c192a4f3,un_comtrade_preview,trade_flow,4103,2025,,36,export_value,16.108,"current USD",,"{""cmdCode"": ""4103"", ""cmdDesc"": null, ""flowCode"": ""X"", ""partnerCode"": 554, ""partnerDesc"": null, ""reporterDesc"": null}",2026-08-19T10:46:19.844577+00:00
181,d1f4376b6b2d1b410f9747e6b9df3baca726c6ab1e64eb8e2018ab38ab826bb1,un_comtrade_preview,trade_flow,710310,2025,,36,export_value,611.47,"current USD",,"{""cmdCode"": ""710310"", ""cmdDesc"": null, ""flowCode"": ""X"", ""partnerCode"": 558, ""partnerDesc"": null, ""reporterDesc"": null}",2026-08-19T10:46:19.844577+00:00
182,8610d8870101d9bc8981d89d9d5c0bb8961cf3654b1d707ba2eb2b67b396665c,un_comtrade_preview,trade_flow,7114,2025,,36,export_value,26.418,"current USD",,"{""cmdCode"": ""7114"", ""cmdDesc"": null, ""flowCode"": ""X"", ""partnerCode"": 579, ""partnerDesc"": null, ""reporterDesc"": null}",2026-08-19T10:46:19.844577+00:00
183,abf67fec24e0bf2405f2665d759cdbfe511a3824119cc3979eb83a53e38c4dda,un_comtrade_preview,trade_flow,711420,2025,,36,export_value,26.418,"current USD",,"{""cmdCode"": ""711420"", ""cmdDesc"": null, ""flowCode"": ""X"", ""partnerCode"": 579, ""partnerDesc"": null, ""reporterDesc"": null}",2026-08-19T10:46:19.844577+00:00
184,629a47c04279cf97d16f51c79d121bb7f6eb3d8c1380262161f523705947b500,un_comtrade_preview,trade_flow,853990,2025,,36,export_value,83.763,"current USD",,"{""cmdCode"": ""853990"", ""cmdDesc"": null, ""flowCode"": ""X"", ""partnerCode"": 591, ""partnerDesc"": null, ""reporterDesc"": null}",2026-08-19T10:46:19.844577+00:00
185,c7410e34e74fe3800954854a4d0bcc4f274a931fe83a5a145c92bc291645aa18,un_comtrade_preview,trade_flow,848190,2025,,36,export_value,318.299,"current USD",,"{""cmdCode"": ""848190"", ""cmdDesc"": null, ""flowCode"": ""X"", ""partnerCode"": 8, ""partnerDesc"": null, ""reporterDesc"": null}",2026-08-19T10:46:19.844577+00:00
186,f8e9d94d7d1d0ca97d4e033ff3ea06de4a4fb314aa9e86818bb27e918134e7d6,un_comtrade_preview,trade_flow,8310,2025,,36,export_value,14.175,"current USD",,"{""cmdCode"": ""8310"", ""cmdDesc"": null, ""flowCode"": ""X"", ""partnerCode"": 32, ""partnerDesc"": null, ""reporterDesc"": null}",2026-08-19T10:46:19.844577+00:00
187,daa9b73a303c856ed397f2f7bb5029e5aa64d2e7ccdabf97ad99f665717de2ed,un_comtrade_preview,trade_flow,831000,2025,,36,export_value,14.175,"current USD",,"{""cmdCode"": ""831000"", ""cmdDesc"": null, ""flowCode"": ""X"", ""partnerCode"": 32, ""partnerDesc"": null, ""reporterDesc"": null}",2026-08-19T10:46:19.844577+00:00
188,ab0beb28991c4b0e15e4f8cf3c55e4078c6ab1ba4ef5d53b4013c84336412b9c,un_comtrade_preview,trade_flow,850300,2025,,36,export_value,155.284,"current USD",,"{""cmdCode"": ""850300"", ""cmdDesc"": null, ""flowCode"": ""X"", ""partnerCode"": 32, ""partnerDesc"": null, ""reporterDesc"": null}",2026-08-19T10:46:19.844577+00:00
189,237c602c6d512dbb79b793521a2e67619ea79c6b9d7d5e534b4e1507f2c3b82a,un_comtrade_preview,trade_flow,911430,2025,,36,export_value,1610.183,"current USD",,"{""cmdCode"": ""911430"", ""cmdDesc"": null, ""flowCode"": ""X"", ""partnerCode"": 40, ""partnerDesc"": null, ""reporterDesc"": null}",2026-08-19T10:46:19.844577+00:00
190,00f5d0431e7f770ba4b6f461c6038cb1bea04be8c4ab75008cab3cf01ca9c16b,un_comtrade_preview,trade_flow,8204,2025,,36,export_value,3.866,"current USD",,"{""cmdCode"": ""8204"", ""cmdDesc"": null, ""flowCode"": ""X"", ""partnerCode"": 48, ""partnerDesc"": null, ""reporterDesc"": null}",2026-08-19T10:46:19.844577+00:00
191,1db60f8a2b2c13c735264bf28ecd30d84ac4ebc0df1cc42ea2665cf6293e70a2,un_comtrade_preview,trade_flow,7011,2025,,36,export_value,1413.662,"current USD",,"{""cmdCode"": ""7011"", ""cmdDesc"": null, ""flowCode"": ""X"", ""partnerCode"": 50, ""partnerDesc"": null, ""reporterDesc"": null}",2026-08-19T10:46:19.844577+00:00
192,31bd8cce8449f21d19d7dec76af549b07b4b47008e28e772a864247d1f81017c,un_comtrade_preview,trade_flow,848390,2025,,36,export_value,222.294,"current USD",,"{""cmdCode"": ""848390"", ""cmdDesc"": null, ""flowCode"": ""X"", ""partnerCode"": 50, ""partnerDesc"": null, ""reporterDesc"": null}",2026-08-19T10:46:19.844577+00:00
193,9613d2c092953858d7228b1256df12f49c198d758e7bb1e60fb6b37800a51e38,un_comtrade_preview,trade_flow,880710,2025,,36,export_value,465.851,"current USD",,"{""cmdCode"": ""880710"", ""cmdDesc"": null, ""flowCode"": ""X"", ""partnerCode"": 51, ""partnerDesc"": null, ""reporterDesc"": null}",2026-08-19T10:46:19.844577+00:00
194,8e3978d4befe491efc5c873a3b7edc12389a9229f14df33c3a27b08a1d466358,un_comtrade_preview,trade_flow,852990,2025,,36,export_value,734.537,"current USD",,"{""cmdCode"": ""852990"", ""cmdDesc"": null, ""flowCode"": ""X"", ""partnerCode"": 64, ""partnerDesc"": null, ""reporterDesc"": null}",2026-08-19T10:46:19.844577+00:00
195,3f7b771bc8f95cc0e6e9e1a9c4f4127e04c7ae11cf38422cd2b8453b0acd4d63,un_comtrade_preview,trade_flow,851779,2025,,36,export_value,21.907,"current USD",,"{""cmdCode"": ""851779"", ""cmdDesc"": null, ""flowCode"": ""X"", ""partnerCode"": 100, ""partnerDesc"": null, ""reporterDesc"": null}",2026-08-19T10:46:19.844577+00:00
196,7a52d34b65dea4e6acf36ce4a96b6983e0be7a21f6e9e649daa21f520c0fb3b9,un_comtrade_preview,trade_flow,6308,2025,,36,export_value,5.155,"current USD",,"{""cmdCode"": ""6308"", ""cmdDesc"": null, ""flowCode"": ""X"", ""partnerCode"": 124, ""partnerDesc"": null, ""reporterDesc"": null}",2026-08-19T10:46:19.844577+00:00
197,2fd214bb74b640d2609e8b95bae8daef8a33b7362d867607cc300d05f340eb66,un_comtrade_preview,trade_flow,701400,2025,,36,export_value,1.289,"current USD",,"{""cmdCode"": ""701400"", ""cmdDesc"": null, ""flowCode"": ""X"", ""partnerCode"": 124, ""partnerDesc"": null, ""reporterDesc"": null}",2026-08-19T10:46:19.844577+00:00
198,8d1147a8ca307a1b647443e2d9a37a4b90a82ed736c4768dadccba673f1dad2c,un_comtrade_preview,trade_flow,7608,2025,,36,export_value,4567.661,"current USD",,"{""cmdCode"": ""7608"", ""cmdDesc"": null, ""flowCode"": ""X"", ""partnerCode"": 124, ""partnerDesc"": null, ""reporterDesc"": null}",2026-08-19T10:46:19.844577+00:00
199,5d5760796080011985f1c420e9ed35555c470c2041c8da82f29fe49c5183f044,un_comtrade_preview,trade_flow,854190,2025,,36,export_value,59.923,"current USD",,"{""cmdCode"": ""854190"", ""cmdDesc"": null, ""flowCode"": ""X"", ""partnerCode"": 152, ""partnerDesc"": null, ""reporterDesc"": null}",2026-08-19T10:46:19.844577+00:00
200,21f3769adde7305a034544c5542a62a7e6bdfa4dbdcaa68756e82a28300bd33f,un_comtrade_preview,trade_flow,91,2025,,36,export_value,8521.274,"current USD",,"{""cmdCode"": ""91"", ""cmdDesc"": null, ""flowCode"": ""X"", ""partnerCode"": 882, ""partnerDesc"": null, ""reporterDesc"": null}",2026-08-19T10:46:19.844577+00:00
201,272cfe111c80e3796a561b45e1d61cb8604ed16c7d2ebf9777b8fcd2e8e94627,un_comtrade_preview,trade_flow,24,2025,,36,export_value,545128.316,"current USD",,"{""cmdCode"": ""24"", ""cmdDesc"": null, ""flowCode"": ""X"", ""partnerCode"": 842, ""partnerDesc"": null, ""reporterDesc"": null}",2026-08-19T10:46:19.844577+00:00
202,ba0cdaf25a15984f65c8d70a1a8011904b0b4e80f55c6d58d14963762be25a79,un_comtrade_preview,trade_flow,44,2025,,36,export_value,18.686,"current USD",,"{""cmdCode"": ""44"", ""cmdDesc"": null, ""flowCode"": ""X"", ""partnerCode"": 780, ""partnerDesc"": null, ""reporterDesc"": null}",2026-08-19T10:46:19.844577+00:00
203,e716c4597dde98e9a8103b3a4af4548aa72d29f0613bd688e788dc11e156dd8c,un_comtrade_preview,trade_flow,88,2025,,36,export_value,60077.401,"current USD",,"{""cmdCode"": ""88"", ""cmdDesc"": null, ""flowCode"": ""X"", ""partnerCode"": 688, ""partnerDesc"": null, ""reporterDesc"": null}",2026-08-19T10:46:19.844577+00:00
204,8330df2fbe8ec307470b67bb8de2a819e8a89d25df47a2e19c63659405cec6e8,un_comtrade_preview,trade_flow,710391,2025,,36,export_value,51377.647,"current USD",,"{""cmdCode"": ""710391"", ""cmdDesc"": null, ""flowCode"": ""X"", ""partnerCode"": 757, ""partnerDesc"": null, ""reporterDesc"": null}",2026-08-19T10:46:19.844577+00:00
205,4e0310d9729fecb25643cd05df996475dfdcb9c7e326633a828709f73bcfcce4,un_comtrade_preview,trade_flow,8529,2025,,36,export_value,225.516,"current USD",,"{""cmdCode"": ""8529"", ""cmdDesc"": null, ""flowCode"": ""X"", ""partnerCode"": 620, ""partnerDesc"": null, ""reporterDesc"": null}",2026-08-19T10:46:19.844577+00:00
206,be7e993eaf629f11d97c44865397599f7d9bd537fb3db6e66bb4fa29ef89a639,un_comtrade_preview,trade_flow,2914,2025,,36,export_value,1202.966,"current USD",,"{""cmdCode"": ""2914"", ""cmdDesc"": null, ""flowCode"": ""X"", ""partnerCode"": 583, ""partnerDesc"": null, ""reporterDesc"": null}",2026-08-19T10:46:19.844577+00:00
207,7e2aa1b12ddaac632ee32cf495eaf0d8f68929a7aafc8a4d569b5ff3801c6aa0,un_comtrade_preview,trade_flow,711320,2025,,36,export_value,220.361,"current USD",,"{""cmdCode"": ""711320"", ""cmdDesc"": null, ""flowCode"": ""X"", ""partnerCode"": 531, ""partnerDesc"": null, ""reporterDesc"": null}",2026-08-19T10:46:19.844577+00:00
208,e1d51b41b4dae2b6fd2fbe6a4b63e60a8d64eecb58410c3ed0bdcf9b7d216ff6,un_comtrade_preview,trade_flow,01,2025,,36,export_value,19329.923,"current USD",,"{""cmdCode"": ""01"", ""cmdDesc"": null, ""flowCode"": ""X"", ""partnerCode"": 490, ""partnerDesc"": null, ""reporterDesc"": null}",2026-08-19T10:46:19.844577+00:00
209,6aded19150e716f293c3753d229202067416eb975991252b66fb7ab3c02daa27,un_comtrade_preview,trade_flow,2833,2025,,36,export_value,31980.069,"current USD",,"{""cmdCode"": ""2833"", ""cmdDesc"": null, ""flowCode"": ""X"", ""partnerCode"": 466, ""partnerDesc"": null, ""reporterDesc"": null}",2026-08-19T10:46:19.844577+00:00
210,d8f72a3469b51fcfc162617831c82e8bc1f0cbe6d1dc90ba929131a7744a96a0,un_comtrade_preview,trade_flow,67,2025,,36,export_value,1978.74,"current USD",,"{""cmdCode"": ""67"", ""cmdDesc"": null, ""flowCode"": ""X"", ""partnerCode"": 446, ""partnerDesc"": null, ""reporterDesc"": null}",2026-08-19T10:46:19.844577+00:00
211,8d6afd3f0ef7dd12f1b9f56b965a5b9e5164b739b99f8c41de1907f23cafb765,un_comtrade_preview,trade_flow,27,2025,,36,export_value,837.63,"current USD",,"{""cmdCode"": ""27"", ""cmdDesc"": null, ""flowCode"": ""X"", ""partnerCode"": 434, ""partnerDesc"": null, ""reporterDesc"": null}",2026-08-19T10:46:19.844577+00:00
212,1d0966711f27eeaefc388e03c132b7625901f8cca08da8f0518b7178e35ac4b3,un_comtrade_preview,trade_flow,710491,2025,,36,export_value,191.366,"current USD",,"{""cmdCode"": ""710491"", ""cmdDesc"": null, ""flowCode"": ""X"", ""partnerCode"": 418, ""partnerDesc"": null, ""reporterDesc"": null}",2026-08-19T10:46:19.844577+00:00
213,f507a89f292bb7f1559de2c6f65dd04cddfb3f559110804eee41d9e304f75ab9,un_comtrade_preview,trade_flow,691490,2025,,36,export_value,228.093,"current USD",,"{""cmdCode"": ""691490"", ""cmdDesc"": null, ""flowCode"": ""X"", ""partnerCode"": 348, ""partnerDesc"": null, ""reporterDesc"": null}",2026-08-19T10:46:19.844577+00:00
214,4a298edccaa33d347035ebab49acedf37de9590dc055d20fec4ca61293b3b46c,un_comtrade_preview,trade_flow,8414,2025,,36,export_value,11.598,"current USD",,"{""cmdCode"": ""8414"", ""cmdDesc"": null, ""flowCode"": ""X"", ""partnerCode"": 340, ""partnerDesc"": null, ""reporterDesc"": null}",2026-08-19T10:46:19.844577+00:00
215,7d1669a8c66a6597a6ddbf2c8d9fa96934fe7988a2ae02ba3fac7e398c87ef91,un_comtrade_preview,trade_flow,47,2025,,36,export_value,0.644,"current USD",,"{""cmdCode"": ""47"", ""cmdDesc"": null, ""flowCode"": ""X"", ""partnerCode"": 344, ""partnerDesc"": null, ""reporterDesc"": null}",2026-08-19T10:46:19.844577+00:00
216,3d2e9aaa31bc46be0d570b8744ea5e699d039d35c19d474e51aada9d6a6b75eb,un_comtrade_preview,trade_flow,9114,2025,,36,export_value,0.644,"current USD",,"{""cmdCode"": ""9114"", ""cmdDesc"": null, ""flowCode"": ""X"", ""partnerCode"": 258, ""partnerDesc"": null, ""reporterDesc"": null}",2026-08-19T10:46:19.844577+00:00
217,31b5cf0a3755d5c62ea4ed3522b27502c9ddc341479c62670e49c73760b781a7,world_bank_api,indicator,"Merchandise exports (current US$)",2025-12-31,,ZH,TX.VAL.MRCH.CD.WT,282558617021.505,"current USD",,"{""country_name"": ""Africa Eastern and Southern"", ""source"": ""World Development Indicators""}",2026-08-19T10:55:41.969097+00:00
218,8f72de3ea01119faa460fab28941090c3ba892fda41a5af848a39a8020d944f4,world_bank_api,indicator,"Merchandise exports (current US$)",2024-12-31,,ZH,TX.VAL.MRCH.CD.WT,268640444436.979,"current USD",,"{""country_name"": ""Africa Eastern and Southern"", ""source"": ""World Development Indicators""}",2026-08-19T10:55:41.969097+00:00
219,ffadefa4719c98d825e5c23642d76467522da46d797f38953539c45e79eb8c6e,world_bank_api,indicator,"Merchandise exports (current US$)",2023-12-31,,ZH,TX.VAL.MRCH.CD.WT,259682846154.149,"current USD",,"{""country_name"": ""Africa Eastern and Southern"", ""source"": ""World Development Indicators""}",2026-08-19T10:55:41.969097+00:00
220,9985a5f32a0232321539d04b522f424c425a2fcc804e07ac89a076205f56b058,world_bank_api,indicator,"Merchandise exports (current US$)",2025-12-31,,ZI,TX.VAL.MRCH.CD.WT,204102000000.0,"current USD",,"{""country_name"": ""Africa Western and Central"", ""source"": ""World Development Indicators""}",2026-08-19T10:55:41.969097+00:00
221,e8f07d00b3082426cb864b18699466491595b91144f63803a241ac08bd9e62c0,world_bank_api,indicator,"Merchandise exports (current US$)",2024-12-31,,ZI,TX.VAL.MRCH.CD.WT,168940000000.0,"current USD",,"{""country_name"": ""Africa Western and Central"", ""source"": ""World Development Indicators""}",2026-08-19T10:55:41.969097+00:00
222,a173a920c2ced64c92f4d07e8af6b735a53cf16fc31a7adf2b5c8c8086dbaf8a,world_bank_api,indicator,"Merchandise exports (current US$)",2023-12-31,,ZI,TX.VAL.MRCH.CD.WT,163602000000.0,"current USD",,"{""country_name"": ""Africa Western and Central"", ""source"": ""World Development Indicators""}",2026-08-19T10:55:41.969097+00:00
223,607b0c93e5efb5aea34e8e9f88d8ed84c3571d4c22e25f49350ecdfb6964f602,world_bank_api,indicator,"Merchandise exports (current US$)",2025-12-31,,1A,TX.VAL.MRCH.CD.WT,1592317964283.2,"current USD",,"{""country_name"": ""Arab World"", ""source"": ""World Development Indicators""}",2026-08-19T10:55:41.969097+00:00
224,6ec8dcbbc03b2d830a491d01033a91a8df94f575f8d96541bec8f79b3d45b979,world_bank_api,indicator,"Merchandise exports (current US$)",2024-12-31,,1A,TX.VAL.MRCH.CD.WT,1496696435409.8,"current USD",,"{""country_name"": ""Arab World"", ""source"": ""World Development Indicators""}",2026-08-19T10:55:41.969097+00:00
225,2d8cdd9298e9b2316f0f51a393ac323b4999d90f886d94396728badb639df1bb,world_bank_api,indicator,"Merchandise exports (current US$)",2023-12-31,,1A,TX.VAL.MRCH.CD.WT,1484423001226.84,"current USD",,"{""country_name"": ""Arab World"", ""source"": ""World Development Indicators""}",2026-08-19T10:55:41.969097+00:00
226,fc87fee16a2f2fc4ce0bf43e1add2c1270dd3856b8074ef8f5787148afb318ed,world_bank_api,indicator,"Merchandise exports (current US$)",2025-12-31,,S3,TX.VAL.MRCH.CD.WT,30029000000.0,"current USD",,"{""country_name"": ""Caribbean small states"", ""source"": ""World Development Indicators""}",2026-08-19T10:55:41.969097+00:00
227,933e292eb95c21a7529691ad750912ed633573f1d2affadb490a655e6e470413,world_bank_api,indicator,"Merchandise exports (current US$)",2024-12-31,,S3,TX.VAL.MRCH.CD.WT,31086000000.0,"current USD",,"{""country_name"": ""Caribbean small states"", ""source"": ""World Development Indicators""}",2026-08-19T10:55:41.969097+00:00
228,05782e3edf5accbc6157375250ee168fe663f1e9beb1ce590f080cd2f62e2b79,world_bank_api,indicator,"Merchandise exports (current US$)",2023-12-31,,S3,TX.VAL.MRCH.CD.WT,25315000000.0,"current USD",,"{""country_name"": ""Caribbean small states"", ""source"": ""World Development Indicators""}",2026-08-19T10:55:41.969097+00:00
229,d08fe445f4383842d6c5938cea828d645a12f9db49a72cd57c26539ce121db2f,world_bank_api,indicator,"Merchandise exports (current US$)",2025-12-31,,B8,TX.VAL.MRCH.CD.WT,1358958000000.0,"current USD",,"{""country_name"": ""Central Europe and the Baltics"", ""source"": ""World Development Indicators""}",2026-08-19T10:55:41.969097+00:00
230,fcdce451b55b55220ab79f8b3f4c9578d6dbae64bc1571cf034fc5d386f1c2a1,world_bank_api,indicator,"Merchandise exports (current US$)",2024-12-31,,B8,TX.VAL.MRCH.CD.WT,1253385000000.0,"current USD",,"{""country_name"": ""Central Europe and the Baltics"", ""source"": ""World Development Indicators""}",2026-08-19T10:55:41.969097+00:00
231,b5a57d235d6f9e04148126918b0318492d7d469e9c5b516d4f4fddaf6ef49fec,world_bank_api,indicator,"Merchandise exports (current US$)",2023-12-31,,B8,TX.VAL.MRCH.CD.WT,1250705000000.0,"current USD",,"{""country_name"": ""Central Europe and the Baltics"", ""source"": ""World Development Indicators""}",2026-08-19T10:55:41.969097+00:00
232,4f01d74d0a2e645e2d551a884a42070ac8248ae7252597c60ba0045748e10757,world_bank_api,indicator,"Merchandise exports (current US$)",2025-12-31,,V2,TX.VAL.MRCH.CD.WT,3118307759443.03,"current USD",,"{""country_name"": ""Early-demographic dividend"", ""source"": ""World Development Indicators""}",2026-08-19T10:55:41.969097+00:00
233,4cfbb7d12e81ceb07c7526e9855c2f9fcf72503aac670592ed297613bb823279,world_bank_api,indicator,"Merchandise exports (current US$)",2024-12-31,,V2,TX.VAL.MRCH.CD.WT,2959405285663.19,"current USD",,"{""country_name"": ""Early-demographic dividend"", ""source"": ""World Development Indicators""}",2026-08-19T10:55:41.969097+00:00
234,b4775e74109a5184b599e313f1306eea0ed29ade83721b5c602ac4461b98a515,world_bank_api,indicator,"Merchandise exports (current US$)",2023-12-31,,V2,TX.VAL.MRCH.CD.WT,2879338892692.7,"current USD",,"{""country_name"": ""Early-demographic dividend"", ""source"": ""World Development Indicators""}",2026-08-19T10:55:41.969097+00:00
235,bfa597ad4d33eabe7465a9f4975488c40f872fd7cef60c1cf036ea3373714cf2,world_bank_api,indicator,"Merchandise exports (current US$)",2025-12-31,,Z4,TX.VAL.MRCH.CD.WT,9227717347348.79,"current USD",,"{""country_name"": ""East Asia & Pacific"", ""source"": ""World Development Indicators""}",2026-08-19T10:55:41.969097+00:00
236,8e1814b821e6a6d4cf7442f974e42ea01a35f9c18017864dd0050b693454a36e,world_bank_api,indicator,"Merchandise exports (current US$)",2024-12-31,,Z4,TX.VAL.MRCH.CD.WT,8447124317965.78,"current USD",,"{""country_name"": ""East Asia & Pacific"", ""source"": ""World Development Indicators""}",2026-08-19T10:55:41.969097+00:00
237,daaa20d27ab7fac029a5a2e573f0ebeae7f58fb5cf670587231aea292036b99c,world_bank_api,indicator,"Merchandise exports (current US$)",2023-12-31,,Z4,TX.VAL.MRCH.CD.WT,8000362301148.81,"current USD",,"{""country_name"": ""East Asia & Pacific"", ""source"": ""World Development Indicators""}",2026-08-19T10:55:41.969097+00:00
238,c11aed2e833bd68b6d81b108e1554eae038f08f195d6af1a1e6ac72d3ce52589,world_bank_api,indicator,"Merchandise exports (current US$)",2025-12-31,,4E,TX.VAL.MRCH.CD.WT,5420163370499.86,"current USD",,"{""country_name"": ""East Asia & Pacific (excluding high income)"", ""source"": ""World Development Indicators""}",2026-08-19T10:55:41.969097+00:00
239,d4c61f0de27aae73e973cf4506e98d74552b68add5e9ed48656b75473815d08a,world_bank_api,indicator,"Merchandise exports (current US$)",2024-12-31,,4E,TX.VAL.MRCH.CD.WT,5033027344036.85,"current USD",,"{""country_name"": ""East Asia & Pacific (excluding high income)"", ""source"": ""World Development Indicators""}",2026-08-19T10:55:41.969097+00:00
240,21340189ce086b18cb0ad418943978ddec506fcdb06aad429d1bcc7768b121a0,world_bank_api,indicator,"Merchandise exports (current US$)",2023-12-31,,4E,TX.VAL.MRCH.CD.WT,4739871323997.92,"current USD",,"{""country_name"": ""East Asia & Pacific (excluding high income)"", ""source"": ""World Development Indicators""}",2026-08-19T10:55:41.969097+00:00
241,c73ee8aa5f7dedeea82be33fa7aa5906611602ab5b4333f87b1666cfbaf7480c,world_bank_api,indicator,"Merchandise exports (current US$)",2025-12-31,,T4,TX.VAL.MRCH.CD.WT,5419586370955.0,"current USD",,"{""country_name"": ""East Asia & Pacific (IDA & IBRD countries)"", ""source"": ""World Development Indicators""}",2026-08-19T10:55:41.969097+00:00
242,fed54978784851824e6cb7c28a29415088eb2f1492679da479c2815c0ea8e901,world_bank_api,indicator,"Merchandise exports (current US$)",2024-12-31,,T4,TX.VAL.MRCH.CD.WT,5032704344474.04,"current USD",,"{""country_name"": ""East Asia & Pacific (IDA & IBRD countries)"", ""source"": ""World Development Indicators""}",2026-08-19T10:55:41.969097+00:00
243,ed919f21ab1922cc63e995049822d5bd23a560f1ad2d5c513a9625078c4b9410,world_bank_api,indicator,"Merchandise exports (current US$)",2023-12-31,,T4,TX.VAL.MRCH.CD.WT,4739586324410.96,"current USD",,"{""country_name"": ""East Asia & Pacific (IDA & IBRD countries)"", ""source"": ""World Development Indicators""}",2026-08-19T10:55:41.969097+00:00
244,9f61f2c5ede454982982927e5c0539ccc5a66952d39b513510d52f5a3a206262,world_bank_api,indicator,"Merchandise exports (current US$)",2025-12-31,,XC,TX.VAL.MRCH.CD.WT,6331772000000.0,"current USD",,"{""country_name"": ""Euro area"", ""source"": ""World Development Indicators""}",2026-08-19T10:55:41.969097+00:00
245,77cd3fc6a8536e95715c6236ea830a0add96a5ced88e57977f4f0b7838923c9c,world_bank_api,indicator,"Merchandise exports (current US$)",2024-12-31,,XC,TX.VAL.MRCH.CD.WT,5940224000000.0,"current USD",,"{""country_name"": ""Euro area"", ""source"": ""World Development Indicators""}",2026-08-19T10:55:41.969097+00:00
246,976bbdbdc5b8910f80f8c0bfb691303450e188d3a546e4d594d8382153f44ddc,world_bank_api,indicator,"Merchandise exports (current US$)",2023-12-31,,XC,TX.VAL.MRCH.CD.WT,5994274000000.0,"current USD",,"{""country_name"": ""Euro area"", ""source"": ""World Development Indicators""}",2026-08-19T10:55:41.969097+00:00
247,6bea8d24229b575e3aabdfce6ac640b18c2786f51870bc8f80e0ff085afe87f3,world_bank_api,indicator,"Merchandise exports (current US$)",2025-12-31,,Z7,TX.VAL.MRCH.CD.WT,9968926924734.38,"current USD",,"{""country_name"": ""Europe & Central Asia"", ""source"": ""World Development Indicators""}",2026-08-19T10:55:41.969097+00:00
248,c42ed0493dba2408490e3b5c213a3955d996c4ae4503ea849c5a41363f091d50,world_bank_api,indicator,"Merchandise exports (current US$)",2024-12-31,,Z7,TX.VAL.MRCH.CD.WT,9338611759324.65,"current USD",,"{""country_name"": ""Europe & Central Asia"", ""source"": ""World Development Indicators""}",2026-08-19T10:55:41.969097+00:00
249,b01c45488fd7e114ec6202da3a207e1a819386f9da777d5863a57227a5e8274d,world_bank_api,indicator,"Merchandise exports (current US$)",2023-12-31,,Z7,TX.VAL.MRCH.CD.WT,9350565717215.31,"current USD",,"{""country_name"": ""Europe & Central Asia"", ""source"": ""World Development Indicators""}",2026-08-19T10:55:41.969097+00:00
250,1ec4224c8967d7ccddc1c5182e6a84f97e5e3ce43279980100b22da2eccf4e11,world_bank_api,indicator,"Merchandise exports (current US$)",2025-12-31,,7E,TX.VAL.MRCH.CD.WT,584922026448.701,"current USD",,"{""country_name"": ""Europe & Central Asia (excluding high income)"", ""source"": ""World Development Indicators""}",2026-08-19T10:55:41.969097+00:00
251,09f84fc98f1900d8a2b18a8394409540c52d0a90ae0dc3aa1c4af063168c614f,world_bank_api,indicator,"Merchandise exports (current US$)",2024-12-31,,7E,TX.VAL.MRCH.CD.WT,572152412244.226,"current USD",,"{""country_name"": ""Europe & Central Asia (excluding high income)"", ""source"": ""World Development Indicators""}",2026-08-19T10:55:41.969097+00:00
252,81f23493d69a570c5ef74665f28dafacb41d3ce131f6b762b8cf5050f47bb9f4,world_bank_api,indicator,"Merchandise exports (current US$)",2023-12-31,,7E,TX.VAL.MRCH.CD.WT,560396116441.298,"current USD",,"{""country_name"": ""Europe & Central Asia (excluding high income)"", ""source"": ""World Development Indicators""}",2026-08-19T10:55:41.969097+00:00
253,0d02682ef0dc3fb63823f30af92e2a5d339676c3dd138eb318ae45083cf9e57b,world_bank_api,indicator,"Merchandise exports (current US$)",2025-12-31,,T7,TX.VAL.MRCH.CD.WT,1604004467647.34,"current USD",,"{""country_name"": ""Europe & Central Asia (IDA & IBRD countries)"", ""source"": ""World Development Indicators""}",2026-08-19T10:55:41.969097+00:00
254,d7a4f3be7ea886be36a28d1f3e537c43744216b5728050fa04db42251d33ae65,world_bank_api,indicator,"Merchandise exports (current US$)",2024-12-31,,T7,TX.VAL.MRCH.CD.WT,1562775154386.74,"current USD",,"{""country_name"": ""Europe & Central Asia (IDA & IBRD countries)"", ""source"": ""World Development Indicators""}",2026-08-19T10:55:41.969097+00:00
255,ae1494288a83e7d219978b61a0a187fc80fc4b5531cf34670e9f5b3a5cc9db58,world_bank_api,indicator,"Merchandise exports (current US$)",2023-12-31,,T7,TX.VAL.MRCH.CD.WT,1540164111000.2,"current USD",,"{""country_name"": ""Europe & Central Asia (IDA & IBRD countries)"", ""source"": ""World Development Indicators""}",2026-08-19T10:55:41.969097+00:00
256,d1c83cf786eaa37960ccd17013fab51d242127f8f2cba442be79c43658f9a843,world_bank_api,indicator,"Merchandise exports (current US$)",2025-12-31,,EU,TX.VAL.MRCH.CD.WT,7663970000000.0,"current USD",,"{""country_name"": ""European Union"", ""source"": ""World Development Indicators""}",2026-08-19T10:55:41.969097+00:00
257,4006c2882ff0c2e288d63bf1f2740ab046c4ab3e5807fdb68b224cb668476fba,world_bank_api,indicator,"Merchandise exports (current US$)",2024-12-31,,EU,TX.VAL.MRCH.CD.WT,7174752000000.0,"current USD",,"{""country_name"": ""European Union"", ""source"": ""World Development Indicators""}",2026-08-19T10:55:41.969097+00:00
258,eca16e23260dbd68a4c136df9099f96847a6d0ae9369affe0d3cd10d4df7fdac,world_bank_api,indicator,"Merchandise exports (current US$)",2023-12-31,,EU,TX.VAL.MRCH.CD.WT,7222915000000.0,"current USD",,"{""country_name"": ""European Union"", ""source"": ""World Development Indicators""}",2026-08-19T10:55:41.969097+00:00
259,cb0a814e1bb2e6b57665bc959a3d3969a14df4927c959ab23c3b3fdc03af8262,world_bank_api,indicator,"Merchandise exports (current US$)",2025-12-31,,XE,TX.VAL.MRCH.CD.WT,279708000000.0,"current USD",,"{""country_name"": ""Heavily indebted poor countries (HIPC)"", ""source"": ""World Development Indicators""}",2026-08-19T10:55:41.969097+00:00
260,d21c80b8f299326525f9d1784e6d702623ed3e6db5e5cb0761c9d3df77f79721,world_bank_api,indicator,"Merchandise exports (current US$)",2024-12-31,,XE,TX.VAL.MRCH.CD.WT,232367000000.0,"current USD",,"{""country_name"": ""Heavily indebted poor countries (HIPC)"", ""source"": ""World Development Indicators""}",2026-08-19T10:55:41.969097+00:00
261,52a72254f5e74e3739244fe031ec3403a7b1baec5d2d8e3433538509fa932673,world_bank_api,indicator,"Merchandise exports (current US$)",2023-12-31,,XE,TX.VAL.MRCH.CD.WT,212745000000.0,"current USD",,"{""country_name"": ""Heavily indebted poor countries (HIPC)"", ""source"": ""World Development Indicators""}",2026-08-19T10:55:41.969097+00:00
262,307d4291d9a5f60000aaa83061ffae72a09f56cbab561f5ad4a0bda4f1a4474d,world_bank_api,indicator,"Merchandise exports (current US$)",2025-12-31,,XD,TX.VAL.MRCH.CD.WT,17547041948433.7,"current USD",,"{""country_name"": ""High income"", ""source"": ""World Development Indicators""}",2026-08-19T10:55:41.969097+00:00
263,858b03e1b34344bc1f5eec38075b8f1bfe41a13923a6d85499aeed30f96bce2b,world_bank_api,indicator,"Merchandise exports (current US$)",2024-12-31,,XD,TX.VAL.MRCH.CD.WT,16319984908278.2,"current USD",,"{""country_name"": ""High income"", ""source"": ""World Development Indicators""}",2026-08-19T10:55:41.969097+00:00
264,180af800d8e2c513feb1173cba4f0a12ec92938cc1a13659a5659a9f6c4f700f,world_bank_api,indicator,"Merchandise exports (current US$)",2023-12-31,,XD,TX.VAL.MRCH.CD.WT,16122304345724.1,"current USD",,"{""country_name"": ""High income"", ""source"": ""World Development Indicators""}",2026-08-19T10:55:41.969097+00:00
265,67f3f42881512b230c5cf7f1c37189c7f9a4d861642fd678fdd2e6e1d4df9d53,world_bank_api,indicator,"Merchandise exports (current US$)",2025-12-31,,XF,TX.VAL.MRCH.CD.WT,9466854000000.0,"current USD",,"{""country_name"": ""IBRD only"", ""source"": ""World Development Indicators""}",2026-08-19T10:55:41.969097+00:00
266,65b20f55b98da31d5fa9fcaa6fa102034885a670d8bc9fabeac2438a1a54a878,world_bank_api,indicator,"Merchandise exports (current US$)",2024-12-31,,XF,TX.VAL.MRCH.CD.WT,8957700000000.0,"current USD",,"{""country_name"": ""IBRD only"", ""source"": ""World Development Indicators""}",2026-08-19T10:55:41.969097+00:00
267,0860acef62f0db74401e29301e2970da7be6a345143c538f09f4708517f5884a,world_bank_api,indicator,"Merchandise exports (current US$)",2023-12-31,,XF,TX.VAL.MRCH.CD.WT,8568007000000.0,"current USD",,"{""country_name"": ""IBRD only"", ""source"": ""World Development Indicators""}",2026-08-19T10:55:41.969097+00:00
268,f0687f9e4229e0631303324ed3ec1ca32079482cd6ea8aee784f147f665815a4,world_bank_api,indicator,"Merchandise exports (current US$)",2025-12-31,,ZT,TX.VAL.MRCH.CD.WT,10031913303216.4,"current USD",,"{""country_name"": ""IDA & IBRD total"", ""source"": ""World Development Indicators""}",2026-08-19T10:55:41.969097+00:00
269,cf42772a165aff6da34bf489f3e0acf983719cdb5a017b75252e705ec8a4002d,world_bank_api,indicator,"Merchandise exports (current US$)",2024-12-31,,ZT,TX.VAL.MRCH.CD.WT,9456234471167.88,"current USD",,"{""country_name"": ""IDA & IBRD total"", ""source"": ""World Development Indicators""}",2026-08-19T10:55:41.969097+00:00
270,484e954374cb8f88ce7e20dbd4b0b6b6b316efedda520bfe741d9e10ddf24579,world_bank_api,indicator,"Merchandise exports (current US$)",2023-12-31,,ZT,TX.VAL.MRCH.CD.WT,9029814449643.02,"current USD",,"{""country_name"": ""IDA & IBRD total"", ""source"": ""World Development Indicators""}",2026-08-19T10:55:41.969097+00:00
271,3510127e6e7aec6ecfbf9719b633266f3a9a992f0afd71f873fd2a527e059006,world_bank_api,indicator,"Merchandise exports (current US$)",2025-12-31,,XH,TX.VAL.MRCH.CD.WT,191597000000.0,"current USD",,"{""country_name"": ""IDA blend"", ""source"": ""World Development Indicators""}",2026-08-19T10:55:41.969097+00:00
272,2069607b9c76342bc9e8f4f210b25b2b7989fb7fce2d72925ce66344c6b0753e,world_bank_api,indicator,"Merchandise exports (current US$)",2024-12-31,,XH,TX.VAL.MRCH.CD.WT,174565000000.0,"current USD",,"{""country_name"": ""IDA blend"", ""source"": ""World Development Indicators""}",2026-08-19T10:55:41.969097+00:00
273,8f67e89a37c7e072fb524af445cdb6c546c87398e7e1e2cbeab5d6b02bdc1b08,world_bank_api,indicator,"Merchandise exports (current US$)",2023-12-31,,XH,TX.VAL.MRCH.CD.WT,169237000000.0,"current USD",,"{""country_name"": ""IDA blend"", ""source"": ""World Development Indicators""}",2026-08-19T10:55:41.969097+00:00
274,f0f3184995582bb9440cb74394568131f73d96148ae29683f4cc023ee1120386,world_bank_api,indicator,"Merchandise exports (current US$)",2025-12-31,,XI,TX.VAL.MRCH.CD.WT,374954448038.687,"current USD",,"{""country_name"": ""IDA only"", ""source"": ""World Development Indicators""}",2026-08-19T10:55:41.969097+00:00
275,f0a4094dec43c0dd10c9a2554f4dcefe01428fbad010094501a39cc8b4234287,world_bank_api,indicator,"Merchandise exports (current US$)",2024-12-31,,XI,TX.VAL.MRCH.CD.WT,325070841698.348,"current USD",,"{""country_name"": ""IDA only"", ""source"": ""World Development Indicators""}",2026-08-19T10:55:41.969097+00:00
276,2a9bb9e0e60baad18bdf025645ab120223bd83b66792169afb1912058f1b9405,world_bank_api,indicator,"Merchandise exports (current US$)",2023-12-31,,XI,TX.VAL.MRCH.CD.WT,293439578886.109,"current USD",,"{""country_name"": ""IDA only"", ""source"": ""World Development Indicators""}",2026-08-19T10:55:41.969097+00:00
277,86903e4414e251f7b77fd180c8e2c376a92536cd3b6945d82704f90e2c7921f6,world_bank_api,indicator,"Merchandise exports (current US$)",2025-12-31,,XG,TX.VAL.MRCH.CD.WT,565680866284.773,"current USD",,"{""country_name"": ""IDA total"", ""source"": ""World Development Indicators""}",2026-08-19T10:55:41.969097+00:00
278,bdd6eaafd3ed5a84ea95ef6534ed9f0eef985b2d2d5939478722bfe250877b99,world_bank_api,indicator,"Merchandise exports (current US$)",2024-12-31,,XG,TX.VAL.MRCH.CD.WT,498928637514.996,"current USD",,"{""country_name"": ""IDA total"", ""source"": ""World Development Indicators""}",2026-08-19T10:55:41.969097+00:00
279,b99d262fe0b8de1cba0a72811a7a68b767ca17ad40cd58037beac8eff350d96d,world_bank_api,indicator,"Merchandise exports (current US$)",2023-12-31,,XG,TX.VAL.MRCH.CD.WT,462103740102.857,"current USD",,"{""country_name"": ""IDA total"", ""source"": ""World Development Indicators""}",2026-08-19T10:55:41.969097+00:00
280,639d2b2e826e902eb6b95ace47158982f03a556bf4b1b9e640304c4c538ae0fd,world_bank_api,indicator,"Merchandise exports (current US$)",2025-12-31,,V3,TX.VAL.MRCH.CD.WT,8296464003192.53,"current USD",,"{""country_name"": ""Late-demographic dividend"", ""source"": ""World Development Indicators""}",2026-08-19T10:55:41.969097+00:00
281,5195a61de3a105c9aba216a10fbe4cba4cb97277214f6b67087f5941cab9dacf,world_bank_api,indicator,"Merchandise exports (current US$)",2024-12-31,,V3,TX.VAL.MRCH.CD.WT,7740338502090.93,"current USD",,"{""country_name"": ""Late-demographic dividend"", ""source"": ""World Development Indicators""}",2026-08-19T10:55:41.969097+00:00
282,5d54725cee571becdda8420061b002cfa7c299cb19f4bd6352fb9a79fec03e02,world_bank_api,indicator,"Merchandise exports (current US$)",2023-12-31,,V3,TX.VAL.MRCH.CD.WT,7364436187959.96,"current USD",,"{""country_name"": ""Late-demographic dividend"", ""source"": ""World Development Indicators""}",2026-08-19T10:55:41.969097+00:00
283,53cc70fe762f67b092b61a75a91011a596ec383592a5e1d145f11b0b4d20e342,world_bank_api,indicator,"Merchandise exports (current US$)",2025-12-31,,ZJ,TX.VAL.MRCH.CD.WT,1668494642104.72,"current USD",,"{""country_name"": ""Latin America & Caribbean"", ""source"": ""World Development Indicators""}",2026-08-19T10:55:41.969097+00:00
284,6676441b4765a7cbab680cd7b999ad811e8c02829650cffc17da735d2a68a428,world_bank_api,indicator,"Merchandise exports (current US$)",2024-12-31,,ZJ,TX.VAL.MRCH.CD.WT,1573693748978.55,"current USD",,"{""country_name"": ""Latin America & Caribbean"", ""source"": ""World Development Indicators""}",2026-08-19T10:55:41.969097+00:00
285,1a5681cea9a6128c15364ae5a3a8c3e34d252735cece4910ddcff2b2bfbd06fa,world_bank_api,indicator,"Merchandise exports (current US$)",2023-12-31,,ZJ,TX.VAL.MRCH.CD.WT,1504295144470.59,"current USD",,"{""country_name"": ""Latin America & Caribbean"", ""source"": ""World Development Indicators""}",2026-08-19T10:55:41.969097+00:00
286,b75baffb17f56b67fe7542cac878683cc13435c14dbf030c8117ffe69ade64dd,world_bank_api,indicator,"Merchandise exports (current US$)",2025-12-31,,XJ,TX.VAL.MRCH.CD.WT,1365180000000.0,"current USD",,"{""country_name"": ""Latin America & Caribbean (excluding high income)"", ""source"": ""World Development Indicators""}",2026-08-19T10:55:41.969097+00:00
287,6ced64b6e28517a65a1bc9ead4259bee45ac5f6364e6d9a01b217d594c830b25,world_bank_api,indicator,"Merchandise exports (current US$)",2024-12-31,,XJ,TX.VAL.MRCH.CD.WT,1287158000000.0,"current USD",,"{""country_name"": ""Latin America & Caribbean (excluding high income)"", ""source"": ""World Development Indicators""}",2026-08-19T10:55:41.969097+00:00
288,a38c51619d42b19dd2fd3123112ecd69018484d1fbae5d3576f4489be0c3774b,world_bank_api,indicator,"Merchandise exports (current US$)",2023-12-31,,XJ,TX.VAL.MRCH.CD.WT,1235625000000.0,"current USD",,"{""country_name"": ""Latin America & Caribbean (excluding high income)"", ""source"": ""World Development Indicators""}",2026-08-19T10:55:41.969097+00:00
289,313703ce0cb97070fd597b5d13d127fceaa811e537fc51932c19885a8a5c3e23,world_bank_api,indicator,"Merchandise exports (current US$)",2025-12-31,,T2,TX.VAL.MRCH.CD.WT,1546132000000.0,"current USD",,"{""country_name"": ""Latin America & the Caribbean (IDA & IBRD countries)"", ""source"": ""World Development Indicators""}",2026-08-19T10:55:41.969097+00:00
290,7f1d2a9fdf3be6dc981bbf63c8197e91edb96a7868a14c377c104bdd774be725,world_bank_api,indicator,"Merchandise exports (current US$)",2024-12-31,,T2,TX.VAL.MRCH.CD.WT,1458047000000.0,"current USD",,"{""country_name"": ""Latin America & the Caribbean (IDA & IBRD countries)"", ""source"": ""World Development Indicators""}",2026-08-19T10:55:41.969097+00:00
291,3280afd7aa08553d8388db8faeeaa3600c117a36e193d8d16556f14393661d19,world_bank_api,indicator,"Merchandise exports (current US$)",2023-12-31,,T2,TX.VAL.MRCH.CD.WT,1393588000000.0,"current USD",,"{""country_name"": ""Latin America & the Caribbean (IDA & IBRD countries)"", ""source"": ""World Development Indicators""}",2026-08-19T10:55:41.969097+00:00
292,6c7b69839a99d56ec8f95e0f381763797a417677cd5a94e134df6304482094b5,world_bank_api,indicator,"Merchandise exports (current US$)",2025-12-31,,XL,TX.VAL.MRCH.CD.WT,311480401825.569,"current USD",,"{""country_name"": ""Least developed countries: UN classification"", ""source"": ""World Development Indicators""}",2026-08-19T10:55:41.969097+00:00
293,c0558aad40eaf6e791ca777b19d121ef8b92851f0e75fbe9a6a00b3ac8bb5301,world_bank_api,indicator,"Merchandise exports (current US$)",2024-12-31,,XL,TX.VAL.MRCH.CD.WT,280927628040.488,"current USD",,"{""country_name"": ""Least developed countries: UN classification"", ""source"": ""World Development Indicators""}",2026-08-19T10:55:41.969097+00:00
294,741b40b4a84e0c79725c3dad90f0b3b15a09a6da1e9569e119b259bdcb2664c3,world_bank_api,indicator,"Merchandise exports (current US$)",2023-12-31,,XL,TX.VAL.MRCH.CD.WT,261068274668.058,"current USD",,"{""country_name"": ""Least developed countries: UN classification"", ""source"": ""World Development Indicators""}",2026-08-19T10:55:41.969097+00:00
295,74998dc58ea986f5e75f67b2b3f7e299d453423fff735106efffbfe9a089aa3b,world_bank_api,indicator,"Merchandise exports (current US$)",2025-12-31,,XO,TX.VAL.MRCH.CD.WT,8835319388967.7,"current USD",,"{""country_name"": ""Low & middle income"", ""source"": ""World Development Indicators""}",2026-08-19T10:55:41.969097+00:00
296,1ec4188e8636bba7b645f266bffaf0c0f9d5f4742d1129a520bf5df109c4f0ba,world_bank_api,indicator,"Merchandise exports (current US$)",2024-12-31,,XO,TX.VAL.MRCH.CD.WT,8297681076547.03,"current USD",,"{""country_name"": ""Low & middle income"", ""source"": ""World Development Indicators""}",2026-08-19T10:55:41.969097+00:00
297,facef35c6433109848cecf6db70fc5336b7bdd496d6c2bcda87d2796a405b134,world_bank_api,indicator,"Merchandise exports (current US$)",2023-12-31,,XO,TX.VAL.MRCH.CD.WT,7894859368796.38,"current USD",,"{""country_name"": ""Low & middle income"", ""source"": ""World Development Indicators""}",2026-08-19T10:55:41.969097+00:00
298,aa197739da2bcebb2cda67c6002baf4eb0547dccbf8a87ff69653b72628cec7c,world_bank_api,indicator,"Merchandise exports (current US$)",2025-12-31,,XM,TX.VAL.MRCH.CD.WT,106714425900.106,"current USD",,"{""country_name"": ""Low income"", ""source"": ""World Development Indicators""}",2026-08-19T10:55:41.969097+00:00
299,009f1a345816def8efbe379634bdc70894a7a1432ef06058582a0e283a8db933,world_bank_api,indicator,"Merchandise exports (current US$)",2024-12-31,,XM,TX.VAL.MRCH.CD.WT,92593888705.6113,"current USD",,"{""country_name"": ""Low income"", ""source"": ""World Development Indicators""}",2026-08-19T10:55:41.969097+00:00
300,6ecd3e3100e8e4735c96c9110df0fe0b182426bb951692f83485913c290d3634,world_bank_api,indicator,"Merchandise exports (current US$)",2023-12-31,,XM,TX.VAL.MRCH.CD.WT,84479641587.8783,"current USD",,"{""country_name"": ""Low income"", ""source"": ""World Development Indicators""}",2026-08-19T10:55:41.969097+00:00
301,6498c511197a52f87a86e4b38a5561c7ce11549e51df5c8f1a4304c45653c67a,world_bank_api,indicator,"Merchandise exports (current US$)",2025-12-31,,XN,TX.VAL.MRCH.CD.WT,1055278180856.57,"current USD",,"{""country_name"": ""Lower middle income"", ""source"": ""World Development Indicators""}",2026-08-19T10:55:41.969097+00:00
302,027292b690022ff31a46510d001d56c930db91b19ca99cb18c941d8ebbfcf523,world_bank_api,indicator,"Merchandise exports (current US$)",2024-12-31,,XN,TX.VAL.MRCH.CD.WT,996198147149.311,"current USD",,"{""country_name"": ""Lower middle income"", ""source"": ""World Development Indicators""}",2026-08-19T10:55:41.969097+00:00
303,e1531639fef644ae93ce2074d28b8210dce4ea66215d9bfb47d163c978d6568f,world_bank_api,indicator,"Merchandise exports (current US$)",2023-12-31,,XN,TX.VAL.MRCH.CD.WT,953916440059.513,"current USD",,"{""country_name"": ""Lower middle income"", ""source"": ""World Development Indicators""}",2026-08-19T10:55:41.969097+00:00
304,51f6126213855be00d9b662def6006a912d81917b1b6e0eab0a2bcf8f40ca248,world_bank_api,indicator,"Merchandise exports (current US$)",2025-12-31,,ZQ,TX.VAL.MRCH.CD.WT,1791018314836.27,"current USD",,"{""country_name"": ""Middle East, North Africa, Afghanistan & Pakistan"", ""source"": ""World Development Indicators""}",2026-08-19T10:55:41.969097+00:00
305,e1878e2869b017e65971631c5de2dc972289f882cca297e111825092ae1c76a8,world_bank_api,indicator,"Merchandise exports (current US$)",2024-12-31,,ZQ,TX.VAL.MRCH.CD.WT,1697710811182.66,"current USD",,"{""country_name"": ""Middle East, North Africa, Afghanistan & Pakistan"", ""source"": ""World Development Indicators""}",2026-08-19T10:55:41.969097+00:00
306,1ae23a85c73fca80bce2a569e78faf39a9c0c55902919743044bc5f889c035b2,world_bank_api,indicator,"Merchandise exports (current US$)",2023-12-31,,ZQ,TX.VAL.MRCH.CD.WT,1669084513135.07,"current USD",,"{""country_name"": ""Middle East, North Africa, Afghanistan & Pakistan"", ""source"": ""World Development Indicators""}",2026-08-19T10:55:41.969097+00:00
307,c7cb47ef7859460af6e6400713a8bda8423452fe155211b636b7b27bdb8138a2,world_bank_api,indicator,"Merchandise exports (current US$)",2025-12-31,,XQ,TX.VAL.MRCH.CD.WT,468213954660.697,"current USD",,"{""country_name"": ""Middle East, North Africa, Afghanistan & Pakistan (excluding high income)"", ""source"": ""World Development Indicators""}",2026-08-19T10:55:41.969097+00:00
308,f0d97f6a5d13b0615d789ede0638a4b48766f24280f44ff983fe86b560f92d83,world_bank_api,indicator,"Merchandise exports (current US$)",2024-12-31,,XQ,TX.VAL.MRCH.CD.WT,463051741367.296,"current USD",,"{""country_name"": ""Middle East, North Africa, Afghanistan & Pakistan (excluding high income)"", ""source"": ""World Development Indicators""}",2026-08-19T10:55:41.969097+00:00
309,0b4b36b265eeb7f38527d9d13980c807d5f9b8f10d4c2572fa1d7b00c8cfd36b,world_bank_api,indicator,"Merchandise exports (current US$)",2023-12-31,,XQ,TX.VAL.MRCH.CD.WT,446475032247.543,"current USD",,"{""country_name"": ""Middle East, North Africa, Afghanistan & Pakistan (excluding high income)"", ""source"": ""World Development Indicators""}",2026-08-19T10:55:41.969097+00:00
310,beb370fa4248a0943ec4ebeef366bdcdf803bb81fc4415c85b921c1edf44b0f2,world_bank_api,indicator,"Merchandise exports (current US$)",2025-12-31,,T3,TX.VAL.MRCH.CD.WT,464748000000.0,"current USD",,"{""country_name"": ""Middle East, North Africa, Afghanistan & Pakistan (IDA & IBRD)"", ""source"": ""World Development Indicators""}",2026-08-19T10:55:41.969097+00:00
311,13984b5a74fd6350a050e0aa96751342e18b340d8f2ec4b1ce13c0d8f5bed899,world_bank_api,indicator,"Merchandise exports (current US$)",2024-12-31,,T3,TX.VAL.MRCH.CD.WT,459624000000.0,"current USD",,"{""country_name"": ""Middle East, North Africa, Afghanistan & Pakistan (IDA & IBRD)"", ""source"": ""World Development Indicators""}",2026-08-19T10:55:41.969097+00:00
312,7ba4613492c68ba98aa6cd6c534c56e9cbb2866101d4407e43abfa9e005e3490,world_bank_api,indicator,"Merchandise exports (current US$)",2023-12-31,,T3,TX.VAL.MRCH.CD.WT,443170000000.0,"current USD",,"{""country_name"": ""Middle East, North Africa, Afghanistan & Pakistan (IDA & IBRD)"", ""source"": ""World Development Indicators""}",2026-08-19T10:55:41.969097+00:00
313,216ee8e70b85a65a108b33ef9decc68ec13ee42874e5c926ff967b432c0f7984,world_bank_api,indicator,"Merchandise exports (current US$)",2025-12-31,,XP,TX.VAL.MRCH.CD.WT,8729681893577.85,"current USD",,"{""country_name"": ""Middle income"", ""source"": ""World Development Indicators""}",2026-08-19T10:55:41.969097+00:00
314,682ddc1e669634bc0bf2494430b0772204eb3882e61dcc5ca02a6a73a7a7f759,world_bank_api,indicator,"Merchandise exports (current US$)",2024-12-31,,XP,TX.VAL.MRCH.CD.WT,8205896077606.31,"current USD",,"{""country_name"": ""Middle income"", ""source"": ""World Development Indicators""}",2026-08-19T10:55:41.969097+00:00
315,1caeece4a4565310a07c2570ac74a5d311ef2771f691120220d81d397b45864a,world_bank_api,indicator,"Merchandise exports (current US$)",2023-12-31,,XP,TX.VAL.MRCH.CD.WT,7811053252440.01,"current USD",,"{""country_name"": ""Middle income"", ""source"": ""World Development Indicators""}",2026-08-19T10:55:41.969097+00:00
316,bec54a362825c5a4a9fe949a24284b7b4851c742d70921d32b1461285819ab8f,world_bank_api,indicator,"Merchandise exports (current US$)",2025-12-31,,XU,TX.VAL.MRCH.CD.WT,2739939000000.0,"current USD",,"{""country_name"": ""North America"", ""source"": ""World Development Indicators""}",2026-08-19T10:55:41.969097+00:00
317,437cf91949ebf7eafc8c21937ffe981d0307b1b2989b6372a6999eeed0112573,world_bank_api,indicator,"Merchandise exports (current US$)",2024-12-31,,XU,TX.VAL.MRCH.CD.WT,2629503000000.0,"current USD",,"{""country_name"": ""North America"", ""source"": ""World Development Indicators""}",2026-08-19T10:55:41.969097+00:00
318,caa714ea61a437641efce1ea88c4c2f83df79593f672850169d9309963138f0f,world_bank_api,indicator,"Merchandise exports (current US$)",2023-12-31,,XU,TX.VAL.MRCH.CD.WT,2588160000000.0,"current USD",,"{""country_name"": ""North America"", ""source"": ""World Development Indicators""}",2026-08-19T10:55:41.969097+00:00
319,36906f74f58a6141bd5ead7cbf74dad4c9f4d2944eb334f39b0a7069a9145aa6,world_bank_api,indicator,"Merchandise exports (current US$)",2025-12-31,,OE,TX.VAL.MRCH.CD.WT,14508424000000.0,"current USD",,"{""country_name"": ""OECD members"", ""source"": ""World Development Indicators""}",2026-08-19T10:55:41.969097+00:00
320,3a07b01fe3ba9f908aded6b8a085ec70e791f04b72b115b3347cab31593fbd73,world_bank_api,indicator,"Merchandise exports (current US$)",2024-12-31,,OE,TX.VAL.MRCH.CD.WT,13651058000000.0,"current USD",,"{""country_name"": ""OECD members"", ""source"": ""World Development Indicators""}",2026-08-19T10:55:41.969097+00:00
321,944b1160ccb23c94cff8fc755c2f9f4ab9269916d5e447d7871fb7e94c3bce68,world_bank_api,indicator,"Merchandise exports (current US$)",2023-12-31,,OE,TX.VAL.MRCH.CD.WT,13595177000000.0,"current USD",,"{""country_name"": ""OECD members"", ""source"": ""World Development Indicators""}",2026-08-19T10:55:41.969097+00:00
322,424818ac7db3ad5ac68737d39b08c5740cba7386932a1d4e0217c6fb66a04a16,world_bank_api,indicator,"Merchandise exports (current US$)",2025-12-31,,S4,TX.VAL.MRCH.CD.WT,68503208337.9501,"current USD",,"{""country_name"": ""Other small states"", ""source"": ""World Development Indicators""}",2026-08-19T10:55:41.969097+00:00
323,4c8471c0974340fb532f7948b4bd8050f1aa8e43636c0e9491d0cca697b5ed73,world_bank_api,indicator,"Merchandise exports (current US$)",2024-12-31,,S4,TX.VAL.MRCH.CD.WT,64711001523.5457,"current USD",,"{""country_name"": ""Other small states"", ""source"": ""World Development Indicators""}",2026-08-19T10:55:41.969097+00:00
324,6f213c490d6b1c01cc91cc701c38f53bd11560e6f39f6d4998f39b4d004ffdc5,world_bank_api,indicator,"Merchandise exports (current US$)",2023-12-31,,S4,TX.VAL.MRCH.CD.WT,63849436814.4044,"current USD",,"{""country_name"": ""Other small states"", ""source"": ""World Development Indicators""}",2026-08-19T10:55:41.969097+00:00
325,754afe3980176a68e5e15e4aee7608652ec1c91af4ed793b78334042051edc44,world_bank_api,indicator,"Merchandise exports (current US$)",2025-12-31,,S2,TX.VAL.MRCH.CD.WT,2153298324.18301,"current USD",,"{""country_name"": ""Pacific island small states"", ""source"": ""World Development Indicators""}",2026-08-19T10:55:41.969097+00:00
326,36c6b2660bf6d7289e68dcb5f64030e09eae642cbd67c082483b9eaa0b500494,world_bank_api,indicator,"Merchandise exports (current US$)",2024-12-31,,S2,TX.VAL.MRCH.CD.WT,2079288070.58824,"current USD",,"{""country_name"": ""Pacific island small states"", ""source"": ""World Development Indicators""}",2026-08-19T10:55:41.969097+00:00
327,80336aae693f7d55c672626ec0dad37f90d3f9f768bdde26fa262fea2c049451,world_bank_api,indicator,"Merchandise exports (current US$)",2023-12-31,,S2,TX.VAL.MRCH.CD.WT,1846255785.62091,"current USD",,"{""country_name"": ""Pacific island small states"", ""source"": ""World Development Indicators""}",2026-08-19T10:55:41.969097+00:00
328,caa5f1da98741d373299bcd107698717564a4dcfa3b203fbf57f0003ec6c3df5,world_bank_api,indicator,"Merchandise exports (current US$)",2025-12-31,,V4,TX.VAL.MRCH.CD.WT,13941036000000.0,"current USD",,"{""country_name"": ""Post-demographic dividend"", ""source"": ""World Development Indicators""}",2026-08-19T10:55:41.969097+00:00
329,f82cb984df09461b91c4662cd843b772f164e4a436f56fdae9e049de4814289b,world_bank_api,indicator,"Merchandise exports (current US$)",2024-12-31,,V4,TX.VAL.MRCH.CD.WT,13078341000000.0,"current USD",,"{""country_name"": ""Post-demographic dividend"", ""source"": ""World Development Indicators""}",2026-08-19T10:55:41.969097+00:00
330,b3cc1851f0c87ed2132f4378a7b6ad91b8b4531b7052bda4b8285937f4165845,world_bank_api,indicator,"Merchandise exports (current US$)",2023-12-31,,V4,TX.VAL.MRCH.CD.WT,12982245000000.0,"current USD",,"{""country_name"": ""Post-demographic dividend"", ""source"": ""World Development Indicators""}",2026-08-19T10:55:41.969097+00:00
331,894c2a8d954a1455fb33b9deea672d6dd3ecec7f7659520d15e99091ea090741,world_bank_api,indicator,"Merchandise exports (current US$)",2025-12-31,,V1,TX.VAL.MRCH.CD.WT,383707353798.201,"current USD",,"{""country_name"": ""Pre-demographic dividend"", ""source"": ""World Development Indicators""}",2026-08-19T10:55:41.969097+00:00
332,6f889f43a6e255120a0b7cb146bed909d5f854c1044162616362d7b1db268f38,world_bank_api,indicator,"Merchandise exports (current US$)",2024-12-31,,V1,TX.VAL.MRCH.CD.WT,363918709317.799,"current USD",,"{""country_name"": ""Pre-demographic dividend"", ""source"": ""World Development Indicators""}",2026-08-19T10:55:41.969097+00:00
333,6c0455369834415e4179e2522986a4295b3e5b39d53140c5fd04c1d320260f78,world_bank_api,indicator,"Merchandise exports (current US$)",2023-12-31,,V1,TX.VAL.MRCH.CD.WT,353207858021.667,"current USD",,"{""country_name"": ""Pre-demographic dividend"", ""source"": ""World Development Indicators""}",2026-08-19T10:55:41.969097+00:00
334,a9408632f62c52734fce4d3dd7257e94f256ae9bf45b025b0fb658f954af7b1c,world_bank_api,indicator,"Merchandise exports (current US$)",2025-12-31,,S1,TX.VAL.MRCH.CD.WT,100882264470.442,"current USD",,"{""country_name"": ""Small states"", ""source"": ""World Development Indicators""}",2026-08-19T10:55:41.969097+00:00
335,5821255de39ac1ad4459d7b349d27d6f96c6a48dac4905168c5be0ff7007a33f,world_bank_api,indicator,"Merchandise exports (current US$)",2024-12-31,,S1,TX.VAL.MRCH.CD.WT,98253267890.0119,"current USD",,"{""country_name"": ""Small states"", ""source"": ""World Development Indicators""}",2026-08-19T10:55:41.969097+00:00
336,f002a2487d338b24149b8056ede32ca6ac5e68b1e68fc48ee4914ab93c1a00b4,world_bank_api,indicator,"Merchandise exports (current US$)",2023-12-31,,S1,TX.VAL.MRCH.CD.WT,90998135399.2434,"current USD",,"{""country_name"": ""Small states"", ""source"": ""World Development Indicators""}",2026-08-19T10:55:41.969097+00:00
337,adcecae6a8f207c6320f71b431b15e363c0756bbe8425c39f14c84a56248c887,world_bank_api,indicator,"Merchandise exports (current US$)",2025-12-31,,8S,TX.VAL.MRCH.CD.WT,510581000000.0,"current USD",,"{""country_name"": ""South Asia"", ""source"": ""World Development Indicators""}",2026-08-19T10:55:41.969097+00:00
338,2fb68e40d0cf86bfbe091b9a1866cb0dd39b33ba49dbbe17a276cd7de991bdc5,world_bank_api,indicator,"Merchandise exports (current US$)",2024-12-31,,8S,TX.VAL.MRCH.CD.WT,505350000000.0,"current USD",,"{""country_name"": ""South Asia"", ""source"": ""World Development Indicators""}",2026-08-19T10:55:41.969097+00:00
339,4ad90403feb81f3d1b00ab8b21c8528b1bcc865f665403d814e8cb2a4f4fcedf,world_bank_api,indicator,"Merchandise exports (current US$)",2023-12-31,,8S,TX.VAL.MRCH.CD.WT,489914000000.0,"current USD",,"{""country_name"": ""South Asia"", ""source"": ""World Development Indicators""}",2026-08-19T10:55:41.969097+00:00
340,74dc5039cd0f17c4e728a7699f140f4e5a83ef804e91e5668467241695cf37c3,world_bank_api,indicator,"Merchandise exports (current US$)",2025-12-31,,T5,TX.VAL.MRCH.CD.WT,510581000000.0,"current USD",,"{""country_name"": ""South Asia (IDA & IBRD)"", ""source"": ""World Development Indicators""}",2026-08-19T10:55:41.969097+00:00
341,da4ab131bd3f606672bef9e06d8a64364827f800f88c45dc42c323d7453c37d3,world_bank_api,indicator,"Merchandise exports (current US$)",2024-12-31,,T5,TX.VAL.MRCH.CD.WT,505350000000.0,"current USD",,"{""country_name"": ""South Asia (IDA & IBRD)"", ""source"": ""World Development Indicators""}",2026-08-19T10:55:41.969097+00:00
342,aad71f8d40b5b69135638e6500b881c6cea4bc416639419cdb8852dbbead3e1c,world_bank_api,indicator,"Merchandise exports (current US$)",2023-12-31,,T5,TX.VAL.MRCH.CD.WT,489914000000.0,"current USD",,"{""country_name"": ""South Asia (IDA & IBRD)"", ""source"": ""World Development Indicators""}",2026-08-19T10:55:41.969097+00:00
343,3ef11acda277d20590161053188b3a7b4c793824ddf2536df1b0145799973417,world_bank_api,indicator,"Merchandise exports (current US$)",2025-12-31,,ZG,TX.VAL.MRCH.CD.WT,486797890518.341,"current USD",,"{""country_name"": ""Sub-Saharan Africa"", ""source"": ""World Development Indicators""}",2026-08-19T10:55:41.969097+00:00
344,2d66e3deeb377a39a0b62f86f03c551da32dfad9d708367273a7464bd6b51cd3,world_bank_api,indicator,"Merchandise exports (current US$)",2024-12-31,,ZG,TX.VAL.MRCH.CD.WT,437619594123.253,"current USD",,"{""country_name"": ""Sub-Saharan Africa"", ""source"": ""World Development Indicators""}",2026-08-19T10:55:41.969097+00:00
345,c4a858dd9de43675f29851bf32482b70bbfd3dbb87e797c8c3f8a5260410bf11,world_bank_api,indicator,"Merchandise exports (current US$)",2023-12-31,,ZG,TX.VAL.MRCH.CD.WT,423323764452.812,"current USD",,"{""country_name"": ""Sub-Saharan Africa"", ""source"": ""World Development Indicators""}",2026-08-19T10:55:41.969097+00:00
346,2704637eb2e9cc0dee8e4c38e21e1be11817100f10bb69897ce4e7f7bc20275a,world_bank_api,indicator,"Merchandise exports (current US$)",2025-12-31,,ZF,TX.VAL.MRCH.CD.WT,486248205763.315,"current USD",,"{""country_name"": ""Sub-Saharan Africa (excluding high income)"", ""source"": ""World Development Indicators""}",2026-08-19T10:55:41.969097+00:00
347,0074ae0b99482141df6885e0f6ce6377c0d2bb8f174963472bcbe5df4cb034d8,world_bank_api,indicator,"Merchandise exports (current US$)",2024-12-31,,ZF,TX.VAL.MRCH.CD.WT,437062649572.813,"current USD",,"{""country_name"": ""Sub-Saharan Africa (excluding high income)"", ""source"": ""World Development Indicators""}",2026-08-19T10:55:41.969097+00:00
348,573ff80e648910dedb97cff747c8c336bf9d1626d2af1fd4fbb800831a9bed77,world_bank_api,indicator,"Merchandise exports (current US$)",2023-12-31,,ZF,TX.VAL.MRCH.CD.WT,422782810091.138,"current USD",,"{""country_name"": ""Sub-Saharan Africa (excluding high income)"", ""source"": ""World Development Indicators""}",2026-08-19T10:55:41.969097+00:00
349,d7af8767767d894eb75bc78320dfa441ea4fbba8b691d33afa2d2f90f82428e7,world_bank_api,indicator,"Merchandise exports (current US$)",2025-12-31,,T6,TX.VAL.MRCH.CD.WT,486797890518.341,"current USD",,"{""country_name"": ""Sub-Saharan Africa (IDA & IBRD countries)"", ""source"": ""World Development Indicators""}",2026-08-19T10:55:41.969097+00:00
350,11652a0cf1ff419e8ca972a7eaec7cbfba2f0e5899ef15c05fe1141a5154321a,world_bank_api,indicator,"Merchandise exports (current US$)",2024-12-31,,T6,TX.VAL.MRCH.CD.WT,437619594123.253,"current USD",,"{""country_name"": ""Sub-Saharan Africa (IDA & IBRD countries)"", ""source"": ""World Development Indicators""}",2026-08-19T10:55:41.969097+00:00
351,57710c678620011db8899b0e98e6fb05342ca5ee6a619c1e762bb167bf441832,world_bank_api,indicator,"Merchandise exports (current US$)",2023-12-31,,T6,TX.VAL.MRCH.CD.WT,423323764452.812,"current USD",,"{""country_name"": ""Sub-Saharan Africa (IDA & IBRD countries)"", ""source"": ""World Development Indicators""}",2026-08-19T10:55:41.969097+00:00
352,25379ae8cd37b86f43cfe717debc94143658f2bf3be3dc8073d16eea6f7406ff,world_bank_api,indicator,"Merchandise exports (current US$)",2025-12-31,,XT,TX.VAL.MRCH.CD.WT,7674240330657.98,"current USD",,"{""country_name"": ""Upper middle income"", ""source"": ""World Development Indicators""}",2026-08-19T10:55:41.969097+00:00
353,e7bba4bd23fd0224b779149b9fd6b38dc440eebe44c0995b0b87ab170de06976,world_bank_api,indicator,"Merchandise exports (current US$)",2024-12-31,,XT,TX.VAL.MRCH.CD.WT,7209557139564.56,"current USD",,"{""country_name"": ""Upper middle income"", ""source"": ""World Development Indicators""}",2026-08-19T10:55:41.969097+00:00
354,2ff7c91eeed4ca63c14cffd368f4bd41ad050b07c2960891799f536d01b5d10a,world_bank_api,indicator,"Merchandise exports (current US$)",2023-12-31,,XT,TX.VAL.MRCH.CD.WT,6857019854818.14,"current USD",,"{""country_name"": ""Upper middle income"", ""source"": ""World Development Indicators""}",2026-08-19T10:55:41.969097+00:00
355,733f307c34507c6fc0e00129aef3950a32d9bef9795573f5b669224b9a014b37,world_bank_api,indicator,"Merchandise exports (current US$)",2025-12-31,,1W,TX.VAL.MRCH.CD.WT,26386782360229.6,"current USD",,"{""country_name"": ""World"", ""source"": ""World Development Indicators""}",2026-08-19T10:55:41.969097+00:00
356,5ee98979586dfadf2be51735eb264740dcc93cf24c2be9d1fefc0763b9b84d5b,world_bank_api,indicator,"Merchandise exports (current US$)",2024-12-31,,1W,TX.VAL.MRCH.CD.WT,24622126055009.9,"current USD",,"{""country_name"": ""World"", ""source"": ""World Development Indicators""}",2026-08-19T10:55:41.969097+00:00
357,ad992af6a44aa81ed08a4f0f45ed2c2915928869c28ddfe39d06b9c53039d97c,world_bank_api,indicator,"Merchandise exports (current US$)",2023-12-31,,1W,TX.VAL.MRCH.CD.WT,24020257385719.3,"current USD",,"{""country_name"": ""World"", ""source"": ""World Development Indicators""}",2026-08-19T10:55:41.969097+00:00
358,82e1ae241f717c1d7a1d0994b6b7c7ba1e4fd046c621d505820c61ec4bb8028e,world_bank_api,indicator,"Merchandise exports (current US$)",2025-12-31,,AF,TX.VAL.MRCH.CD.WT,926000000.0,"current USD",,"{""country_name"": ""Afghanistan"", ""source"": ""World Development Indicators""}",2026-08-19T10:55:41.969097+00:00
359,f9791abc4ab39792f17d724b915cf8978d8250e22457489c85db26b1a2285411,world_bank_api,indicator,"Merchandise exports (current US$)",2024-12-31,,AF,TX.VAL.MRCH.CD.WT,919000000.0,"current USD",,"{""country_name"": ""Afghanistan"", ""source"": ""World Development Indicators""}",2026-08-19T10:55:41.969097+00:00
360,4dc16aac513392226682b1d16ce8979296e135719064ebc1d22328df7f7419bc,world_bank_api,indicator,"Merchandise exports (current US$)",2023-12-31,,AF,TX.VAL.MRCH.CD.WT,896000000.0,"current USD",,"{""country_name"": ""Afghanistan"", ""source"": ""World Development Indicators""}",2026-08-19T10:55:41.969097+00:00
361,5ebc3e09026bba0d5de2506a7582676eb99cb8d47227d21307d0da77659e1305,world_bank_api,indicator,"Merchandise exports (current US$)",2025-12-31,,AL,TX.VAL.MRCH.CD.WT,4347000000.0,"current USD",,"{""country_name"": ""Albania"", ""source"": ""World Development Indicators""}",2026-08-19T10:55:41.969097+00:00
362,750aa64cc8d7818e8a850242e72c978ba81e629bce4383ae63dce3140a6298c7,world_bank_api,indicator,"Merchandise exports (current US$)",2024-12-31,,AL,TX.VAL.MRCH.CD.WT,4000000000.0,"current USD",,"{""country_name"": ""Albania"", ""source"": ""World Development Indicators""}",2026-08-19T10:55:41.969097+00:00
363,cc74f3cd2ffec925945f8d853b268ee4f35ca9c2321527f106549d6f750159a5,world_bank_api,indicator,"Merchandise exports (current US$)",2023-12-31,,AL,TX.VAL.MRCH.CD.WT,4374000000.0,"current USD",,"{""country_name"": ""Albania"", ""source"": ""World Development Indicators""}",2026-08-19T10:55:41.969097+00:00
364,d04edafdf9a1ef038f298e8cd235afdb0fe590ce401d6e623678854053a8efc5,world_bank_api,indicator,"Merchandise exports (current US$)",2025-12-31,,DZ,TX.VAL.MRCH.CD.WT,45400000000.0,"current USD",,"{""country_name"": ""Algeria"", ""source"": ""World Development Indicators""}",2026-08-19T10:55:41.969097+00:00
365,aebf650331c47c47e8eef0e466139b2dce35ffc144910b2579b8a8c5e4c4268d,world_bank_api,indicator,"Merchandise exports (current US$)",2024-12-31,,DZ,TX.VAL.MRCH.CD.WT,49067000000.0,"current USD",,"{""country_name"": ""Algeria"", ""source"": ""World Development Indicators""}",2026-08-19T10:55:41.969097+00:00
366,4676f95e102529f4d4ea79e6ece63d691da6346332e1baa2dc7ff73d7c460692,world_bank_api,indicator,"Merchandise exports (current US$)",2023-12-31,,DZ,TX.VAL.MRCH.CD.WT,55555000000.0,"current USD",,"{""country_name"": ""Algeria"", ""source"": ""World Development Indicators""}",2026-08-19T10:55:41.969097+00:00
367,c8d42d69a515583b109ea48998e99d2a8eae42a6aebe775c5ba5b8550e6008d0,world_bank_api,indicator,"Merchandise exports (current US$)",2025-12-31,,AS,TX.VAL.MRCH.CD.WT,394000000.0,"current USD",,"{""country_name"": ""American Samoa"", ""source"": ""World Development Indicators""}",2026-08-19T10:55:41.969097+00:00
368,4051755389979f8716fdcc71406b604f8be27ab89c5295368eb5ab49385d9214,world_bank_api,indicator,"Merchandise exports (current US$)",2024-12-31,,AS,TX.VAL.MRCH.CD.WT,382000000.0,"current USD",,"{""country_name"": ""American Samoa"", ""source"": ""World Development Indicators""}",2026-08-19T10:55:41.969097+00:00
369,07ca34899863997bcc830bdb9b0ba5c266b3271d64cfbd0f5fa9478232eb3df6,world_bank_api,indicator,"Merchandise exports (current US$)",2023-12-31,,AS,TX.VAL.MRCH.CD.WT,395000000.0,"current USD",,"{""country_name"": ""American Samoa"", ""source"": ""World Development Indicators""}",2026-08-19T10:55:41.969097+00:00
370,940788395849d3f70794789b74240bf6acc51f0dd18418ad03d664430a5e3a86,world_bank_api,indicator,"Merchandise exports (current US$)",2025-12-31,,AD,TX.VAL.MRCH.CD.WT,277000000.0,"current USD",,"{""country_name"": ""Andorra"", ""source"": ""World Development Indicators""}",2026-08-19T10:55:41.969097+00:00
371,fa419b863104b0729af864a41647624d84d7bfc040deb4d101a97a09bd60aa8b,world_bank_api,indicator,"Merchandise exports (current US$)",2024-12-31,,AD,TX.VAL.MRCH.CD.WT,259000000.0,"current USD",,"{""country_name"": ""Andorra"", ""source"": ""World Development Indicators""}",2026-08-19T10:55:41.969097+00:00
372,c7026adc9ccd03c4bdfbcf01b73b44a91541c6213ade2d3849186820434bfbdf,world_bank_api,indicator,"Merchandise exports (current US$)",2023-12-31,,AD,TX.VAL.MRCH.CD.WT,252000000.0,"current USD",,"{""country_name"": ""Andorra"", ""source"": ""World Development Indicators""}",2026-08-19T10:55:41.969097+00:00
373,6f8aff72dcc3d52aa790143864436411734376c92570ce9f234b18616c62c973,world_bank_api,indicator,"Merchandise exports (current US$)",2025-12-31,,AO,TX.VAL.MRCH.CD.WT,32492000000.0,"current USD",,"{""country_name"": ""Angola"", ""source"": ""World Development Indicators""}",2026-08-19T10:55:41.969097+00:00
374,5e53190ed19b677043a0fbc3a110269a5aa7d3c6296469ab815717358b085337,world_bank_api,indicator,"Merchandise exports (current US$)",2024-12-31,,AO,TX.VAL.MRCH.CD.WT,39250000000.0,"current USD",,"{""country_name"": ""Angola"", ""source"": ""World Development Indicators""}",2026-08-19T10:55:41.969097+00:00
375,b5c00ec18dd1cc61ac212d27a9dbe564854654355ecd84ae1a9b831712110d74,world_bank_api,indicator,"Merchandise exports (current US$)",2023-12-31,,AO,TX.VAL.MRCH.CD.WT,39506000000.0,"current USD",,"{""country_name"": ""Angola"", ""source"": ""World Development Indicators""}",2026-08-19T10:55:41.969097+00:00
376,8108164d9b8475cadbac2eea4f1e285722529a036a11f3ffecd71bee3ad3de83,world_bank_api,indicator,"Merchandise exports (current US$)",2025-12-31,,AG,TX.VAL.MRCH.CD.WT,32000000.0,"current USD",,"{""country_name"": ""Antigua and Barbuda"", ""source"": ""World Development Indicators""}",2026-08-19T10:55:41.969097+00:00
377,d9e93fd984e102757530d6e147185bea8693a5f5cfd78bc3ef81641ce1907287,world_bank_api,indicator,"Merchandise exports (current US$)",2024-12-31,,AG,TX.VAL.MRCH.CD.WT,33000000.0,"current USD",,"{""country_name"": ""Antigua and Barbuda"", ""source"": ""World Development Indicators""}",2026-08-19T10:55:41.969097+00:00
378,007cebc42734057749bca21dff2debf4be63c1b9a1bdb733b5bcadcbb5f0683e,world_bank_api,indicator,"Merchandise exports (current US$)",2023-12-31,,AG,TX.VAL.MRCH.CD.WT,31000000.0,"current USD",,"{""country_name"": ""Antigua and Barbuda"", ""source"": ""World Development Indicators""}",2026-08-19T10:55:41.969097+00:00
379,264bcb39c26de05d52830db98ba1bdc4dbfffc5b1d44befb93344e287220ae5d,world_bank_api,indicator,"Merchandise exports (current US$)",2025-12-31,,AR,TX.VAL.MRCH.CD.WT,87111000000.0,"current USD",,"{""country_name"": ""Argentina"", ""source"": ""World Development Indicators""}",2026-08-19T10:55:41.969097+00:00
380,5237dd53950a2f6a7fce523ad5db45550f82625f7ae411996e747a98846a7714,world_bank_api,indicator,"Merchandise exports (current US$)",2024-12-31,,AR,TX.VAL.MRCH.CD.WT,79703000000.0,"current USD",,"{""country_name"": ""Argentina"", ""source"": ""World Development Indicators""}",2026-08-19T10:55:41.969097+00:00
381,4c20cac2e5998a923a5686a28e2cd0d302a7c45814a361517970f2684b8263eb,world_bank_api,indicator,"Merchandise exports (current US$)",2023-12-31,,AR,TX.VAL.MRCH.CD.WT,66988000000.0,"current USD",,"{""country_name"": ""Argentina"", ""source"": ""World Development Indicators""}",2026-08-19T10:55:41.969097+00:00
382,c4d1982477be42992ea863d86722dbc019c9ebaa2e9eb3b2c0aae70db439de9b,world_bank_api,indicator,"Merchandise exports (current US$)",2025-12-31,,AM,TX.VAL.MRCH.CD.WT,8395000000.0,"current USD",,"{""country_name"": ""Armenia"", ""source"": ""World Development Indicators""}",2026-08-19T10:55:41.969097+00:00
383,3ded7ebe7bc3577cc6f4aa519267fe6cd450b005ef5cd3e52ad07ee8b18e3c90,world_bank_api,indicator,"Merchandise exports (current US$)",2024-12-31,,AM,TX.VAL.MRCH.CD.WT,13092000000.0,"current USD",,"{""country_name"": ""Armenia"", ""source"": ""World Development Indicators""}",2026-08-19T10:55:41.969097+00:00
384,28b13eea90afd01d68c25b3ce6d665de64364e004c964be2d66f9e6bc2fbcae9,world_bank_api,indicator,"Merchandise exports (current US$)",2023-12-31,,AM,TX.VAL.MRCH.CD.WT,8552000000.0,"current USD",,"{""country_name"": ""Armenia"", ""source"": ""World Development Indicators""}",2026-08-19T10:55:41.969097+00:00
385,bc8dcd4ece1db082b4859d245d0c8b8cd01a001e6769fb29a9f4bd4722bf2bf8,world_bank_api,indicator,"Merchandise exports (current US$)",2025-12-31,,AW,TX.VAL.MRCH.CD.WT,216000000.0,"current USD",,"{""country_name"": ""Aruba"", ""source"": ""World Development Indicators""}",2026-08-19T10:55:41.969097+00:00
386,3a33b99b7c278c8ac6d13282693ea9e33473ed9b1d2623f764eee1a7f6881f10,world_bank_api,indicator,"Merchandise exports (current US$)",2024-12-31,,AW,TX.VAL.MRCH.CD.WT,163000000.0,"current USD",,"{""country_name"": ""Aruba"", ""source"": ""World Development Indicators""}",2026-08-19T10:55:41.969097+00:00
387,d46dc7820d93f31e692b59cf50347cb8ed724d6319a70347ef24a3fb1915dbba,world_bank_api,indicator,"Merchandise exports (current US$)",2023-12-31,,AW,TX.VAL.MRCH.CD.WT,167000000.0,"current USD",,"{""country_name"": ""Aruba"", ""source"": ""World Development Indicators""}",2026-08-19T10:55:41.969097+00:00
388,8d26181afb2238161978c855a62c04126059d10d65d25b24ffbdc08127978199,world_bank_api,indicator,"Merchandise exports (current US$)",2025-12-31,,AT,TX.VAL.MRCH.CD.WT,222029000000.0,"current USD",,"{""country_name"": ""Austria"", ""source"": ""World Development Indicators""}",2026-08-19T10:55:41.969097+00:00
389,c3796daac174c382a662271a5ffa2f35ea0495f43dd5ac50ab51bcbaa4d293c6,world_bank_api,indicator,"Merchandise exports (current US$)",2024-12-31,,AT,TX.VAL.MRCH.CD.WT,214132000000.0,"current USD",,"{""country_name"": ""Austria"", ""source"": ""World Development Indicators""}",2026-08-19T10:55:41.969097+00:00
390,7d92dc86dd8f9d0fca2d5c26b15ccb65140f4a719828df9eabb20affd799d86f,world_bank_api,indicator,"Merchandise exports (current US$)",2023-12-31,,AT,TX.VAL.MRCH.CD.WT,224056000000.0,"current USD",,"{""country_name"": ""Austria"", ""source"": ""World Development Indicators""}",2026-08-19T10:55:41.969097+00:00
391,a2519fcf8ec3b8eaf9fdc87d5e53d4d803a7f44d15a9cee3d4c6d45412cd402f,world_bank_api,indicator,"Merchandise exports (current US$)",2025-12-31,,AZ,TX.VAL.MRCH.CD.WT,25043000000.0,"current USD",,"{""country_name"": ""Azerbaijan"", ""source"": ""World Development Indicators""}",2026-08-19T10:55:41.969097+00:00
392,d8f3ddb33e51f7b9b4f76c8d7366fa7a6e4aabee90c50f14f0dc58b4643325a9,world_bank_api,indicator,"Merchandise exports (current US$)",2024-12-31,,AZ,TX.VAL.MRCH.CD.WT,26554000000.0,"current USD",,"{""country_name"": ""Azerbaijan"", ""source"": ""World Development Indicators""}",2026-08-19T10:55:41.969097+00:00
393,5b14f736f9dac34ab5f7da7a69b842bb6210dfe4a7f265de5104da5981290bef,world_bank_api,indicator,"Merchandise exports (current US$)",2023-12-31,,AZ,TX.VAL.MRCH.CD.WT,33899000000.0,"current USD",,"{""country_name"": ""Azerbaijan"", ""source"": ""World Development Indicators""}",2026-08-19T10:55:41.969097+00:00
394,02bd8779a4034c00dd21fd1800bb3c025eda85718f2a1180c4aba676c6da6922,world_bank_api,indicator,"Merchandise exports (current US$)",2025-12-31,,BS,TX.VAL.MRCH.CD.WT,711000000.0,"current USD",,"{""country_name"": ""Bahamas, The"", ""source"": ""World Development Indicators""}",2026-08-19T10:55:41.969097+00:00
395,db0dac1c35d322dba14631aa2d6f2a6098a8ee36736bc5e0d4a53559649380a6,world_bank_api,indicator,"Merchandise exports (current US$)",2024-12-31,,BS,TX.VAL.MRCH.CD.WT,689000000.0,"current USD",,"{""country_name"": ""Bahamas, The"", ""source"": ""World Development Indicators""}",2026-08-19T10:55:41.969097+00:00
396,258a7a06e8c50bc6c98659193077c90038d36c3e6c8e7bde1cdd66fdd5cfad60,world_bank_api,indicator,"Merchandise exports (current US$)",2023-12-31,,BS,TX.VAL.MRCH.CD.WT,736000000.0,"current USD",,"{""country_name"": ""Bahamas, The"", ""source"": ""World Development Indicators""}",2026-08-19T10:55:41.969097+00:00
397,9dd4a4fcaa40fd258f6f09823b23e513ef006668bbfdea9e489224044f479245,world_bank_api,indicator,"Merchandise exports (current US$)",2025-12-31,,BH,TX.VAL.MRCH.CD.WT,26456000000.0,"current USD",,"{""country_name"": ""Bahrain"", ""source"": ""World Development Indicators""}",2026-08-19T10:55:41.969097+00:00
398,5c61475c13281d10caf7b0b0281f9b2a715a81df4b5c2f5a6f8d3c3d27090cc9,world_bank_api,indicator,"Merchandise exports (current US$)",2024-12-31,,BH,TX.VAL.MRCH.CD.WT,24278000000.0,"current USD",,"{""country_name"": ""Bahrain"", ""source"": ""World Development Indicators""}",2026-08-19T10:55:41.969097+00:00
399,78de2a6a21a2e2ab73b7743f96cf7b1d9852d2416390c12b3ecd75ba8376356b,world_bank_api,indicator,"Merchandise exports (current US$)",2023-12-31,,BH,TX.VAL.MRCH.CD.WT,24814000000.0,"current USD",,"{""country_name"": ""Bahrain"", ""source"": ""World Development Indicators""}",2026-08-19T10:55:41.969097+00:00
400,d7fee522575879cf54c48d783f031b542a5de5a30e1f85cf3172f637d2635231,world_bank_api,indicator,"Merchandise exports (current US$)",2025-12-31,,BD,TX.VAL.MRCH.CD.WT,48167000000.0,"current USD",,"{""country_name"": ""Bangladesh"", ""source"": ""World Development Indicators""}",2026-08-19T10:55:41.969097+00:00
401,cdb40c0ce0f8723591698a46cf1ff34d3c934f902b42b400eb8f22f2d0f7ecd0,world_bank_api,indicator,"Merchandise exports (current US$)",2024-12-31,,BD,TX.VAL.MRCH.CD.WT,47246000000.0,"current USD",,"{""country_name"": ""Bangladesh"", ""source"": ""World Development Indicators""}",2026-08-19T10:55:41.969097+00:00
402,ca6fb94f48cdecf08daa99c6445e97c7eee97301500d0875906506ac3ab7c7ec,world_bank_api,indicator,"Merchandise exports (current US$)",2023-12-31,,BD,TX.VAL.MRCH.CD.WT,44237000000.0,"current USD",,"{""country_name"": ""Bangladesh"", ""source"": ""World Development Indicators""}",2026-08-19T10:55:41.969097+00:00
403,fc41d09a0b38a5c6269edd9b62ab4d239787644c9e2006e18818b5f97d914b0e,world_bank_api,indicator,"Merchandise exports (current US$)",2025-12-31,,BB,TX.VAL.MRCH.CD.WT,428000000.0,"current USD",,"{""country_name"": ""Barbados"", ""source"": ""World Development Indicators""}",2026-08-19T10:55:41.969097+00:00
404,b513739bfdabfaa878fd5a03fa6754e17648d24b14c15dbcf41fc29147a1d4e8,world_bank_api,indicator,"Merchandise exports (current US$)",2024-12-31,,BB,TX.VAL.MRCH.CD.WT,461000000.0,"current USD",,"{""country_name"": ""Barbados"", ""source"": ""World Development Indicators""}",2026-08-19T10:55:41.969097+00:00
405,f982a35a3801447dd60eafad3010ec25edbb610c55ec9f09f6e71e5b8efa07d8,world_bank_api,indicator,"Merchandise exports (current US$)",2023-12-31,,BB,TX.VAL.MRCH.CD.WT,461000000.0,"current USD",,"{""country_name"": ""Barbados"", ""source"": ""World Development Indicators""}",2026-08-19T10:55:41.969097+00:00
406,b8ed73fca627d92075f304a4219dbbc4d837e58925e5a64d3e73622009ab8db5,world_bank_api,indicator,"Merchandise exports (current US$)",2025-12-31,,BY,TX.VAL.MRCH.CD.WT,41395000000.0,"current USD",,"{""country_name"": ""Belarus"", ""source"": ""World Development Indicators""}",2026-08-19T10:55:41.969097+00:00
407,62dd2fb5280e1fe3d682ef94cf1013b8537fdca6efa8470198b480c41b40683d,world_bank_api,indicator,"Merchandise exports (current US$)",2024-12-31,,BY,TX.VAL.MRCH.CD.WT,40344000000.0,"current USD",,"{""country_name"": ""Belarus"", ""source"": ""World Development Indicators""}",2026-08-19T10:55:41.969097+00:00
408,43d2832951d5c687b9f224d5f98cb54cce27577da1f8cbe0a90fcbdfcc10946f,world_bank_api,indicator,"Merchandise exports (current US$)",2023-12-31,,BY,TX.VAL.MRCH.CD.WT,39840000000.0,"current USD",,"{""country_name"": ""Belarus"", ""source"": ""World Development Indicators""}",2026-08-19T10:55:41.969097+00:00
409,ffe33b6e46c98ea4a828a3c82d21aeb66935b28d12823a1a4a407aad6ae6620f,world_bank_api,indicator,"Merchandise exports (current US$)",2025-12-31,,BE,TX.VAL.MRCH.CD.WT,568105000000.0,"current USD",,"{""country_name"": ""Belgium"", ""source"": ""World Development Indicators""}",2026-08-19T10:55:41.969097+00:00
410,b5ca10af73f9f84ad5055acab95c638f4c7698d6d9a3db535a87beb81bb5dbe9,world_bank_api,indicator,"Merchandise exports (current US$)",2024-12-31,,BE,TX.VAL.MRCH.CD.WT,554582000000.0,"current USD",,"{""country_name"": ""Belgium"", ""source"": ""World Development Indicators""}",2026-08-19T10:55:41.969097+00:00
411,1dbb6ae28f3a60713aae786792926811d32934dae6cf79f44d86f583faaa98f6,world_bank_api,indicator,"Merchandise exports (current US$)",2023-12-31,,BE,TX.VAL.MRCH.CD.WT,578515000000.0,"current USD",,"{""country_name"": ""Belgium"", ""source"": ""World Development Indicators""}",2026-08-19T10:55:41.969097+00:00
412,c8f424f98044c6792dc48249dbab138bf2fe895f7d19a9cbe4a0e3c7a4e12b9c,world_bank_api,indicator,"Merchandise exports (current US$)",2025-12-31,,BZ,TX.VAL.MRCH.CD.WT,444000000.0,"current USD",,"{""country_name"": ""Belize"", ""source"": ""World Development Indicators""}",2026-08-19T10:55:41.969097+00:00
413,bd1563352b6b2f2fc41bfe115256bcf7ad8956f0b1c66db556dfd84c87530da8,world_bank_api,indicator,"Merchandise exports (current US$)",2024-12-31,,BZ,TX.VAL.MRCH.CD.WT,482000000.0,"current USD",,"{""country_name"": ""Belize"", ""source"": ""World Development Indicators""}",2026-08-19T10:55:41.969097+00:00
414,c1868f0fe8758e5b6a5ddc7a0da2391e8a2e6993acc529f9a725fa1ee7276bb0,world_bank_api,indicator,"Merchandise exports (current US$)",2023-12-31,,BZ,TX.VAL.MRCH.CD.WT,488000000.0,"current USD",,"{""country_name"": ""Belize"", ""source"": ""World Development Indicators""}",2026-08-19T10:55:41.969097+00:00
415,4a9a659f7cce9ae3f3d88781578a16b33faea0a87b987c16c4f6075ef9b8a08c,world_bank_api,indicator,"Merchandise exports (current US$)",2025-12-31,,BJ,TX.VAL.MRCH.CD.WT,3988000000.0,"current USD",,"{""country_name"": ""Benin"", ""source"": ""World Development Indicators""}",2026-08-19T10:55:41.969097+00:00
416,700405e871dc9e0961048b18052ef9e31e88fd82eb57ecab94749f51d65aed2c,world_bank_api,indicator,"Merchandise exports (current US$)",2024-12-31,,BJ,TX.VAL.MRCH.CD.WT,4024000000.0,"current USD",,"{""country_name"": ""Benin"", ""source"": ""World Development Indicators""}",2026-08-19T10:55:41.969097+00:00
417,769067111b1e38b74b9104c1ff4b527ce9e7006081f5a3beb75c0104123523a6,world_bank_api,indicator,"Merchandise exports (current US$)",2023-12-31,,BJ,TX.VAL.MRCH.CD.WT,4050000000.0,"current USD",,"{""country_name"": ""Benin"", ""source"": ""World Development Indicators""}",2026-08-19T10:55:41.969097+00:00
418,cbac01c443eed4acd6542ac53e8134cd932b681cf025e5e3cc89dab64e20a313,world_bank_api,indicator,"Merchandise exports (current US$)",2025-12-31,,BM,TX.VAL.MRCH.CD.WT,43000000.0,"current USD",,"{""country_name"": ""Bermuda"", ""source"": ""World Development Indicators""}",2026-08-19T10:55:41.969097+00:00
419,0dfd729ca90c0e875f591610fed1d1e18cad7a132c1d37916b7134c40fed9f5c,world_bank_api,indicator,"Merchandise exports (current US$)",2024-12-31,,BM,TX.VAL.MRCH.CD.WT,68000000.0,"current USD",,"{""country_name"": ""Bermuda"", ""source"": ""World Development Indicators""}",2026-08-19T10:55:41.969097+00:00
420,ba9c96e84d9cb4aad46d21a83a53b76d6428f297dc6422ab0f6ce971b0081b88,world_bank_api,indicator,"Merchandise exports (current US$)",2023-12-31,,BM,TX.VAL.MRCH.CD.WT,22000000.0,"current USD",,"{""country_name"": ""Bermuda"", ""source"": ""World Development Indicators""}",2026-08-19T10:55:41.969097+00:00
421,b581886c22486e2ec508f41c4432a9a451d6c03aaea52b1d4d9368e9e9a366b4,world_bank_api,indicator,"Merchandise exports (current US$)",2025-12-31,,BT,TX.VAL.MRCH.CD.WT,800000000.0,"current USD",,"{""country_name"": ""Bhutan"", ""source"": ""World Development Indicators""}",2026-08-19T10:55:41.969097+00:00
422,649c3c94c9444c1992601f0c5088173582a92d3f5bcfa627af16f3c7dac84cef,world_bank_api,indicator,"Merchandise exports (current US$)",2024-12-31,,BT,TX.VAL.MRCH.CD.WT,747000000.0,"current USD",,"{""country_name"": ""Bhutan"", ""source"": ""World Development Indicators""}",2026-08-19T10:55:41.969097+00:00
423,7220a4ed31619b46ac0ec111a33e4cdb04306816ae155e24328147796fd8c905,world_bank_api,indicator,"Merchandise exports (current US$)",2023-12-31,,BT,TX.VAL.MRCH.CD.WT,641000000.0,"current USD",,"{""country_name"": ""Bhutan"", ""source"": ""World Development Indicators""}",2026-08-19T10:55:41.969097+00:00
424,a1d11decbaea2486ad72bd938b1e0183baceb196cf3d8f6f33336fc0c5f868ae,world_bank_api,indicator,"Merchandise exports (current US$)",2025-12-31,,BO,TX.VAL.MRCH.CD.WT,9701000000.0,"current USD",,"{""country_name"": ""Bolivia"", ""source"": ""World Development Indicators""}",2026-08-19T10:55:41.969097+00:00
425,9ef2f960fcb5656906121d1db09838f65fa1abd228f10b1c355f6a4ad83b2201,world_bank_api,indicator,"Merchandise exports (current US$)",2024-12-31,,BO,TX.VAL.MRCH.CD.WT,9059000000.0,"current USD",,"{""country_name"": ""Bolivia"", ""source"": ""World Development Indicators""}",2026-08-19T10:55:41.969097+00:00
426,abb8da170ab8308b51fba7811d1b7775da1797c815f4c993040e7e04243904b1,world_bank_api,indicator,"Merchandise exports (current US$)",2023-12-31,,BO,TX.VAL.MRCH.CD.WT,10911000000.0,"current USD",,"{""country_name"": ""Bolivia"", ""source"": ""World Development Indicators""}",2026-08-19T10:55:41.969097+00:00
427,d063307f3d805d4924723b14b2accf1f4fe11d10876cd9c648411da2b034a3d7,world_bank_api,indicator,"Merchandise exports (current US$)",2025-12-31,,BA,TX.VAL.MRCH.CD.WT,9813000000.0,"current USD",,"{""country_name"": ""Bosnia and Herzegovina"", ""source"": ""World Development Indicators""}",2026-08-19T10:55:41.969097+00:00
428,16a300f14c7d5f87f7f5cda36b65934c859d73ead17bc3b7b37b0a2cc1daedd5,world_bank_api,indicator,"Merchandise exports (current US$)",2024-12-31,,BA,TX.VAL.MRCH.CD.WT,8890000000.0,"current USD",,"{""country_name"": ""Bosnia and Herzegovina"", ""source"": ""World Development Indicators""}",2026-08-19T10:55:41.969097+00:00
429,23665e61134a58ebfa54168180dcf46c596ba13050088e24b8adde32370e1115,world_bank_api,indicator,"Merchandise exports (current US$)",2023-12-31,,BA,TX.VAL.MRCH.CD.WT,9232000000.0,"current USD",,"{""country_name"": ""Bosnia and Herzegovina"", ""source"": ""World Development Indicators""}",2026-08-19T10:55:41.969097+00:00
430,d8de1fb720809767b80c0b14f79886a4872075f264a160ea844c0267e54a2f92,world_bank_api,indicator,"Merchandise exports (current US$)",2025-12-31,,BW,TX.VAL.MRCH.CD.WT,5119000000.0,"current USD",,"{""country_name"": ""Botswana"", ""source"": ""World Development Indicators""}",2026-08-19T10:55:41.969097+00:00
431,06c8366e61674451c4643cc753c589e7629111d063c898f0d2241cd11ff85e12,world_bank_api,indicator,"Merchandise exports (current US$)",2024-12-31,,BW,TX.VAL.MRCH.CD.WT,4665000000.0,"current USD",,"{""country_name"": ""Botswana"", ""source"": ""World Development Indicators""}",2026-08-19T10:55:41.969097+00:00
432,eae4040cdff65e7c9d123ce6f59c0249343169c372720ff9caf9e76eafca27ef,world_bank_api,indicator,"Merchandise exports (current US$)",2023-12-31,,BW,TX.VAL.MRCH.CD.WT,5763000000.0,"current USD",,"{""country_name"": ""Botswana"", ""source"": ""World Development Indicators""}",2026-08-19T10:55:41.969097+00:00
433,5c1f35cd83e3b1e330720689a80ef7bdaa564d7adfc0fb7ecf2feeab5c7bb0b5,world_bank_api,indicator,"Merchandise exports (current US$)",2025-12-31,,BR,TX.VAL.MRCH.CD.WT,348278000000.0,"current USD",,"{""country_name"": ""Brazil"", ""source"": ""World Development Indicators""}",2026-08-19T10:55:41.969097+00:00
434,90e5518ab2fb99a420f9707f4f7b2e59518b64c5f55d2255f7dc1097d1908904,world_bank_api,indicator,"Merchandise exports (current US$)",2024-12-31,,BR,TX.VAL.MRCH.CD.WT,337046000000.0,"current USD",,"{""country_name"": ""Brazil"", ""source"": ""World Development Indicators""}",2026-08-19T10:55:41.969097+00:00
435,cd00b719a7c5caeee6c689137794f891c3500c02ab26479caef21748dd7be0d5,world_bank_api,indicator,"Merchandise exports (current US$)",2023-12-31,,BR,TX.VAL.MRCH.CD.WT,339696000000.0,"current USD",,"{""country_name"": ""Brazil"", ""source"": ""World Development Indicators""}",2026-08-19T10:55:41.969097+00:00
436,584ee2c9973c4e4bd273be7e9b06747c0348cbda8a0f18b11a9323cd8006fdd9,world_bank_api,indicator,"Merchandise exports (current US$)",2025-12-31,,BN,TX.VAL.MRCH.CD.WT,10498000000.0,"current USD",,"{""country_name"": ""Brunei Darussalam"", ""source"": ""World Development Indicators""}",2026-08-19T10:55:41.969097+00:00
437,604b2d6f0e414fe5d1c79c153b5582da29d2bb317b492e57971db8aa886310d3,world_bank_api,indicator,"Merchandise exports (current US$)",2024-12-31,,BN,TX.VAL.MRCH.CD.WT,11258000000.0,"current USD",,"{""country_name"": ""Brunei Darussalam"", ""source"": ""World Development Indicators""}",2026-08-19T10:55:41.969097+00:00
438,5b414b03ea70a45ba58902074218adc4e015b56d50931faaca6102f6c491b681,world_bank_api,indicator,"Merchandise exports (current US$)",2023-12-31,,BN,TX.VAL.MRCH.CD.WT,11241000000.0,"current USD",,"{""country_name"": ""Brunei Darussalam"", ""source"": ""World Development Indicators""}",2026-08-19T10:55:41.969097+00:00
439,8dff8e6297c2a99a92ff9ee2056f3ec360b2832a232c290a8d2217aa96a19c75,world_bank_api,indicator,"Merchandise exports (current US$)",2025-12-31,,BG,TX.VAL.MRCH.CD.WT,48318000000.0,"current USD",,"{""country_name"": ""Bulgaria"", ""source"": ""World Development Indicators""}",2026-08-19T10:55:41.969097+00:00
440,eae76d63f8a579f684fdc454b05ef8b96991ec3f8d4436275717730523e1dc4f,world_bank_api,indicator,"Merchandise exports (current US$)",2024-12-31,,BG,TX.VAL.MRCH.CD.WT,47888000000.0,"current USD",,"{""country_name"": ""Bulgaria"", ""source"": ""World Development Indicators""}",2026-08-19T10:55:41.969097+00:00
441,446b48f18e0a8ad67f3338e71f25590d1f14cf6e3bf8125fb49fb848ebdb066d,world_bank_api,indicator,"Merchandise exports (current US$)",2023-12-31,,BG,TX.VAL.MRCH.CD.WT,47980000000.0,"current USD",,"{""country_name"": ""Bulgaria"", ""source"": ""World Development Indicators""}",2026-08-19T10:55:41.969097+00:00
442,d6fd703a0a5cd76777015360e3695ff7ca5a1e9526f8e030935e3292b6d63d3f,world_bank_api,indicator,"Merchandise exports (current US$)",2025-12-31,,BF,TX.VAL.MRCH.CD.WT,11076000000.0,"current USD",,"{""country_name"": ""Burkina Faso"", ""source"": ""World Development Indicators""}",2026-08-19T10:55:41.969097+00:00
443,7cda7354725d480b806e1ce1ff82cdf6a9fe871727f4e4283aea682dc198586e,world_bank_api,indicator,"Merchandise exports (current US$)",2024-12-31,,BF,TX.VAL.MRCH.CD.WT,5640000000.0,"current USD",,"{""country_name"": ""Burkina Faso"", ""source"": ""World Development Indicators""}",2026-08-19T10:55:41.969097+00:00
444,48e1dcba12f69e88b81c499ddbf93ba08a5830e65a5600387617197ee8fdecf3,world_bank_api,indicator,"Merchandise exports (current US$)",2023-12-31,,BF,TX.VAL.MRCH.CD.WT,4467000000.0,"current USD",,"{""country_name"": ""Burkina Faso"", ""source"": ""World Development Indicators""}",2026-08-19T10:55:41.969097+00:00
445,21832d82ee912202862249f09a097a0cf45c9db337806bbca353501f19366ab2,world_bank_api,indicator,"Merchandise exports (current US$)",2025-12-31,,BI,TX.VAL.MRCH.CD.WT,332000000.0,"current USD",,"{""country_name"": ""Burundi"", ""source"": ""World Development Indicators""}",2026-08-19T10:55:41.969097+00:00
446,1cff7d944393f8253d572a2c830c498fab6dfdfcdf2fdcd16487d9b480f7db3b,world_bank_api,indicator,"Merchandise exports (current US$)",2024-12-31,,BI,TX.VAL.MRCH.CD.WT,175000000.0,"current USD",,"{""country_name"": ""Burundi"", ""source"": ""World Development Indicators""}",2026-08-19T10:55:41.969097+00:00
447,98ab8c9090ab102475befe2cbe20a97ca0060be086c7b270f4e070bdebaa1882,world_bank_api,indicator,"Merchandise exports (current US$)",2023-12-31,,BI,TX.VAL.MRCH.CD.WT,210000000.0,"current USD",,"{""country_name"": ""Burundi"", ""source"": ""World Development Indicators""}",2026-08-19T10:55:41.969097+00:00
448,e7568d2d7ef25c2a83da87185d65daedca922bc2c153de4c9a3f87de944d6219,world_bank_api,indicator,"Merchandise exports (current US$)",2025-12-31,,CV,TX.VAL.MRCH.CD.WT,96000000.0,"current USD",,"{""country_name"": ""Cabo Verde"", ""source"": ""World Development Indicators""}",2026-08-19T10:55:41.969097+00:00
449,abeec033130cb61a6f15f31696ca3d7ccbd3fb4c8103aeafdb70b91679e0fabf,world_bank_api,indicator,"Merchandise exports (current US$)",2024-12-31,,CV,TX.VAL.MRCH.CD.WT,78000000.0,"current USD",,"{""country_name"": ""Cabo Verde"", ""source"": ""World Development Indicators""}",2026-08-19T10:55:41.969097+00:00
450,5bfe165d9fa6788d5ed187f1b7b8037078019a311546df4494ea22ab4e18fe85,world_bank_api,indicator,"Merchandise exports (current US$)",2023-12-31,,CV,TX.VAL.MRCH.CD.WT,51000000.0,"current USD",,"{""country_name"": ""Cabo Verde"", ""source"": ""World Development Indicators""}",2026-08-19T10:55:41.969097+00:00
451,fdcac023e0be28cf98d4226a56fa5944a5ae678af4b6ad96bb6b684c99c5a218,world_bank_api,indicator,"Merchandise exports (current US$)",2025-12-31,,KH,TX.VAL.MRCH.CD.WT,31274000000.0,"current USD",,"{""country_name"": ""Cambodia"", ""source"": ""World Development Indicators""}",2026-08-19T10:55:41.969097+00:00
452,eddbf3f27244d3529b1af52ba959559a1b23fca67ff37776fd6c64838c631909,world_bank_api,indicator,"Merchandise exports (current US$)",2024-12-31,,KH,TX.VAL.MRCH.CD.WT,26661000000.0,"current USD",,"{""country_name"": ""Cambodia"", ""source"": ""World Development Indicators""}",2026-08-19T10:55:41.969097+00:00
453,b5863dba6ec7b119d8c8afdd812720e724e7704b5a1c8de978bdd31b2d886c94,world_bank_api,indicator,"Merchandise exports (current US$)",2023-12-31,,KH,TX.VAL.MRCH.CD.WT,23186000000.0,"current USD",,"{""country_name"": ""Cambodia"", ""source"": ""World Development Indicators""}",2026-08-19T10:55:41.969097+00:00
454,bd1191cdf37d4eab303cebeeb7ea378814410a007bca4dd5539d64d63b3183b1,world_bank_api,indicator,"Merchandise exports (current US$)",2025-12-31,,CM,TX.VAL.MRCH.CD.WT,5100000000.0,"current USD",,"{""country_name"": ""Cameroon"", ""source"": ""World Development Indicators""}",2026-08-19T10:55:41.969097+00:00
455,06f0c2abfa2748fad7343756ab9777b7577a30e97488cff2a85339fcc94a12f5,world_bank_api,indicator,"Merchandise exports (current US$)",2024-12-31,,CM,TX.VAL.MRCH.CD.WT,5364000000.0,"current USD",,"{""country_name"": ""Cameroon"", ""source"": ""World Development Indicators""}",2026-08-19T10:55:41.969097+00:00
456,be9e584785c462873d3920b07816d82893f8eca1c5f7f79160c5884b88b75207,world_bank_api,indicator,"Merchandise exports (current US$)",2023-12-31,,CM,TX.VAL.MRCH.CD.WT,4927000000.0,"current USD",,"{""country_name"": ""Cameroon"", ""source"": ""World Development Indicators""}",2026-08-19T10:55:41.969097+00:00
457,fd15a24b82f6ed7bd69bfd2048df073d16c4a396d969c42f499ef4beb780d6c4,world_bank_api,indicator,"Merchandise exports (current US$)",2025-12-31,,CA,TX.VAL.MRCH.CD.WT,554676000000.0,"current USD",,"{""country_name"": ""Canada"", ""source"": ""World Development Indicators""}",2026-08-19T10:55:41.969097+00:00
458,6206195828f5e475f0050eb23bb8abe59823996dc2218244375ca8f24df2049c,world_bank_api,indicator,"Merchandise exports (current US$)",2024-12-31,,CA,TX.VAL.MRCH.CD.WT,567744000000.0,"current USD",,"{""country_name"": ""Canada"", ""source"": ""World Development Indicators""}",2026-08-19T10:55:41.969097+00:00
459,4132c3a4a78647dbf7159695ae250b43c287121ef192ba6b7a55b834ae594b8c,world_bank_api,indicator,"Merchandise exports (current US$)",2023-12-31,,CA,TX.VAL.MRCH.CD.WT,570079000000.0,"current USD",,"{""country_name"": ""Canada"", ""source"": ""World Development Indicators""}",2026-08-19T10:55:41.969097+00:00
460,24832762558e0a5ca17f780e2c499f144f7abc59388aecc2a1eff9c3e8bebc77,world_bank_api,indicator,"Merchandise exports (current US$)",2025-12-31,,KY,TX.VAL.MRCH.CD.WT,25000000.0,"current USD",,"{""country_name"": ""Cayman Islands"", ""source"": ""World Development Indicators""}",2026-08-19T10:55:41.969097+00:00
461,130f091f5bab02082b97ad486b58f976525792bebf8497466c05e7f3bae47fd1,world_bank_api,indicator,"Merchandise exports (current US$)",2024-12-31,,KY,TX.VAL.MRCH.CD.WT,68000000.0,"current USD",,"{""country_name"": ""Cayman Islands"", ""source"": ""World Development Indicators""}",2026-08-19T10:55:41.969097+00:00
462,1f41ab7f8bb4ef116cd1d88a1439d554401bc22ad88fd42fab222781a9baf01e,world_bank_api,indicator,"Merchandise exports (current US$)",2023-12-31,,KY,TX.VAL.MRCH.CD.WT,55000000.0,"current USD",,"{""country_name"": ""Cayman Islands"", ""source"": ""World Development Indicators""}",2026-08-19T10:55:41.969097+00:00
463,503dfb67a2711184342740ecbd34b14f0b1a38664fc7131fd46a1f00c7b30781,world_bank_api,indicator,"Merchandise exports (current US$)",2025-12-31,,CF,TX.VAL.MRCH.CD.WT,255000000.0,"current USD",,"{""country_name"": ""Central African Republic"", ""source"": ""World Development Indicators""}",2026-08-19T10:55:41.969097+00:00
464,17b3ed73c26031f47cf7b9c405d3b82aa2422d6c2d50cd5eaad81de0e143e562,world_bank_api,indicator,"Merchandise exports (current US$)",2024-12-31,,CF,TX.VAL.MRCH.CD.WT,121000000.0,"current USD",,"{""country_name"": ""Central African Republic"", ""source"": ""World Development Indicators""}",2026-08-19T10:55:41.969097+00:00
465,6528665207172c8a5cd7566f651a6e114ea491bb542f3fc2a2ffa2dd0bd6a932,world_bank_api,indicator,"Merchandise exports (current US$)",2023-12-31,,CF,TX.VAL.MRCH.CD.WT,171000000.0,"current USD",,"{""country_name"": ""Central African Republic"", ""source"": ""World Development Indicators""}",2026-08-19T10:55:41.969097+00:00
466,eb2486b2e00eaf69ba7359a69b598576c8eee39323e94b4d2576ea02fa84c2fb,world_bank_api,indicator,"Merchandise exports (current US$)",2025-12-31,,TD,TX.VAL.MRCH.CD.WT,4000000000.0,"current USD",,"{""country_name"": ""Chad"", ""source"": ""World Development Indicators""}",2026-08-19T10:55:41.969097+00:00
467,2a252a298212c052ae9e697fb0e977b18f3c063d447eb1409f6c42225b125e0e,world_bank_api,indicator,"Merchandise exports (current US$)",2024-12-31,,TD,TX.VAL.MRCH.CD.WT,4500000000.0,"current USD",,"{""country_name"": ""Chad"", ""source"": ""World Development Indicators""}",2026-08-19T10:55:41.969097+00:00
468,9c1d331addf5461a6bdb8081acb5b8eb3ef5eabd65535e4778d065458b4cf0ca,world_bank_api,indicator,"Merchandise exports (current US$)",2023-12-31,,TD,TX.VAL.MRCH.CD.WT,4604000000.0,"current USD",,"{""country_name"": ""Chad"", ""source"": ""World Development Indicators""}",2026-08-19T10:55:41.969097+00:00
469,2604c5cce19fdb23a5b6ee6fb59d2b088a7b35be9452a9dd79ec6b13628aca32,world_bank_api,indicator,"Merchandise exports (current US$)",2025-12-31,,CL,TX.VAL.MRCH.CD.WT,107005000000.0,"current USD",,"{""country_name"": ""Chile"", ""source"": ""World Development Indicators""}",2026-08-19T10:55:41.969097+00:00
470,88292e6cbd11ca8c2e8f20a2fe03f1bff501a3983856dc921603c13715edcdfc,world_bank_api,indicator,"Merchandise exports (current US$)",2024-12-31,,CL,TX.VAL.MRCH.CD.WT,99164000000.0,"current USD",,"{""country_name"": ""Chile"", ""source"": ""World Development Indicators""}",2026-08-19T10:55:41.969097+00:00
471,73a6c7e977676b55ba682e3299704775c3c2eeaa41a45d313ad6dcf2b9201382,world_bank_api,indicator,"Merchandise exports (current US$)",2023-12-31,,CL,TX.VAL.MRCH.CD.WT,92972000000.0,"current USD",,"{""country_name"": ""Chile"", ""source"": ""World Development Indicators""}",2026-08-19T10:55:41.969097+00:00
472,7e1772d494ad2fef1840099de59ec5d4bd2e151f53b4398022cf2a804ef7169f,world_bank_api,indicator,"Merchandise exports (current US$)",2025-12-31,,CO,TX.VAL.MRCH.CD.WT,50086000000.0,"current USD",,"{""country_name"": ""Colombia"", ""source"": ""World Development Indicators""}",2026-08-19T10:55:41.969097+00:00
473,5dd050b3d85fbdabf789173ec7b3c11d1ef7bf73f458fcd82b7bf219e172543a,world_bank_api,indicator,"Merchandise exports (current US$)",2024-12-31,,CO,TX.VAL.MRCH.CD.WT,49564000000.0,"current USD",,"{""country_name"": ""Colombia"", ""source"": ""World Development Indicators""}",2026-08-19T10:55:41.969097+00:00
474,f2a0e4975d56a2adbdde0518d4e8fdbd29f8d4161309eec890c40621d994ec69,world_bank_api,indicator,"Merchandise exports (current US$)",2023-12-31,,CO,TX.VAL.MRCH.CD.WT,49545000000.0,"current USD",,"{""country_name"": ""Colombia"", ""source"": ""World Development Indicators""}",2026-08-19T10:55:41.969097+00:00
475,40277726aaebddaf369f7355d56654e5af000e759ceca21dfa36480b7ba87f87,world_bank_api,indicator,"Merchandise exports (current US$)",2025-12-31,,KM,TX.VAL.MRCH.CD.WT,48000000.0,"current USD",,"{""country_name"": ""Comoros"", ""source"": ""World Development Indicators""}",2026-08-19T10:55:41.969097+00:00
476,57502cc95c7a7602a7e335fe7a1c03d4e0922cd0b9b960f667d09f40ba200bc8,world_bank_api,indicator,"Merchandise exports (current US$)",2024-12-31,,KM,TX.VAL.MRCH.CD.WT,30000000.0,"current USD",,"{""country_name"": ""Comoros"", ""source"": ""World Development Indicators""}",2026-08-19T10:55:41.969097+00:00
477,757c8c20d033236901bb816f8e66b747701ec7308eaac662bc7ad54d0dfb3575,world_bank_api,indicator,"Merchandise exports (current US$)",2023-12-31,,KM,TX.VAL.MRCH.CD.WT,31000000.0,"current USD",,"{""country_name"": ""Comoros"", ""source"": ""World Development Indicators""}",2026-08-19T10:55:41.969097+00:00
478,659e229c35d74b25281b78e1885bfaad6f9af4c09aa388e1a190f5a742eaa946,world_bank_api,indicator,"Merchandise exports (current US$)",2025-12-31,,CD,TX.VAL.MRCH.CD.WT,32100000000.0,"current USD",,"{""country_name"": ""Congo, Dem. Rep."", ""source"": ""World Development Indicators""}",2026-08-19T10:55:41.969097+00:00
479,0622f853e841074714ba7451663d02ed63dd0115cec64ab34f1c3cfe4b2209b6,world_bank_api,indicator,"Merchandise exports (current US$)",2024-12-31,,CD,TX.VAL.MRCH.CD.WT,29900000000.0,"current USD",,"{""country_name"": ""Congo, Dem. Rep."", ""source"": ""World Development Indicators""}",2026-08-19T10:55:41.969097+00:00
480,d224b94c2cd99eaa23f245b61d8b21055ba90b65eccb85a787b240fbd2450e0c,world_bank_api,indicator,"Merchandise exports (current US$)",2023-12-31,,CD,TX.VAL.MRCH.CD.WT,27727000000.0,"current USD",,"{""country_name"": ""Congo, Dem. Rep."", ""source"": ""World Development Indicators""}",2026-08-19T10:55:41.969097+00:00
481,a2a0ebb809d1260a375df792d1dadbec17ccabf096e951295f89d0a723654790,world_bank_api,indicator,"Merchandise exports (current US$)",2025-12-31,,CG,TX.VAL.MRCH.CD.WT,7500000000.0,"current USD",,"{""country_name"": ""Congo, Rep."", ""source"": ""World Development Indicators""}",2026-08-19T10:55:41.969097+00:00
482,cd38bd415b9c4f57ea38bc5b881f9d1d531d3004af27cc32ef371d94d8f13c4f,world_bank_api,indicator,"Merchandise exports (current US$)",2024-12-31,,CG,TX.VAL.MRCH.CD.WT,7859000000.0,"current USD",,"{""country_name"": ""Congo, Rep."", ""source"": ""World Development Indicators""}",2026-08-19T10:55:41.969097+00:00
483,1913bde6f65171c2b66c7a7217cea43382e046d6e0b35dcf68dfe234064920af,world_bank_api,indicator,"Merchandise exports (current US$)",2023-12-31,,CG,TX.VAL.MRCH.CD.WT,9465000000.0,"current USD",,"{""country_name"": ""Congo, Rep."", ""source"": ""World Development Indicators""}",2026-08-19T10:55:41.969097+00:00
484,47804cd0a2e51791e2632ca00f87866cf24f7c0bd890b5e0c6f9d8ce0c50c05e,world_bank_api,indicator,"Merchandise exports (current US$)",2025-12-31,,CR,TX.VAL.MRCH.CD.WT,26431000000.0,"current USD",,"{""country_name"": ""Costa Rica"", ""source"": ""World Development Indicators""}",2026-08-19T10:55:41.969097+00:00
485,af400b05b95f0c5756bd12229cbb3aa7ac2fe7c5f5234ec1d2abf3f5401e2c65,world_bank_api,indicator,"Merchandise exports (current US$)",2024-12-31,,CR,TX.VAL.MRCH.CD.WT,21688000000.0,"current USD",,"{""country_name"": ""Costa Rica"", ""source"": ""World Development Indicators""}",2026-08-19T10:55:41.969097+00:00
486,0e9a0b8298810596de8f86cae9b6b11cc766631db00cb3685085dfc954038187,world_bank_api,indicator,"Merchandise exports (current US$)",2023-12-31,,CR,TX.VAL.MRCH.CD.WT,19025000000.0,"current USD",,"{""country_name"": ""Costa Rica"", ""source"": ""World Development Indicators""}",2026-08-19T10:55:41.969097+00:00
487,1625b650a9b6465b7b2f357bce46816892ee7f63aa6943ccd8c1b5718e58a38f,world_bank_api,indicator,"Merchandise exports (current US$)",2025-12-31,,CI,TX.VAL.MRCH.CD.WT,28471000000.0,"current USD",,"{""country_name"": ""Cote d'Ivoire"", ""source"": ""World Development Indicators""}",2026-08-19T10:55:41.969097+00:00
488,4896c33aa47ca0f874614e75559938774e92b1854b65c59b98ef723301d9272a,world_bank_api,indicator,"Merchandise exports (current US$)",2024-12-31,,CI,TX.VAL.MRCH.CD.WT,20549000000.0,"current USD",,"{""country_name"": ""Cote d'Ivoire"", ""source"": ""World Development Indicators""}",2026-08-19T10:55:41.969097+00:00
489,6f02e1da734a094c8254f8e6a2f9e426b6f8c01ae1bb056aef84c86a1096f5a1,world_bank_api,indicator,"Merchandise exports (current US$)",2023-12-31,,CI,TX.VAL.MRCH.CD.WT,18350000000.0,"current USD",,"{""country_name"": ""Cote d'Ivoire"", ""source"": ""World Development Indicators""}",2026-08-19T10:55:41.969097+00:00
490,9ff73276474a7e824b3d42411725206c3a6ab9dbbcba291b884c2a8191b1f2a8,world_bank_api,indicator,"Merchandise exports (current US$)",2025-12-31,,HR,TX.VAL.MRCH.CD.WT,28386000000.0,"current USD",,"{""country_name"": ""Croatia"", ""source"": ""World Development Indicators""}",2026-08-19T10:55:41.969097+00:00
491,88bdc50ac2e68cff58c5d3a3f18f5e146b87e7d13be2752ddf8db9a07f78a9f7,world_bank_api,indicator,"Merchandise exports (current US$)",2024-12-31,,HR,TX.VAL.MRCH.CD.WT,26015000000.0,"current USD",,"{""country_name"": ""Croatia"", ""source"": ""World Development Indicators""}",2026-08-19T10:55:41.969097+00:00
492,3e64cac6f6457d03577293ac5f9872f7dfc8e71817ab43e93fed2df90ba78760,world_bank_api,indicator,"Merchandise exports (current US$)",2023-12-31,,HR,TX.VAL.MRCH.CD.WT,24960000000.0,"current USD",,"{""country_name"": ""Croatia"", ""source"": ""World Development Indicators""}",2026-08-19T10:55:41.969097+00:00
493,7d74c59342a290cba6d941396286fb2da3b70d4ef9cf23131ccc040c164b989e,world_bank_api,indicator,"Merchandise exports (current US$)",2025-12-31,,CU,TX.VAL.MRCH.CD.WT,1620000000.0,"current USD",,"{""country_name"": ""Cuba"", ""source"": ""World Development Indicators""}",2026-08-19T10:55:41.969097+00:00
494,e0c725d825f379cc4c23b8fe8481a822a7a23dff266a257d5914d8dc8057cbb6,world_bank_api,indicator,"Merchandise exports (current US$)",2024-12-31,,CU,TX.VAL.MRCH.CD.WT,1607000000.0,"current USD",,"{""country_name"": ""Cuba"", ""source"": ""World Development Indicators""}",2026-08-19T10:55:41.969097+00:00
495,681424d2b21e8aaeebdecce9d0138b45ec31dc9fb260d029765ba81b76d25cca,world_bank_api,indicator,"Merchandise exports (current US$)",2023-12-31,,CU,TX.VAL.MRCH.CD.WT,1583000000.0,"current USD",,"{""country_name"": ""Cuba"", ""source"": ""World Development Indicators""}",2026-08-19T10:55:41.969097+00:00
496,a8f47e5e27b687ff24b855d83213678c312d4e421a61ec15ea46c7b58b14005d,world_bank_api,indicator,"Merchandise exports (current US$)",2025-12-31,,CW,TX.VAL.MRCH.CD.WT,397000000.0,"current USD",,"{""country_name"": ""Curacao"", ""source"": ""World Development Indicators""}",2026-08-19T10:55:41.969097+00:00
497,e9082f55df456c7fe405633410a03188f0fb601e00576c2e64a0050caf3bb881,world_bank_api,indicator,"Merchandise exports (current US$)",2024-12-31,,CW,TX.VAL.MRCH.CD.WT,491000000.0,"current USD",,"{""country_name"": ""Curacao"", ""source"": ""World Development Indicators""}",2026-08-19T10:55:41.969097+00:00
498,284b18ad58efc1d98341b10e9c7350ed03108b2eb9f079e8ce004f6c3798969f,world_bank_api,indicator,"Merchandise exports (current US$)",2023-12-31,,CW,TX.VAL.MRCH.CD.WT,495000000.0,"current USD",,"{""country_name"": ""Curacao"", ""source"": ""World Development Indicators""}",2026-08-19T10:55:41.969097+00:00
499,3ac1dc78d7538aaac09be8260e5b468ca12813d228dddf134282371ae3766c85,world_bank_api,indicator,"Merchandise exports (current US$)",2025-12-31,,CY,TX.VAL.MRCH.CD.WT,6186000000.0,"current USD",,"{""country_name"": ""Cyprus"", ""source"": ""World Development Indicators""}",2026-08-19T10:55:41.969097+00:00
500,ed4c03fb9d33c51811147712a87489029e064aa7dc48b9a3125ed0cf7f6d5fd9,world_bank_api,indicator,"Merchandise exports (current US$)",2024-12-31,,CY,TX.VAL.MRCH.CD.WT,5526000000.0,"current USD",,"{""country_name"": ""Cyprus"", ""source"": ""World Development Indicators""}",2026-08-19T10:55:41.969097+00:00
501,c730963d8aad51d07cb35b3062f360ba0809e398e7d21c82d150cfe99d3ab3fa,world_bank_api,indicator,"Merchandise exports (current US$)",2023-12-31,,CY,TX.VAL.MRCH.CD.WT,5061000000.0,"current USD",,"{""country_name"": ""Cyprus"", ""source"": ""World Development Indicators""}",2026-08-19T10:55:41.969097+00:00
502,5208b5707f0db4e0a48e2571c8434b238bbab682cb72aaf401e612252e3a61f1,world_bank_api,indicator,"Merchandise exports (current US$)",2025-12-31,,CZ,TX.VAL.MRCH.CD.WT,283617000000.0,"current USD",,"{""country_name"": ""Czechia"", ""source"": ""World Development Indicators""}",2026-08-19T10:55:41.969097+00:00
503,9f9ffb87cd7bfe1377e1bb5725f70bd318c102cf56005c4c3460c5dd9725383c,world_bank_api,indicator,"Merchandise exports (current US$)",2024-12-31,,CZ,TX.VAL.MRCH.CD.WT,263126000000.0,"current USD",,"{""country_name"": ""Czechia"", ""source"": ""World Development Indicators""}",2026-08-19T10:55:41.969097+00:00
504,399fec305238ba7e0defb894697e8d62a51f3ee71fc8e79d5bee03d124f19618,world_bank_api,indicator,"Merchandise exports (current US$)",2023-12-31,,CZ,TX.VAL.MRCH.CD.WT,255549000000.0,"current USD",,"{""country_name"": ""Czechia"", ""source"": ""World Development Indicators""}",2026-08-19T10:55:41.969097+00:00
505,8ecfa62c0c8d42aa11a510163c0294b52d54f69e365543a06caa4e69fde4eacf,world_bank_api,indicator,"Merchandise exports (current US$)",2025-12-31,,DK,TX.VAL.MRCH.CD.WT,148379000000.0,"current USD",,"{""country_name"": ""Denmark"", ""source"": ""World Development Indicators""}",2026-08-19T10:55:41.969097+00:00
506,5060bf5e7d3bffebefebd7c1ec7a4bc538bcc1ebf17b957675a4a6dd7d6f3306,world_bank_api,indicator,"Merchandise exports (current US$)",2024-12-31,,DK,TX.VAL.MRCH.CD.WT,133335000000.0,"current USD",,"{""country_name"": ""Denmark"", ""source"": ""World Development Indicators""}",2026-08-19T10:55:41.969097+00:00
507,fa607ec9ff14bba6e2178211caee3d4a9d01f5ad819fcc8ca50d4466b589e180,world_bank_api,indicator,"Merchandise exports (current US$)",2023-12-31,,DK,TX.VAL.MRCH.CD.WT,129140000000.0,"current USD",,"{""country_name"": ""Denmark"", ""source"": ""World Development Indicators""}",2026-08-19T10:55:41.969097+00:00
508,9c6226568b37765021db66f533b7ac1e21e9a1d2a0de3c439990e8a094018ddc,world_bank_api,indicator,"Merchandise exports (current US$)",2025-12-31,,DJ,TX.VAL.MRCH.CD.WT,6090000000.0,"current USD",,"{""country_name"": ""Djibouti"", ""source"": ""World Development Indicators""}",2026-08-19T10:55:41.969097+00:00
509,be12f6869f0c502a2195894e94c6cd5efc046934e4b7dd4d3ec09793c22adb22,world_bank_api,indicator,"Merchandise exports (current US$)",2024-12-31,,DJ,TX.VAL.MRCH.CD.WT,5169000000.0,"current USD",,"{""country_name"": ""Djibouti"", ""source"": ""World Development Indicators""}",2026-08-19T10:55:41.969097+00:00
510,ed6b3ace86b9f5e7679316fc7020a7a59364ecfb2ea0fb6aee2081fe7006ba77,world_bank_api,indicator,"Merchandise exports (current US$)",2023-12-31,,DJ,TX.VAL.MRCH.CD.WT,4785000000.0,"current USD",,"{""country_name"": ""Djibouti"", ""source"": ""World Development Indicators""}",2026-08-19T10:55:41.969097+00:00
511,bf930ba6d926867b4fb8a4215dcaa8ca563d3e9853e80312331249fe2e20f729,world_bank_api,indicator,"Merchandise exports (current US$)",2025-12-31,,DM,TX.VAL.MRCH.CD.WT,24000000.0,"current USD",,"{""country_name"": ""Dominica"", ""source"": ""World Development Indicators""}",2026-08-19T10:55:41.969097+00:00
512,8373a28344e2eacf326684335cf3df7c97c4163a74d9e7a99065213b97e9bb82,world_bank_api,indicator,"Merchandise exports (current US$)",2024-12-31,,DM,TX.VAL.MRCH.CD.WT,29000000.0,"current USD",,"{""country_name"": ""Dominica"", ""source"": ""World Development Indicators""}",2026-08-19T10:55:41.969097+00:00
513,36397d30b7a2c36caf2fb91c614fb63cdf594403af7a07d27e9648dcb2a7fb15,world_bank_api,indicator,"Merchandise exports (current US$)",2023-12-31,,DM,TX.VAL.MRCH.CD.WT,22000000.0,"current USD",,"{""country_name"": ""Dominica"", ""source"": ""World Development Indicators""}",2026-08-19T10:55:41.969097+00:00
514,776a4739f00d1004d7e0844d9d7a095662512fe898e161e975c95095882bb17d,world_bank_api,indicator,"Merchandise exports (current US$)",2025-12-31,,DO,TX.VAL.MRCH.CD.WT,15579000000.0,"current USD",,"{""country_name"": ""Dominican Republic"", ""source"": ""World Development Indicators""}",2026-08-19T10:55:41.969097+00:00
515,8809877d7fd2a48540327fd753d8f6b2a07e8bd6d7f2eb66820ff76ec41f2aa3,world_bank_api,indicator,"Merchandise exports (current US$)",2024-12-31,,DO,TX.VAL.MRCH.CD.WT,13872000000.0,"current USD",,"{""country_name"": ""Dominican Republic"", ""source"": ""World Development Indicators""}",2026-08-19T10:55:41.969097+00:00
516,c68f819e4faaa9c353f79871c47c8cf421418559a008459540e09b469b729e1b,world_bank_api,indicator,"Merchandise exports (current US$)",2023-12-31,,DO,TX.VAL.MRCH.CD.WT,12950000000.0,"current USD",,"{""country_name"": ""Dominican Republic"", ""source"": ""World Development Indicators""}",2026-08-19T10:55:41.969097+00:00
517,3d0a8bf6f64e5d4ac151f215729efbbe62cbba973b35a4330422f52bbee99bfb,world_bank_api,indicator,"Merchandise exports (current US$)",2025-12-31,,EC,TX.VAL.MRCH.CD.WT,37152000000.0,"current USD",,"{""country_name"": ""Ecuador"", ""source"": ""World Development Indicators""}",2026-08-19T10:55:41.969097+00:00
518,ee6fba0e7c0e8b3314163bafa00b35d455bc3894f686d96f8ec5035836fb1f0c,world_bank_api,indicator,"Merchandise exports (current US$)",2024-12-31,,EC,TX.VAL.MRCH.CD.WT,34421000000.0,"current USD",,"{""country_name"": ""Ecuador"", ""source"": ""World Development Indicators""}",2026-08-19T10:55:41.969097+00:00
519,64540bf9c2c644642e0fed61e608df434bd03722782d5366bc46b68d39e25396,world_bank_api,indicator,"Merchandise exports (current US$)",2023-12-31,,EC,TX.VAL.MRCH.CD.WT,31126000000.0,"current USD",,"{""country_name"": ""Ecuador"", ""source"": ""World Development Indicators""}",2026-08-19T10:55:41.969097+00:00
520,0e21364ee19d6895babbf5e3b167b21c1b97f7bc7623df669887e0967c77e409,world_bank_api,indicator,"Merchandise exports (current US$)",2025-12-31,,EG,TX.VAL.MRCH.CD.WT,51403000000.0,"current USD",,"{""country_name"": ""Egypt, Arab Rep."", ""source"": ""World Development Indicators""}",2026-08-19T10:55:41.969097+00:00
521,95c4aed22435d332f55f2970ebfdaccef7ae9458631b6f7bfd0a83c58301b9a6,world_bank_api,indicator,"Merchandise exports (current US$)",2024-12-31,,EG,TX.VAL.MRCH.CD.WT,42247000000.0,"current USD",,"{""country_name"": ""Egypt, Arab Rep."", ""source"": ""World Development Indicators""}",2026-08-19T10:55:41.969097+00:00
522,6f43ec3bea409bfa0ef8e7aafc5d1810386245890773ee8816054769083b5b80,world_bank_api,indicator,"Merchandise exports (current US$)",2023-12-31,,EG,TX.VAL.MRCH.CD.WT,42081000000.0,"current USD",,"{""country_name"": ""Egypt, Arab Rep."", ""source"": ""World Development Indicators""}",2026-08-19T10:55:41.969097+00:00
523,061c6a2e2fca515052e0000a1ade8b96289b48fad22c2550aa585fddd75acc24,world_bank_api,indicator,"Merchandise exports (current US$)",2025-12-31,,SV,TX.VAL.MRCH.CD.WT,6429000000.0,"current USD",,"{""country_name"": ""El Salvador"", ""source"": ""World Development Indicators""}",2026-08-19T10:55:41.969097+00:00
524,6a83e99b0f0f56ca4df64fab640ddf86dcfecb0006086c7ea7807aaccf4d8d25,world_bank_api,indicator,"Merchandise exports (current US$)",2024-12-31,,SV,TX.VAL.MRCH.CD.WT,6311000000.0,"current USD",,"{""country_name"": ""El Salvador"", ""source"": ""World Development Indicators""}",2026-08-19T10:55:41.969097+00:00
525,6e2ef3dadbd1b53b9aa3bfa86f2e195857ad9a41029ed1767bfba4d3d39bfb3f,world_bank_api,indicator,"Merchandise exports (current US$)",2023-12-31,,SV,TX.VAL.MRCH.CD.WT,6498000000.0,"current USD",,"{""country_name"": ""El Salvador"", ""source"": ""World Development Indicators""}",2026-08-19T10:55:41.969097+00:00
526,13272441df22cb6ef0300083990a85fb6a85d0cb2b877d34c82ab9d1322169c6,world_bank_api,indicator,"Merchandise exports (current US$)",2025-12-31,,GQ,TX.VAL.MRCH.CD.WT,2600000000.0,"current USD",,"{""country_name"": ""Equatorial Guinea"", ""source"": ""World Development Indicators""}",2026-08-19T10:55:41.969097+00:00
527,2f48c9614ba42db357f97dfa3303a20da935c100e9c83afe829d6dc19dcac9fa,world_bank_api,indicator,"Merchandise exports (current US$)",2024-12-31,,GQ,TX.VAL.MRCH.CD.WT,2979000000.0,"current USD",,"{""country_name"": ""Equatorial Guinea"", ""source"": ""World Development Indicators""}",2026-08-19T10:55:41.969097+00:00
528,bcaa754cb3f3afa43bca7dca3f0e3fa504cb56aa874ddc9806df7f7217ed0404,world_bank_api,indicator,"Merchandise exports (current US$)",2023-12-31,,GQ,TX.VAL.MRCH.CD.WT,3157000000.0,"current USD",,"{""country_name"": ""Equatorial Guinea"", ""source"": ""World Development Indicators""}",2026-08-19T10:55:41.969097+00:00
529,c5597b633139273e5353f454215af9ceae8f06fcf96bd0fdcacf3e5ae88369b1,world_bank_api,indicator,"Merchandise exports (current US$)",2025-12-31,,ER,TX.VAL.MRCH.CD.WT,631000000.0,"current USD",,"{""country_name"": ""Eritrea"", ""source"": ""World Development Indicators""}",2026-08-19T10:55:41.969097+00:00
530,745d45c07f043f2452228c8a2221fa2c560d853a66045e4c45985456672d18f8,world_bank_api,indicator,"Merchandise exports (current US$)",2024-12-31,,ER,TX.VAL.MRCH.CD.WT,573000000.0,"current USD",,"{""country_name"": ""Eritrea"", ""source"": ""World Development Indicators""}",2026-08-19T10:55:41.969097+00:00
531,e0936243d88a2aa2813858c96cb1e1d1ff5ed5dd915aa1ebbbab71fc4f3ddf3f,world_bank_api,indicator,"Merchandise exports (current US$)",2023-12-31,,ER,TX.VAL.MRCH.CD.WT,481000000.0,"current USD",,"{""country_name"": ""Eritrea"", ""source"": ""World Development Indicators""}",2026-08-19T10:55:41.969097+00:00
532,d2bbd706e293efd5adca2f8e81a7999495d9cecc310c17adf70f7914edf33db4,world_bank_api,indicator,"Merchandise exports (current US$)",2025-12-31,,EE,TX.VAL.MRCH.CD.WT,20980000000.0,"current USD",,"{""country_name"": ""Estonia"", ""source"": ""World Development Indicators""}",2026-08-19T10:55:41.969097+00:00
533,1d813085a2a39ccd093d82c867959df37eb808e8a670ec9cb5af0db420ff569b,world_bank_api,indicator,"Merchandise exports (current US$)",2024-12-31,,EE,TX.VAL.MRCH.CD.WT,18795000000.0,"current USD",,"{""country_name"": ""Estonia"", ""source"": ""World Development Indicators""}",2026-08-19T10:55:41.969097+00:00
534,5b5c7dad3737e89669a91a6a0286fbd14cf2ece5a8197556098e1dc2e424ce6a,world_bank_api,indicator,"Merchandise exports (current US$)",2023-12-31,,EE,TX.VAL.MRCH.CD.WT,19617000000.0,"current USD",,"{""country_name"": ""Estonia"", ""source"": ""World Development Indicators""}",2026-08-19T10:55:41.969097+00:00
535,20419e1d6c77827698c3c431e406115072e7bfc4e021303c52dcb615fd172c6e,world_bank_api,indicator,"Merchandise exports (current US$)",2025-12-31,,SZ,TX.VAL.MRCH.CD.WT,2370000000.0,"current USD",,"{""country_name"": ""Eswatini"", ""source"": ""World Development Indicators""}",2026-08-19T10:55:41.969097+00:00
536,7274c5dd9cf7ebad1c8fdb1ba768e091a4bedf24582dec8cef263f1f7264432e,world_bank_api,indicator,"Merchandise exports (current US$)",2024-12-31,,SZ,TX.VAL.MRCH.CD.WT,2327000000.0,"current USD",,"{""country_name"": ""Eswatini"", ""source"": ""World Development Indicators""}",2026-08-19T10:55:41.969097+00:00
537,04841c93a408fc024f5177a07433ee0583883ceca3cc81a4b7be17b9cceeba5e,world_bank_api,indicator,"Merchandise exports (current US$)",2023-12-31,,SZ,TX.VAL.MRCH.CD.WT,2096000000.0,"current USD",,"{""country_name"": ""Eswatini"", ""source"": ""World Development Indicators""}",2026-08-19T10:55:41.969097+00:00
538,86ca472727592954d6c666ff488ca65df898a70781108ac7322cef02652dc490,world_bank_api,indicator,"Merchandise exports (current US$)",2025-12-31,,ET,TX.VAL.MRCH.CD.WT,7585000000.0,"current USD",,"{""country_name"": ""Ethiopia"", ""source"": ""World Development Indicators""}",2026-08-19T10:55:41.969097+00:00
539,38cf541f8fd1460623e26fb3e99995965415779949abd4e6e8404d743c52489f,world_bank_api,indicator,"Merchandise exports (current US$)",2024-12-31,,ET,TX.VAL.MRCH.CD.WT,5472000000.0,"current USD",,"{""country_name"": ""Ethiopia"", ""source"": ""World Development Indicators""}",2026-08-19T10:55:41.969097+00:00
540,249b5ee62c78f64e8faade317103bc6a259b35223cf2d627f0d15bae5e7bc9b9,world_bank_api,indicator,"Merchandise exports (current US$)",2023-12-31,,ET,TX.VAL.MRCH.CD.WT,3468000000.0,"current USD",,"{""country_name"": ""Ethiopia"", ""source"": ""World Development Indicators""}",2026-08-19T10:55:41.969097+00:00
541,71c47cd21accbf746cac14370764d30c3c60a730d975789e2f6d42ad54477566,world_bank_api,indicator,"Merchandise exports (current US$)",2025-12-31,,FO,TX.VAL.MRCH.CD.WT,2063000000.0,"current USD",,"{""country_name"": ""Faroe Islands"", ""source"": ""World Development Indicators""}",2026-08-19T10:55:41.969097+00:00
542,b810a8fd5d3a071168a0eb8a767dceb1ec50ffc2e6d2cfad95c828afbaef4b25,world_bank_api,indicator,"Merchandise exports (current US$)",2024-12-31,,FO,TX.VAL.MRCH.CD.WT,1779000000.0,"current USD",,"{""country_name"": ""Faroe Islands"", ""source"": ""World Development Indicators""}",2026-08-19T10:55:41.969097+00:00
543,b6557cdadfc1afb448596d6f3143434df23c07dd7e8ddbfe78ccedf93e2c5587,world_bank_api,indicator,"Merchandise exports (current US$)",2023-12-31,,FO,TX.VAL.MRCH.CD.WT,1842000000.0,"current USD",,"{""country_name"": ""Faroe Islands"", ""source"": ""World Development Indicators""}",2026-08-19T10:55:41.969097+00:00
544,24fb263757fc597d7a139ba8f5c6e0d3dbfe0a17606686b030b1002b2e9a1860,world_bank_api,indicator,"Merchandise exports (current US$)",2025-12-31,,FJ,TX.VAL.MRCH.CD.WT,1126000000.0,"current USD",,"{""country_name"": ""Fiji"", ""source"": ""World Development Indicators""}",2026-08-19T10:55:41.969097+00:00
545,cbf916e9146f0ad1e8b5397d773bb8915c465efc4f2c3efe5da99d1ae6cdbec1,world_bank_api,indicator,"Merchandise exports (current US$)",2024-12-31,,FJ,TX.VAL.MRCH.CD.WT,1133000000.0,"current USD",,"{""country_name"": ""Fiji"", ""source"": ""World Development Indicators""}",2026-08-19T10:55:41.969097+00:00
546,7f16329997bfd04c5a953974b57db2a54e1013c0377aeb002d75096a0ac26403,world_bank_api,indicator,"Merchandise exports (current US$)",2023-12-31,,FJ,TX.VAL.MRCH.CD.WT,1068000000.0,"current USD",,"{""country_name"": ""Fiji"", ""source"": ""World Development Indicators""}",2026-08-19T10:55:41.969097+00:00
547,3f8ef983791193647eecf77729420e4965e801f2ee16d9c90b6fa089f1a1a9f0,world_bank_api,indicator,"Merchandise exports (current US$)",2025-12-31,,FI,TX.VAL.MRCH.CD.WT,84045000000.0,"current USD",,"{""country_name"": ""Finland"", ""source"": ""World Development Indicators""}",2026-08-19T10:55:41.969097+00:00
548,161a2f7644952d8999f3fa19e351a9603db2a18739db9bbe63d4542bec70e6be,world_bank_api,indicator,"Merchandise exports (current US$)",2024-12-31,,FI,TX.VAL.MRCH.CD.WT,78037000000.0,"current USD",,"{""country_name"": ""Finland"", ""source"": ""World Development Indicators""}",2026-08-19T10:55:41.969097+00:00
549,c3bb9a3a19b79e02cfacc1eac6e8c0ea2ed60154416f340767b923a351ad063c,world_bank_api,indicator,"Merchandise exports (current US$)",2023-12-31,,FI,TX.VAL.MRCH.CD.WT,82561000000.0,"current USD",,"{""country_name"": ""Finland"", ""source"": ""World Development Indicators""}",2026-08-19T10:55:41.969097+00:00
550,37cd1a36dc1fa541902d2679f6c32ec0a8d9131d3f57b8f0078a7461c002d5e2,world_bank_api,indicator,"Merchandise exports (current US$)",2025-12-31,,FR,TX.VAL.MRCH.CD.WT,683095000000.0,"current USD",,"{""country_name"": ""France"", ""source"": ""World Development Indicators""}",2026-08-19T10:55:41.969097+00:00
551,49c8771f2111d0342b37a7f1b3af2ac3495cf5c1a5fc7d4a5111c761a4bdf806,world_bank_api,indicator,"Merchandise exports (current US$)",2024-12-31,,FR,TX.VAL.MRCH.CD.WT,640518000000.0,"current USD",,"{""country_name"": ""France"", ""source"": ""World Development Indicators""}",2026-08-19T10:55:41.969097+00:00
552,d1973e0d62bf6ce6fb174562373dd60d16e0af33565f1a1e928ffe8c780193ed,world_bank_api,indicator,"Merchandise exports (current US$)",2023-12-31,,FR,TX.VAL.MRCH.CD.WT,651122000000.0,"current USD",,"{""country_name"": ""France"", ""source"": ""World Development Indicators""}",2026-08-19T10:55:41.969097+00:00
553,c31fa6d3df622c88824994d6c2e5d0b04a5519096a83c57099da3f41fff7317c,world_bank_api,indicator,"Merchandise exports (current US$)",2025-12-31,,PF,TX.VAL.MRCH.CD.WT,175000000.0,"current USD",,"{""country_name"": ""French Polynesia"", ""source"": ""World Development Indicators""}",2026-08-19T10:55:41.969097+00:00
554,2cff3747a85b5a4fabbaf776622d82c16f8880cffde9a498d0c890d4f6ea637e,world_bank_api,indicator,"Merchandise exports (current US$)",2024-12-31,,PF,TX.VAL.MRCH.CD.WT,159000000.0,"current USD",,"{""country_name"": ""French Polynesia"", ""source"": ""World Development Indicators""}",2026-08-19T10:55:41.969097+00:00
555,b674cc79cdf31af68f795406d37dfb81ea0d17324c38586e41be20f967ef6534,world_bank_api,indicator,"Merchandise exports (current US$)",2023-12-31,,PF,TX.VAL.MRCH.CD.WT,244000000.0,"current USD",,"{""country_name"": ""French Polynesia"", ""source"": ""World Development Indicators""}",2026-08-19T10:55:41.969097+00:00
556,d3f4972c939537e834d301e11aff922ac4487402a205228c5cefb86e54c0f8b5,world_bank_api,indicator,"Merchandise exports (current US$)",2025-12-31,,GA,TX.VAL.MRCH.CD.WT,11600000000.0,"current USD",,"{""country_name"": ""Gabon"", ""source"": ""World Development Indicators""}",2026-08-19T10:55:41.969097+00:00
557,7944cd8b23183da5423386a7b9815e279434ad7f40eda9c44a033b4f770c09a5,world_bank_api,indicator,"Merchandise exports (current US$)",2024-12-31,,GA,TX.VAL.MRCH.CD.WT,13000000000.0,"current USD",,"{""country_name"": ""Gabon"", ""source"": ""World Development Indicators""}",2026-08-19T10:55:41.969097+00:00
558,885681b1528b5d29fcae259ab46497f3cd565b4650b10dd881fcc2ee85fa7e5c,world_bank_api,indicator,"Merchandise exports (current US$)",2023-12-31,,GA,TX.VAL.MRCH.CD.WT,12695000000.0,"current USD",,"{""country_name"": ""Gabon"", ""source"": ""World Development Indicators""}",2026-08-19T10:55:41.969097+00:00
559,7cfa3ad336ccc89c71c1a968680dba9dea7d83cb7bde68d188d8d022608c6cd1,world_bank_api,indicator,"Merchandise exports (current US$)",2025-12-31,,GM,TX.VAL.MRCH.CD.WT,514000000.0,"current USD",,"{""country_name"": ""Gambia, The"", ""source"": ""World Development Indicators""}",2026-08-19T10:55:41.969097+00:00
560,897433dcb0c46a7a093399bf5493a390213a2dd2d43e30385c73a9d003198189,world_bank_api,indicator,"Merchandise exports (current US$)",2024-12-31,,GM,TX.VAL.MRCH.CD.WT,363000000.0,"current USD",,"{""country_name"": ""Gambia, The"", ""source"": ""World Development Indicators""}",2026-08-19T10:55:41.969097+00:00
561,d2f5fa0cacd57c900883623d978182897618806ebe3874fc845798e9a74b7b60,world_bank_api,indicator,"Merchandise exports (current US$)",2023-12-31,,GM,TX.VAL.MRCH.CD.WT,326000000.0,"current USD",,"{""country_name"": ""Gambia, The"", ""source"": ""World Development Indicators""}",2026-08-19T10:55:41.969097+00:00
562,69caf7d4ef05ba5fa15b45d53cf612826d2493e809364964e74019887cd79dc0,world_bank_api,indicator,"Merchandise exports (current US$)",2025-12-31,,GE,TX.VAL.MRCH.CD.WT,7291000000.0,"current USD",,"{""country_name"": ""Georgia"", ""source"": ""World Development Indicators""}",2026-08-19T10:55:41.969097+00:00
563,b9d13a78271fa38195bc167071e666d0d35ed50a4efd5e0c5eb9073bb14ca1f0,world_bank_api,indicator,"Merchandise exports (current US$)",2024-12-31,,GE,TX.VAL.MRCH.CD.WT,6559000000.0,"current USD",,"{""country_name"": ""Georgia"", ""source"": ""World Development Indicators""}",2026-08-19T10:55:41.969097+00:00
564,178c1be74fad00af92668367372370b67158cdd4a67f794574ee8ce1e12396e6,world_bank_api,indicator,"Merchandise exports (current US$)",2023-12-31,,GE,TX.VAL.MRCH.CD.WT,6086000000.0,"current USD",,"{""country_name"": ""Georgia"", ""source"": ""World Development Indicators""}",2026-08-19T10:55:41.969097+00:00
565,10ce6b94c6d8431ea57a0ed5c707b8dd6f61be319dd940c8131b112e2e05219b,world_bank_api,indicator,"Merchandise exports (current US$)",2025-12-31,,GH,TX.VAL.MRCH.CD.WT,31107000000.0,"current USD",,"{""country_name"": ""Ghana"", ""source"": ""World Development Indicators""}",2026-08-19T10:55:41.969097+00:00
566,c25c556e47463edfd176a22fc578d419da797a0779883274ed201e3ab10fc760,world_bank_api,indicator,"Merchandise exports (current US$)",2024-12-31,,GH,TX.VAL.MRCH.CD.WT,19165000000.0,"current USD",,"{""country_name"": ""Ghana"", ""source"": ""World Development Indicators""}",2026-08-19T10:55:41.969097+00:00
567,4ea44639fc1d1694df0ce23db42fd5d1ccb92ac9003dddecacf03d82243d47bd,world_bank_api,indicator,"Merchandise exports (current US$)",2023-12-31,,GH,TX.VAL.MRCH.CD.WT,16703000000.0,"current USD",,"{""country_name"": ""Ghana"", ""source"": ""World Development Indicators""}",2026-08-19T10:55:41.969097+00:00
568,683789ae882044537633f085108216713a14c6f0ced3aa3840797ef7f0bc0842,world_bank_api,indicator,"Merchandise exports (current US$)",2025-12-31,,GR,TX.VAL.MRCH.CD.WT,54767000000.0,"current USD",,"{""country_name"": ""Greece"", ""source"": ""World Development Indicators""}",2026-08-19T10:55:41.969097+00:00
569,d4c86abca8213ee815ef6a3a91fcf19a848a2f08e3da37f7724b016c67b2702d,world_bank_api,indicator,"Merchandise exports (current US$)",2024-12-31,,GR,TX.VAL.MRCH.CD.WT,54095000000.0,"current USD",,"{""country_name"": ""Greece"", ""source"": ""World Development Indicators""}",2026-08-19T10:55:41.969097+00:00
570,cd0ad87f2d250d926dddcc64bdee3f5a0ca7b79fc1e59d76880d276bf8cb6490,world_bank_api,indicator,"Merchandise exports (current US$)",2023-12-31,,GR,TX.VAL.MRCH.CD.WT,55153000000.0,"current USD",,"{""country_name"": ""Greece"", ""source"": ""World Development Indicators""}",2026-08-19T10:55:41.969097+00:00
571,8bcbf2c86b34c9ddf92f617da06afa7ead495153d7d9c67614515f9ba562c195,world_bank_api,indicator,"Merchandise exports (current US$)",2025-12-31,,GL,TX.VAL.MRCH.CD.WT,1012000000.0,"current USD",,"{""country_name"": ""Greenland"", ""source"": ""World Development Indicators""}",2026-08-19T10:55:41.969097+00:00
572,e36b2d31b4686e9c52851de54e8d1356c76e7f9009410c91814bfc2778831d88,world_bank_api,indicator,"Merchandise exports (current US$)",2024-12-31,,GL,TX.VAL.MRCH.CD.WT,801000000.0,"current USD",,"{""country_name"": ""Greenland"", ""source"": ""World Development Indicators""}",2026-08-19T10:55:41.969097+00:00
573,b48f49038696dd9bcfe7eae76a85871423b5fca5d4f4b35ad7fe3594c9136ac7,world_bank_api,indicator,"Merchandise exports (current US$)",2023-12-31,,GL,TX.VAL.MRCH.CD.WT,947000000.0,"current USD",,"{""country_name"": ""Greenland"", ""source"": ""World Development Indicators""}",2026-08-19T10:55:41.969097+00:00
574,c60c65802101f4d3a5c989a6b08e8144c278575772f275f1e21571aa53b96b8c,world_bank_api,indicator,"Merchandise exports (current US$)",2025-12-31,,GD,TX.VAL.MRCH.CD.WT,35000000.0,"current USD",,"{""country_name"": ""Grenada"", ""source"": ""World Development Indicators""}",2026-08-19T10:55:41.969097+00:00
575,9af6fb3d3e04b5c602f49646f119b06d893407b27f3467868b5e38b2fa08ef9e,world_bank_api,indicator,"Merchandise exports (current US$)",2024-12-31,,GD,TX.VAL.MRCH.CD.WT,43000000.0,"current USD",,"{""country_name"": ""Grenada"", ""source"": ""World Development Indicators""}",2026-08-19T10:55:41.969097+00:00
576,6d57415df72b4e525c92e9896848cb620e5e6fa48a78afb8d6f2b6133f2527b7,world_bank_api,indicator,"Merchandise exports (current US$)",2023-12-31,,GD,TX.VAL.MRCH.CD.WT,46000000.0,"current USD",,"{""country_name"": ""Grenada"", ""source"": ""World Development Indicators""}",2026-08-19T10:55:41.969097+00:00
577,3cdb9b5ec5fbfad55df5f97fc49f5dd70e88c3d9e2b2261bdc47c147cfe1c86c,world_bank_api,indicator,"Merchandise exports (current US$)",2025-12-31,,GU,TX.VAL.MRCH.CD.WT,71000000.0,"current USD",,"{""country_name"": ""Guam"", ""source"": ""World Development Indicators""}",2026-08-19T10:55:41.969097+00:00
578,4ba2207d2fd252038682ff113236ea3f45824eff0e2d893e5c8f088a422567e6,world_bank_api,indicator,"Merchandise exports (current US$)",2024-12-31,,GU,TX.VAL.MRCH.CD.WT,42000000.0,"current USD",,"{""country_name"": ""Guam"", ""source"": ""World Development Indicators""}",2026-08-19T10:55:41.969097+00:00
579,a77d29d67598ebc5f1740ff366f8f13bad2f25ba30900d9c4388ba2418e28a31,world_bank_api,indicator,"Merchandise exports (current US$)",2023-12-31,,GU,TX.VAL.MRCH.CD.WT,44000000.0,"current USD",,"{""country_name"": ""Guam"", ""source"": ""World Development Indicators""}",2026-08-19T10:55:41.969097+00:00
580,4cdfb6edc3101b8bdd22a935893d58efdc2b4a6afd87af1cb452ecfa7b9b16dc,world_bank_api,indicator,"Merchandise exports (current US$)",2025-12-31,,GT,TX.VAL.MRCH.CD.WT,15558000000.0,"current USD",,"{""country_name"": ""Guatemala"", ""source"": ""World Development Indicators""}",2026-08-19T10:55:41.969097+00:00
581,523d6d3c84aad37f2b88359487608fd49195cb81b81452d4a54d70fdccd0f22e,world_bank_api,indicator,"Merchandise exports (current US$)",2024-12-31,,GT,TX.VAL.MRCH.CD.WT,14601000000.0,"current USD",,"{""country_name"": ""Guatemala"", ""source"": ""World Development Indicators""}",2026-08-19T10:55:41.969097+00:00
582,8701640d13cf2bb3771f8b2beb442faf662b0e875700a896dcdd6b04381d1289,world_bank_api,indicator,"Merchandise exports (current US$)",2023-12-31,,GT,TX.VAL.MRCH.CD.WT,14199000000.0,"current USD",,"{""country_name"": ""Guatemala"", ""source"": ""World Development Indicators""}",2026-08-19T10:55:41.969097+00:00
583,5802139f31a61e5a56161c8a937016d75713b976373ca3c5a67ef98d23f8cd36,world_bank_api,indicator,"Merchandise exports (current US$)",2025-12-31,,GN,TX.VAL.MRCH.CD.WT,15104000000.0,"current USD",,"{""country_name"": ""Guinea"", ""source"": ""World Development Indicators""}",2026-08-19T10:55:41.969097+00:00
584,a238106d1ec52c8f89295a187d1955b6864d6ccef9e6bf44e213008fb6325a06,world_bank_api,indicator,"Merchandise exports (current US$)",2024-12-31,,GN,TX.VAL.MRCH.CD.WT,9850000000.0,"current USD",,"{""country_name"": ""Guinea"", ""source"": ""World Development Indicators""}",2026-08-19T10:55:41.969097+00:00
585,b5f331cca5e28a6805e60a0766c442c56d071ff8c1ef2416824fd02e65f65466,world_bank_api,indicator,"Merchandise exports (current US$)",2023-12-31,,GN,TX.VAL.MRCH.CD.WT,9180000000.0,"current USD",,"{""country_name"": ""Guinea"", ""source"": ""World Development Indicators""}",2026-08-19T10:55:41.969097+00:00
586,13d4904c8020e6e2588d593c2c6031bebd0ea0794ebcc9c28d4d31420260cb03,world_bank_api,indicator,"Merchandise exports (current US$)",2025-12-31,,GW,TX.VAL.MRCH.CD.WT,313000000.0,"current USD",,"{""country_name"": ""Guinea-Bissau"", ""source"": ""World Development Indicators""}",2026-08-19T10:55:41.969097+00:00
587,5e5e75fd1e4901960a98d9c93befe2f5945f212e560290c7c40b99026a8d6a04,world_bank_api,indicator,"Merchandise exports (current US$)",2024-12-31,,GW,TX.VAL.MRCH.CD.WT,229000000.0,"current USD",,"{""country_name"": ""Guinea-Bissau"", ""source"": ""World Development Indicators""}",2026-08-19T10:55:41.969097+00:00
588,b13794772996d335eb71d1aec7772193d5ec78692670ec7beca29b8ec9bb2835,world_bank_api,indicator,"Merchandise exports (current US$)",2023-12-31,,GW,TX.VAL.MRCH.CD.WT,240000000.0,"current USD",,"{""country_name"": ""Guinea-Bissau"", ""source"": ""World Development Indicators""}",2026-08-19T10:55:41.969097+00:00
589,51f65aaf3cb650c51c56ed4d87a8c189cf794cfe325670406e211a15a16d582e,world_bank_api,indicator,"Merchandise exports (current US$)",2025-12-31,,GY,TX.VAL.MRCH.CD.WT,18693000000.0,"current USD",,"{""country_name"": ""Guyana"", ""source"": ""World Development Indicators""}",2026-08-19T10:55:41.969097+00:00
590,c582b3a5446ddd6877f4f2e1f62dea9eb374778ec23ded5ec5678207f58cf26c,world_bank_api,indicator,"Merchandise exports (current US$)",2024-12-31,,GY,TX.VAL.MRCH.CD.WT,19786000000.0,"current USD",,"{""country_name"": ""Guyana"", ""source"": ""World Development Indicators""}",2026-08-19T10:55:41.969097+00:00
591,2525aa3582952e13f8d89259720d89a5f8fdfec49e45588b9f333012ecfc68d1,world_bank_api,indicator,"Merchandise exports (current US$)",2023-12-31,,GY,TX.VAL.MRCH.CD.WT,13210000000.0,"current USD",,"{""country_name"": ""Guyana"", ""source"": ""World Development Indicators""}",2026-08-19T10:55:41.969097+00:00
592,5a244bc06101cc23f00aba3d98114d033a131b492bda849a4fe585baf4141572,world_bank_api,indicator,"Merchandise exports (current US$)",2025-12-31,,HT,TX.VAL.MRCH.CD.WT,554000000.0,"current USD",,"{""country_name"": ""Haiti"", ""source"": ""World Development Indicators""}",2026-08-19T10:55:41.969097+00:00
593,9a7423771d906e9e5e0aa6b2ac2813f34f9aa79757cd78a491f6282a58a3f71b,world_bank_api,indicator,"Merchandise exports (current US$)",2024-12-31,,HT,TX.VAL.MRCH.CD.WT,680000000.0,"current USD",,"{""country_name"": ""Haiti"", ""source"": ""World Development Indicators""}",2026-08-19T10:55:41.969097+00:00
594,9ab0644cdfa5b2facfe90dc2f433999eb48e36f6f9a736781cc0c15d40b461a4,world_bank_api,indicator,"Merchandise exports (current US$)",2023-12-31,,HT,TX.VAL.MRCH.CD.WT,956000000.0,"current USD",,"{""country_name"": ""Haiti"", ""source"": ""World Development Indicators""}",2026-08-19T10:55:41.969097+00:00
595,a07c3ce9e5c4d1f3215aef10d5e73381e14f355c67c9b18959def2d9291dd1ea,world_bank_api,indicator,"Merchandise exports (current US$)",2025-12-31,,HN,TX.VAL.MRCH.CD.WT,12004000000.0,"current USD",,"{""country_name"": ""Honduras"", ""source"": ""World Development Indicators""}",2026-08-19T10:55:41.969097+00:00
596,2106a195dfbcf649389da85fbad46f34c617dcc6e879ccb31a6e911e97918e74,world_bank_api,indicator,"Merchandise exports (current US$)",2024-12-31,,HN,TX.VAL.MRCH.CD.WT,11083000000.0,"current USD",,"{""country_name"": ""Honduras"", ""source"": ""World Development Indicators""}",2026-08-19T10:55:41.969097+00:00
597,cba2fa83f25dbe1938d5388e5e5213bb626a8878cf56028af8a20aa69afe54fd,world_bank_api,indicator,"Merchandise exports (current US$)",2023-12-31,,HN,TX.VAL.MRCH.CD.WT,11383000000.0,"current USD",,"{""country_name"": ""Honduras"", ""source"": ""World Development Indicators""}",2026-08-19T10:55:41.969097+00:00
598,b671047a17ba5d0561882a1ce8f3c246a45efb213af8d642336f8ec3820d7f3b,world_bank_api,indicator,"Merchandise exports (current US$)",2025-12-31,,HK,TX.VAL.MRCH.CD.WT,753582000000.0,"current USD",,"{""country_name"": ""Hong Kong SAR, China"", ""source"": ""World Development Indicators""}",2026-08-19T10:55:41.969097+00:00
599,8fd9e6b9af851cbe63ded09400833567e9ce9913a2922df1913676dfcdad302b,world_bank_api,indicator,"Merchandise exports (current US$)",2024-12-31,,HK,TX.VAL.MRCH.CD.WT,645537000000.0,"current USD",,"{""country_name"": ""Hong Kong SAR, China"", ""source"": ""World Development Indicators""}",2026-08-19T10:55:41.969097+00:00
600,f5dd2aa7999244709159d8fab46baf422ab737246f2148e1bf7c7d45d1d5d227,world_bank_api,indicator,"Merchandise exports (current US$)",2023-12-31,,HK,TX.VAL.MRCH.CD.WT,573871000000.0,"current USD",,"{""country_name"": ""Hong Kong SAR, China"", ""source"": ""World Development Indicators""}",2026-08-19T10:55:41.969097+00:00
601,94426390b8bab21eae7db98e914c3a01b52474e976a13a5085a2a1bdd01c1490,world_bank_api,indicator,"Merchandise exports (current US$)",2025-12-31,,HU,TX.VAL.MRCH.CD.WT,168841000000.0,"current USD",,"{""country_name"": ""Hungary"", ""source"": ""World Development Indicators""}",2026-08-19T10:55:41.969097+00:00
602,2c7b5aee4ddf1fe6c62edacb8d8321615f5ed7bef761d50f26d7f5dc8c49ac5f,world_bank_api,indicator,"Merchandise exports (current US$)",2024-12-31,,HU,TX.VAL.MRCH.CD.WT,159268000000.0,"current USD",,"{""country_name"": ""Hungary"", ""source"": ""World Development Indicators""}",2026-08-19T10:55:41.969097+00:00
603,355a7b56522bef283d0fb9c2c3cf36737e852527177fc6730152fff1b23027ca,world_bank_api,indicator,"Merchandise exports (current US$)",2023-12-31,,HU,TX.VAL.MRCH.CD.WT,164359000000.0,"current USD",,"{""country_name"": ""Hungary"", ""source"": ""World Development Indicators""}",2026-08-19T10:55:41.969097+00:00
604,a1e2bbdeb073527671d288abc8c0c7231618b4679265fb9f37f4d803c1c093a6,world_bank_api,indicator,"Merchandise exports (current US$)",2025-12-31,,IS,TX.VAL.MRCH.CD.WT,7167000000.0,"current USD",,"{""country_name"": ""Iceland"", ""source"": ""World Development Indicators""}",2026-08-19T10:55:41.969097+00:00
605,3904494e935afca4d3ca25ed46b7bb308bff919463cddd4cad8c39f0c8442eee,world_bank_api,indicator,"Merchandise exports (current US$)",2024-12-31,,IS,TX.VAL.MRCH.CD.WT,6936000000.0,"current USD",,"{""country_name"": ""Iceland"", ""source"": ""World Development Indicators""}",2026-08-19T10:55:41.969097+00:00
606,17e42e33f9394c0a3419fd82554df0d88067b2dafe11e85e3d8775c1c738f7dc,world_bank_api,indicator,"Merchandise exports (current US$)",2023-12-31,,IS,TX.VAL.MRCH.CD.WT,6789000000.0,"current USD",,"{""country_name"": ""Iceland"", ""source"": ""World Development Indicators""}",2026-08-19T10:55:41.969097+00:00
607,46218ede454a337d64723b60f116c598808202f439e6c2ea7db76bc243239504,world_bank_api,indicator,"Merchandise exports (current US$)",2025-12-31,,ID,TX.VAL.MRCH.CD.WT,282909000000.0,"current USD",,"{""country_name"": ""Indonesia"", ""source"": ""World Development Indicators""}",2026-08-19T10:55:41.969097+00:00
608,6369fa02a991ad581c910aaf52b5efbc20de4d2c647f4685179a847121705e29,world_bank_api,indicator,"Merchandise exports (current US$)",2024-12-31,,ID,TX.VAL.MRCH.CD.WT,264706000000.0,"current USD",,"{""country_name"": ""Indonesia"", ""source"": ""World Development Indicators""}",2026-08-19T10:55:41.969097+00:00
609,19dec1d0187253391838cb5d8bd4b0447b9df56f380da909e804733e45ac70d3,world_bank_api,indicator,"Merchandise exports (current US$)",2023-12-31,,ID,TX.VAL.MRCH.CD.WT,258857000000.0,"current USD",,"{""country_name"": ""Indonesia"", ""source"": ""World Development Indicators""}",2026-08-19T10:55:41.969097+00:00
610,e33ec80c53536d5e2b54f57a4faf7a9b753cc5def0d6b132c759e45370fd04f3,world_bank_api,indicator,"Merchandise exports (current US$)",2025-12-31,,IR,TX.VAL.MRCH.CD.WT,113225000000.0,"current USD",,"{""country_name"": ""Iran, Islamic Rep."", ""source"": ""World Development Indicators""}",2026-08-19T10:55:41.969097+00:00
611,f3de903d6ee15cf896d70a63c67ccbc9241d157e0be54b55a9359909504a035c,world_bank_api,indicator,"Merchandise exports (current US$)",2024-12-31,,IR,TX.VAL.MRCH.CD.WT,112654000000.0,"current USD",,"{""country_name"": ""Iran, Islamic Rep."", ""source"": ""World Development Indicators""}",2026-08-19T10:55:41.969097+00:00
612,b77f699eafac7a5b51f5f0e77650ca8d901cef5e5c1dbfc14a77d16016d0f6a4,world_bank_api,indicator,"Merchandise exports (current US$)",2023-12-31,,IR,TX.VAL.MRCH.CD.WT,97357000000.0,"current USD",,"{""country_name"": ""Iran, Islamic Rep."", ""source"": ""World Development Indicators""}",2026-08-19T10:55:41.969097+00:00
613,cbad580bad567b67533b7905e69867ba5f6e500d18c6221bf678c559b4c13afd,world_bank_api,indicator,"Merchandise exports (current US$)",2025-12-31,,IQ,TX.VAL.MRCH.CD.WT,92912000000.0,"current USD",,"{""country_name"": ""Iraq"", ""source"": ""World Development Indicators""}",2026-08-19T10:55:41.969097+00:00
614,cc05d294a9de4ada8ca2915b24c188058df5063f14a1ab121a6796def5f42a8b,world_bank_api,indicator,"Merchandise exports (current US$)",2024-12-31,,IQ,TX.VAL.MRCH.CD.WT,100990000000.0,"current USD",,"{""country_name"": ""Iraq"", ""source"": ""World Development Indicators""}",2026-08-19T10:55:41.969097+00:00
615,46833aad6bef6e628807bd7ff69e1538557019edb9a1c98bdc2c7838f7fe37fb,world_bank_api,indicator,"Merchandise exports (current US$)",2023-12-31,,IQ,TX.VAL.MRCH.CD.WT,99149000000.0,"current USD",,"{""country_name"": ""Iraq"", ""source"": ""World Development Indicators""}",2026-08-19T10:55:41.969097+00:00
616,fcdb5d5a3aa214d551445ee4cfd7385de2fc106f6abd978806554eb2021a18c1,world_bank_api,indicator,"Merchandise exports (current US$)",2025-12-31,,IE,TX.VAL.MRCH.CD.WT,293418000000.0,"current USD",,"{""country_name"": ""Ireland"", ""source"": ""World Development Indicators""}",2026-08-19T10:55:41.969097+00:00
617,a65bbd7614597ba8cea241bc70a4bb75524581a85e1ba1800c971bf5801ef035,world_bank_api,indicator,"Merchandise exports (current US$)",2024-12-31,,IE,TX.VAL.MRCH.CD.WT,241202000000.0,"current USD",,"{""country_name"": ""Ireland"", ""source"": ""World Development Indicators""}",2026-08-19T10:55:41.969097+00:00
618,7e590cc1558619628e6ef7e1f23f3ca2f8248021c9d0ae902d530e4cb2d1e6f2,world_bank_api,indicator,"Merchandise exports (current US$)",2023-12-31,,IE,TX.VAL.MRCH.CD.WT,208320000000.0,"current USD",,"{""country_name"": ""Ireland"", ""source"": ""World Development Indicators""}",2026-08-19T10:55:41.969097+00:00
619,65283926aeb9386affb034c6c3de1628cb39a8493ab8b0b79f55b0e87c7d6a8a,world_bank_api,indicator,"Merchandise exports (current US$)",2025-12-31,,IL,TX.VAL.MRCH.CD.WT,59010000000.0,"current USD",,"{""country_name"": ""Israel"", ""source"": ""World Development Indicators""}",2026-08-19T10:55:41.969097+00:00
620,9170c5528d39ea494f6352b8c2438c22d379cb42c1549392460c713ae0c7e1cd,world_bank_api,indicator,"Merchandise exports (current US$)",2024-12-31,,IL,TX.VAL.MRCH.CD.WT,60255000000.0,"current USD",,"{""country_name"": ""Israel"", ""source"": ""World Development Indicators""}",2026-08-19T10:55:41.969097+00:00
621,d4cf69a422d97fa9e64a293811997cc2447bb58f5ac42967069e9e5fe1f5ab75,world_bank_api,indicator,"Merchandise exports (current US$)",2023-12-31,,IL,TX.VAL.MRCH.CD.WT,63345000000.0,"current USD",,"{""country_name"": ""Israel"", ""source"": ""World Development Indicators""}",2026-08-19T10:55:41.969097+00:00
622,436b570914b86cc00acb57876eeb92fefdbadce9a3c16f4dc0b478c991c111f4,world_bank_api,indicator,"Merchandise exports (current US$)",2025-12-31,,IT,TX.VAL.MRCH.CD.WT,726499000000.0,"current USD",,"{""country_name"": ""Italy"", ""source"": ""World Development Indicators""}",2026-08-19T10:55:41.969097+00:00
623,e661883f08709fb88a1e4463614019b7283c32257cbd2641fd74294c32127d78,world_bank_api,indicator,"Merchandise exports (current US$)",2024-12-31,,IT,TX.VAL.MRCH.CD.WT,673478000000.0,"current USD",,"{""country_name"": ""Italy"", ""source"": ""World Development Indicators""}",2026-08-19T10:55:41.969097+00:00
624,33a0a10c5c9daab4b53cb4037cf7e570a449fd202005a5659520ac8437dc37de,world_bank_api,indicator,"Merchandise exports (current US$)",2023-12-31,,IT,TX.VAL.MRCH.CD.WT,676724000000.0,"current USD",,"{""country_name"": ""Italy"", ""source"": ""World Development Indicators""}",2026-08-19T10:55:41.969097+00:00
625,b33b84f9aaacafe321c8f0ea0b8e4ba65ed5cdc93cd008f4ad634989afa1c12b,world_bank_api,indicator,"Merchandise exports (current US$)",2025-12-31,,JM,TX.VAL.MRCH.CD.WT,1689000000.0,"current USD",,"{""country_name"": ""Jamaica"", ""source"": ""World Development Indicators""}",2026-08-19T10:55:41.969097+00:00
626,1a7018591fedd5d986805893b5cbd49d590b3d0906805993f6d7fe25ccad3157,world_bank_api,indicator,"Merchandise exports (current US$)",2024-12-31,,JM,TX.VAL.MRCH.CD.WT,1867000000.0,"current USD",,"{""country_name"": ""Jamaica"", ""source"": ""World Development Indicators""}",2026-08-19T10:55:41.969097+00:00
627,cfa7ef8b83214501b4cf77cf39983efb5ba69d97a6308e7098c36dd09aa57fcb,world_bank_api,indicator,"Merchandise exports (current US$)",2023-12-31,,JM,TX.VAL.MRCH.CD.WT,2002000000.0,"current USD",,"{""country_name"": ""Jamaica"", ""source"": ""World Development Indicators""}",2026-08-19T10:55:41.969097+00:00
628,53af58705dd73dd409b86ad9c15744483d27f698a61decceb83165be7cc56632,world_bank_api,indicator,"Merchandise exports (current US$)",2025-12-31,,JO,TX.VAL.MRCH.CD.WT,14913000000.0,"current USD",,"{""country_name"": ""Jordan"", ""source"": ""World Development Indicators""}",2026-08-19T10:55:41.969097+00:00
629,19205072bad15620aaf3b23bcce6cf87f1b97171df1eb59767ed34d1a30c0e27,world_bank_api,indicator,"Merchandise exports (current US$)",2024-12-31,,JO,TX.VAL.MRCH.CD.WT,13534000000.0,"current USD",,"{""country_name"": ""Jordan"", ""source"": ""World Development Indicators""}",2026-08-19T10:55:41.969097+00:00
630,b28af99742979fe9970d1aafc2d95009c6533322925935f785f8da82488de608,world_bank_api,indicator,"Merchandise exports (current US$)",2023-12-31,,JO,TX.VAL.MRCH.CD.WT,12552000000.0,"current USD",,"{""country_name"": ""Jordan"", ""source"": ""World Development Indicators""}",2026-08-19T10:55:41.969097+00:00
631,f6cea1034937e472c764f9b5075c938850ff3c47d420550ab4547735a5e7d1f1,world_bank_api,indicator,"Merchandise exports (current US$)",2025-12-31,,KZ,TX.VAL.MRCH.CD.WT,78793000000.0,"current USD",,"{""country_name"": ""Kazakhstan"", ""source"": ""World Development Indicators""}",2026-08-19T10:55:41.969097+00:00
632,6d83f24849e8b13a3721789dd05efcf8dae2b9a001712a80f2b2bb0c71340a8e,world_bank_api,indicator,"Merchandise exports (current US$)",2024-12-31,,KZ,TX.VAL.MRCH.CD.WT,82471000000.0,"current USD",,"{""country_name"": ""Kazakhstan"", ""source"": ""World Development Indicators""}",2026-08-19T10:55:41.969097+00:00
633,192a78bef38794bdd5f980ed421ba7ee7866ad4dc41c556198c01c29771114ff,world_bank_api,indicator,"Merchandise exports (current US$)",2023-12-31,,KZ,TX.VAL.MRCH.CD.WT,78533000000.0,"current USD",,"{""country_name"": ""Kazakhstan"", ""source"": ""World Development Indicators""}",2026-08-19T10:55:41.969097+00:00
634,bd693688a9086f209a06a825609657eb0b8f8e99028dadb50587578e3e34f794,world_bank_api,indicator,"Merchandise exports (current US$)",2025-12-31,,KE,TX.VAL.MRCH.CD.WT,8601000000.0,"current USD",,"{""country_name"": ""Kenya"", ""source"": ""World Development Indicators""}",2026-08-19T10:55:41.969097+00:00
635,90129f3c6e45b9e8b7542c317c48abca8efb94ef71f43cef80161483aa07bd0e,world_bank_api,indicator,"Merchandise exports (current US$)",2024-12-31,,KE,TX.VAL.MRCH.CD.WT,8237000000.0,"current USD",,"{""country_name"": ""Kenya"", ""source"": ""World Development Indicators""}",2026-08-19T10:55:41.969097+00:00
636,fb1828764db808a95a2b128a3dc5ad0fb68a2b35f667b9ca2eae2b8e39544aa4,world_bank_api,indicator,"Merchandise exports (current US$)",2023-12-31,,KE,TX.VAL.MRCH.CD.WT,7191000000.0,"current USD",,"{""country_name"": ""Kenya"", ""source"": ""World Development Indicators""}",2026-08-19T10:55:41.969097+00:00
637,4b00df4fe6586063f8e6315f4f5129b06e6bed833ff1c77cfe1d6648b1d94194,world_bank_api,indicator,"Merchandise exports (current US$)",2025-12-31,,KI,TX.VAL.MRCH.CD.WT,20000000.0,"current USD",,"{""country_name"": ""Kiribati"", ""source"": ""World Development Indicators""}",2026-08-19T10:55:41.969097+00:00
638,def6986844b95ba3af76eefada738ca3df8656d5d545d9eaf7dbf9f57a2cc271,world_bank_api,indicator,"Merchandise exports (current US$)",2024-12-31,,KI,TX.VAL.MRCH.CD.WT,24000000.0,"current USD",,"{""country_name"": ""Kiribati"", ""source"": ""World Development Indicators""}",2026-08-19T10:55:41.969097+00:00
639,7a0bc3382866020f5d621eeb106b812458deca5d32f17e0dd036a3f791b2fd23,world_bank_api,indicator,"Merchandise exports (current US$)",2023-12-31,,KI,TX.VAL.MRCH.CD.WT,19000000.0,"current USD",,"{""country_name"": ""Kiribati"", ""source"": ""World Development Indicators""}",2026-08-19T10:55:41.969097+00:00
640,7ef4ab3ef879dfc0f4557e658b66d511308964827f10872238e512051b314469,world_bank_api,indicator,"Merchandise exports (current US$)",2025-12-31,,KP,TX.VAL.MRCH.CD.WT,611000000.0,"current USD",,"{""country_name"": ""Korea, Dem. People's Rep."", ""source"": ""World Development Indicators""}",2026-08-19T10:55:41.969097+00:00
641,7c1e09953ff229ce8c599948556c6822c3dd132c48a5abefd40d80bd7f788f17,world_bank_api,indicator,"Merchandise exports (current US$)",2024-12-31,,KP,TX.VAL.MRCH.CD.WT,360000000.0,"current USD",,"{""country_name"": ""Korea, Dem. People's Rep."", ""source"": ""World Development Indicators""}",2026-08-19T10:55:41.969097+00:00
642,b340f1d400a7acd8cfce5373a328f898b47d8717979799121302756a74d7f071,world_bank_api,indicator,"Merchandise exports (current US$)",2023-12-31,,KP,TX.VAL.MRCH.CD.WT,330000000.0,"current USD",,"{""country_name"": ""Korea, Dem. People's Rep."", ""source"": ""World Development Indicators""}",2026-08-19T10:55:41.969097+00:00
643,6bed7cd23bc4e02f245068de8e9aa0176e9ede94c956b626921e3e4abe50c28e,world_bank_api,indicator,"Merchandise exports (current US$)",2025-12-31,,KR,TX.VAL.MRCH.CD.WT,709330000000.0,"current USD",,"{""country_name"": ""Korea, Rep."", ""source"": ""World Development Indicators""}",2026-08-19T10:55:41.969097+00:00
644,8c8dee8d4ef44714978deac6fd4a44e4c567294a5e8dcd120def88c0e07e55ab,world_bank_api,indicator,"Merchandise exports (current US$)",2024-12-31,,KR,TX.VAL.MRCH.CD.WT,683609000000.0,"current USD",,"{""country_name"": ""Korea, Rep."", ""source"": ""World Development Indicators""}",2026-08-19T10:55:41.969097+00:00
645,b16a2412fb961c0e94254ea6644f0d1fcf4dca9317e2b1ac799e4cd9ecbfd5b6,world_bank_api,indicator,"Merchandise exports (current US$)",2023-12-31,,KR,TX.VAL.MRCH.CD.WT,632226000000.0,"current USD",,"{""country_name"": ""Korea, Rep."", ""source"": ""World Development Indicators""}",2026-08-19T10:55:41.969097+00:00
646,a70cc868e1278b9f342897637d4f467e23c8dce7113889a2f9790e1cf194131b,world_bank_api,indicator,"Merchandise exports (current US$)",2025-12-31,,KW,TX.VAL.MRCH.CD.WT,72073000000.0,"current USD",,"{""country_name"": ""Kuwait"", ""source"": ""World Development Indicators""}",2026-08-19T10:55:41.969097+00:00
647,0880fe49b174847fa8b85508aa881b5fc37e9aa0d08397f781d4881e63310d31,world_bank_api,indicator,"Merchandise exports (current US$)",2024-12-31,,KW,TX.VAL.MRCH.CD.WT,75150000000.0,"current USD",,"{""country_name"": ""Kuwait"", ""source"": ""World Development Indicators""}",2026-08-19T10:55:41.969097+00:00
648,3df75b6ddbbe6914737365fcd7e9c9c1a76f7bdfb890331c9749074381bce156,world_bank_api,indicator,"Merchandise exports (current US$)",2023-12-31,,KW,TX.VAL.MRCH.CD.WT,83981000000.0,"current USD",,"{""country_name"": ""Kuwait"", ""source"": ""World Development Indicators""}",2026-08-19T10:55:41.969097+00:00
649,d100a48a28e95dc59b9d11647c7cb1b2b42ed5f46a1f23da6aacf6b41c4c108e,world_bank_api,indicator,"Merchandise exports (current US$)",2025-12-31,,KG,TX.VAL.MRCH.CD.WT,2852000000.0,"current USD",,"{""country_name"": ""Kyrgyz Republic"", ""source"": ""World Development Indicators""}",2026-08-19T10:55:41.969097+00:00
650,522fa7494d532269b8cc5058ec39283dffa9d6cea18dd579b003df9fd4f68595,world_bank_api,indicator,"Merchandise exports (current US$)",2024-12-31,,KG,TX.VAL.MRCH.CD.WT,5142000000.0,"current USD",,"{""country_name"": ""Kyrgyz Republic"", ""source"": ""World Development Indicators""}",2026-08-19T10:55:41.969097+00:00
651,941538417f9dd1351e765665cdf5a0484f4099d67809d71eb70a71509b24c5a6,world_bank_api,indicator,"Merchandise exports (current US$)",2023-12-31,,KG,TX.VAL.MRCH.CD.WT,3385000000.0,"current USD",,"{""country_name"": ""Kyrgyz Republic"", ""source"": ""World Development Indicators""}",2026-08-19T10:55:41.969097+00:00
652,4cc4f7b2cd3acf7155c225cea3e030412b4642187eecf620ea6dd7f0badd6c1d,world_bank_api,indicator,"Merchandise exports (current US$)",2025-12-31,,LA,TX.VAL.MRCH.CD.WT,12377000000.0,"current USD",,"{""country_name"": ""Lao PDR"", ""source"": ""World Development Indicators""}",2026-08-19T10:55:41.969097+00:00
653,56798e41cec594e28ee7842be41bce29d0f277d07bc642837f7c1536fe0522ef,world_bank_api,indicator,"Merchandise exports (current US$)",2024-12-31,,LA,TX.VAL.MRCH.CD.WT,9386000000.0,"current USD",,"{""country_name"": ""Lao PDR"", ""source"": ""World Development Indicators""}",2026-08-19T10:55:41.969097+00:00
654,23ed68e4f2c35800bef2b61dde3dfa0fb8d37322622abd950cf22aa92ffc7a5b,world_bank_api,indicator,"Merchandise exports (current US$)",2023-12-31,,LA,TX.VAL.MRCH.CD.WT,8370000000.0,"current USD",,"{""country_name"": ""Lao PDR"", ""source"": ""World Development Indicators""}",2026-08-19T10:55:41.969097+00:00
655,0ccfd871f8cb5404b886bfc935bcd453d64a1e384f484922ffd6b7c8009e41b2,world_bank_api,indicator,"Merchandise exports (current US$)",2025-12-31,,LV,TX.VAL.MRCH.CD.WT,22122000000.0,"current USD",,"{""country_name"": ""Latvia"", ""source"": ""World Development Indicators""}",2026-08-19T10:55:41.969097+00:00
656,96624be6b81489338e0667755bdc66302de1e47c536b6f6b65bbaf1f6cb62ca8,world_bank_api,indicator,"Merchandise exports (current US$)",2024-12-31,,LV,TX.VAL.MRCH.CD.WT,20644000000.0,"current USD",,"{""country_name"": ""Latvia"", ""source"": ""World Development Indicators""}",2026-08-19T10:55:41.969097+00:00
657,7ae238bed1aa41f258f7b0a1a6c3c8ae510d09e7364cdd238d51559e67039356,world_bank_api,indicator,"Merchandise exports (current US$)",2023-12-31,,LV,TX.VAL.MRCH.CD.WT,22596000000.0,"current USD",,"{""country_name"": ""Latvia"", ""source"": ""World Development Indicators""}",2026-08-19T10:55:41.969097+00:00
658,c9ad0a9a373cf292f80731f0bed4b9c289eb88d7d810b635e6c89b59c72d31c5,world_bank_api,indicator,"Merchandise exports (current US$)",2025-12-31,,LB,TX.VAL.MRCH.CD.WT,4598000000.0,"current USD",,"{""country_name"": ""Lebanon"", ""source"": ""World Development Indicators""}",2026-08-19T10:55:41.969097+00:00
659,ddb68c205d3522aac56241fd65ab861c31b22bbee57a66b818fc2a42cd504c11,world_bank_api,indicator,"Merchandise exports (current US$)",2024-12-31,,LB,TX.VAL.MRCH.CD.WT,3781000000.0,"current USD",,"{""country_name"": ""Lebanon"", ""source"": ""World Development Indicators""}",2026-08-19T10:55:41.969097+00:00
660,ff999bb4abedb74fddce750623cbe7ef9afee8d88875d28e3e0ea60dd7545b7c,world_bank_api,indicator,"Merchandise exports (current US$)",2023-12-31,,LB,TX.VAL.MRCH.CD.WT,4139000000.0,"current USD",,"{""country_name"": ""Lebanon"", ""source"": ""World Development Indicators""}",2026-08-19T10:55:41.969097+00:00
661,6b392965a43720ff1a0509c312e8289e15cdc7e20b0a304a846953a8a962ce11,world_bank_api,indicator,"Merchandise exports (current US$)",2025-12-31,,LS,TX.VAL.MRCH.CD.WT,773000000.0,"current USD",,"{""country_name"": ""Lesotho"", ""source"": ""World Development Indicators""}",2026-08-19T10:55:41.969097+00:00
662,9941b330191e933e982a304eba8b036b0119233bfb01a26c706f7888c1efbd05,world_bank_api,indicator,"Merchandise exports (current US$)",2024-12-31,,LS,TX.VAL.MRCH.CD.WT,991000000.0,"current USD",,"{""country_name"": ""Lesotho"", ""source"": ""World Development Indicators""}",2026-08-19T10:55:41.969097+00:00
663,6852265ee0c6abc0db9c457d401f3dd92c5a2d72e9eea78eca72925db80bfdaa,world_bank_api,indicator,"Merchandise exports (current US$)",2023-12-31,,LS,TX.VAL.MRCH.CD.WT,825000000.0,"current USD",,"{""country_name"": ""Lesotho"", ""source"": ""World Development Indicators""}",2026-08-19T10:55:41.969097+00:00
664,11a060a05d2c943cc1af24cb2f3ca386d9928f74df53675e3c04a1c629846e15,world_bank_api,indicator,"Merchandise exports (current US$)",2025-12-31,,LR,TX.VAL.MRCH.CD.WT,2068000000.0,"current USD",,"{""country_name"": ""Liberia"", ""source"": ""World Development Indicators""}",2026-08-19T10:55:41.969097+00:00
665,ac405f959fbf3eaf52355a0cfbb422b41a197980e772e6bf940d07846ad25ea3,world_bank_api,indicator,"Merchandise exports (current US$)",2024-12-31,,LR,TX.VAL.MRCH.CD.WT,1310000000.0,"current USD",,"{""country_name"": ""Liberia"", ""source"": ""World Development Indicators""}",2026-08-19T10:55:41.969097+00:00
666,90726ca8e28f8102ec23447efdadd27aa60ae82f20d4f85a4d6799f0153ad698,world_bank_api,indicator,"Merchandise exports (current US$)",2023-12-31,,LR,TX.VAL.MRCH.CD.WT,1105000000.0,"current USD",,"{""country_name"": ""Liberia"", ""source"": ""World Development Indicators""}",2026-08-19T10:55:41.969097+00:00
667,bc0aef02ea046d9ef2ac465039b8ca29ca920fd084699473c2d8b9e29a41f9b7,world_bank_api,indicator,"Merchandise exports (current US$)",2025-12-31,,LY,TX.VAL.MRCH.CD.WT,30085000000.0,"current USD",,"{""country_name"": ""Libya"", ""source"": ""World Development Indicators""}",2026-08-19T10:55:41.969097+00:00
668,1bfa9eae9ab9e8778b93d75e7a67c1f03ecf93c02aa0fb31e20480ab97bac2ea,world_bank_api,indicator,"Merchandise exports (current US$)",2024-12-31,,LY,TX.VAL.MRCH.CD.WT,30191000000.0,"current USD",,"{""country_name"": ""Libya"", ""source"": ""World Development Indicators""}",2026-08-19T10:55:41.969097+00:00
669,31c90bd1f17de79375028e2017ec29c2cd18a70dc21155e28ecb846795bf94d3,world_bank_api,indicator,"Merchandise exports (current US$)",2023-12-31,,LY,TX.VAL.MRCH.CD.WT,33079000000.0,"current USD",,"{""country_name"": ""Libya"", ""source"": ""World Development Indicators""}",2026-08-19T10:55:41.969097+00:00
670,9a6c46c92b63c0707bda8b1fcdfe63fcc70c60369facbdfbaf8b4f1764b38abc,world_bank_api,indicator,"Merchandise exports (current US$)",2025-12-31,,LT,TX.VAL.MRCH.CD.WT,41626000000.0,"current USD",,"{""country_name"": ""Lithuania"", ""source"": ""World Development Indicators""}",2026-08-19T10:55:41.969097+00:00
671,6051cded039c47072830b0a2a5070d16317af18402043f5f61d51e09ab0f5c71,world_bank_api,indicator,"Merchandise exports (current US$)",2024-12-31,,LT,TX.VAL.MRCH.CD.WT,39813000000.0,"current USD",,"{""country_name"": ""Lithuania"", ""source"": ""World Development Indicators""}",2026-08-19T10:55:41.969097+00:00
672,7dbebb7191b885ff418252d4cd4252608d1dfe1af1ace3abfb3ccd65b1105c3d,world_bank_api,indicator,"Merchandise exports (current US$)",2023-12-31,,LT,TX.VAL.MRCH.CD.WT,42981000000.0,"current USD",,"{""country_name"": ""Lithuania"", ""source"": ""World Development Indicators""}",2026-08-19T10:55:41.969097+00:00
673,135ebab91459af7c4df3953acf7e8128e7b516d97d95290bb01e756559d1e7eb,world_bank_api,indicator,"Merchandise exports (current US$)",2025-12-31,,LU,TX.VAL.MRCH.CD.WT,18390000000.0,"current USD",,"{""country_name"": ""Luxembourg"", ""source"": ""World Development Indicators""}",2026-08-19T10:55:41.969097+00:00
674,d353d797aed8444cfc92559aad950251a7fe233ef1ea70597ec4d9b5a593c6f4,world_bank_api,indicator,"Merchandise exports (current US$)",2024-12-31,,LU,TX.VAL.MRCH.CD.WT,16197000000.0,"current USD",,"{""country_name"": ""Luxembourg"", ""source"": ""World Development Indicators""}",2026-08-19T10:55:41.969097+00:00
675,73e67a6048f9f7b0acbb1e99edcfa9be50a54c0e752fedcb53ec9804c89d04c7,world_bank_api,indicator,"Merchandise exports (current US$)",2023-12-31,,LU,TX.VAL.MRCH.CD.WT,17189000000.0,"current USD",,"{""country_name"": ""Luxembourg"", ""source"": ""World Development Indicators""}",2026-08-19T10:55:41.969097+00:00
676,826c88f40327733df20cc27d935bb7ea9a17c841fdaddcba623a6f2ce3c419b6,world_bank_api,indicator,"Merchandise exports (current US$)",2025-12-31,,MO,TX.VAL.MRCH.CD.WT,1734000000.0,"current USD",,"{""country_name"": ""Macao SAR, China"", ""source"": ""World Development Indicators""}",2026-08-19T10:55:41.969097+00:00
677,d414baecf5ba984d76f8284204d88c93708d7563d4e17813490af0b418dd4874,world_bank_api,indicator,"Merchandise exports (current US$)",2024-12-31,,MO,TX.VAL.MRCH.CD.WT,1678000000.0,"current USD",,"{""country_name"": ""Macao SAR, China"", ""source"": ""World Development Indicators""}",2026-08-19T10:55:41.969097+00:00
678,933e628342e9125c062c4bda19038cf9c7b814bba9cbd6c00de9aaeb500d5eb5,world_bank_api,indicator,"Merchandise exports (current US$)",2023-12-31,,MO,TX.VAL.MRCH.CD.WT,1654000000.0,"current USD",,"{""country_name"": ""Macao SAR, China"", ""source"": ""World Development Indicators""}",2026-08-19T10:55:41.969097+00:00
679,94289297ac436e6f17b83ef49c138c86701ec0529f4df72b0e45e7b579223076,world_bank_api,indicator,"Merchandise exports (current US$)",2025-12-31,,MG,TX.VAL.MRCH.CD.WT,2498000000.0,"current USD",,"{""country_name"": ""Madagascar"", ""source"": ""World Development Indicators""}",2026-08-19T10:55:41.969097+00:00
680,048d13f1ef5de1d4068ddae9dea6747ce91c7b89e40270b95e29813d29981f37,world_bank_api,indicator,"Merchandise exports (current US$)",2024-12-31,,MG,TX.VAL.MRCH.CD.WT,2582000000.0,"current USD",,"{""country_name"": ""Madagascar"", ""source"": ""World Development Indicators""}",2026-08-19T10:55:41.969097+00:00
681,82fc995d7065a2c114eb4cb219695ff1aa025eeb83ab8e3f139bfb3ddf1777bd,world_bank_api,indicator,"Merchandise exports (current US$)",2023-12-31,,MG,TX.VAL.MRCH.CD.WT,3213000000.0,"current USD",,"{""country_name"": ""Madagascar"", ""source"": ""World Development Indicators""}",2026-08-19T10:55:41.969097+00:00
682,438d7ef66c5a3557cde91a2c0da90200e49946b57b005e677000208d80f7c8d0,world_bank_api,indicator,"Merchandise exports (current US$)",2025-12-31,,MW,TX.VAL.MRCH.CD.WT,947000000.0,"current USD",,"{""country_name"": ""Malawi"", ""source"": ""World Development Indicators""}",2026-08-19T10:55:41.969097+00:00
683,255a2808902a07175eca4e26b190d37c7b22ff26189c4c0e85c75e0aa41b9ddd,world_bank_api,indicator,"Merchandise exports (current US$)",2024-12-31,,MW,TX.VAL.MRCH.CD.WT,958000000.0,"current USD",,"{""country_name"": ""Malawi"", ""source"": ""World Development Indicators""}",2026-08-19T10:55:41.969097+00:00
684,cfa12598bb8a4099dd7fbf2456a6789bcfdad01b213351833e931932b1d84572,world_bank_api,indicator,"Merchandise exports (current US$)",2023-12-31,,MW,TX.VAL.MRCH.CD.WT,966000000.0,"current USD",,"{""country_name"": ""Malawi"", ""source"": ""World Development Indicators""}",2026-08-19T10:55:41.969097+00:00
685,1e5b856baeb6351a53db7626b18b583fb9ed116ed176da554e495090047964ea,world_bank_api,indicator,"Merchandise exports (current US$)",2025-12-31,,MY,TX.VAL.MRCH.CD.WT,376041000000.0,"current USD",,"{""country_name"": ""Malaysia"", ""source"": ""World Development Indicators""}",2026-08-19T10:55:41.969097+00:00
686,7f50faf635b2b8788849838492e201a6eaa9ff9fb5b398014fa556874a173430,world_bank_api,indicator,"Merchandise exports (current US$)",2024-12-31,,MY,TX.VAL.MRCH.CD.WT,330761000000.0,"current USD",,"{""country_name"": ""Malaysia"", ""source"": ""World Development Indicators""}",2026-08-19T10:55:41.969097+00:00
687,c201fb3da38865ceb6f5978e1b606552cd628f068f65079baf4c75813073ffaf,world_bank_api,indicator,"Merchandise exports (current US$)",2023-12-31,,MY,TX.VAL.MRCH.CD.WT,312965000000.0,"current USD",,"{""country_name"": ""Malaysia"", ""source"": ""World Development Indicators""}",2026-08-19T10:55:41.969097+00:00
688,9561a167c0d7709177d5f3fb76c23b0e636e6773f750e647c91e977429ae4670,world_bank_api,indicator,"Merchandise exports (current US$)",2025-12-31,,MV,TX.VAL.MRCH.CD.WT,444000000.0,"current USD",,"{""country_name"": ""Maldives"", ""source"": ""World Development Indicators""}",2026-08-19T10:55:41.969097+00:00
689,2f4ee400a4001f1248bbc69aec881b79b74d4fb7cf3cc123cb4ecda8e771e3f1,world_bank_api,indicator,"Merchandise exports (current US$)",2024-12-31,,MV,TX.VAL.MRCH.CD.WT,383000000.0,"current USD",,"{""country_name"": ""Maldives"", ""source"": ""World Development Indicators""}",2026-08-19T10:55:41.969097+00:00
690,dc802c5effe6f75a8cb2537f5218564e36922dd4054aa4013890e195b04eb09d,world_bank_api,indicator,"Merchandise exports (current US$)",2023-12-31,,MV,TX.VAL.MRCH.CD.WT,421000000.0,"current USD",,"{""country_name"": ""Maldives"", ""source"": ""World Development Indicators""}",2026-08-19T10:55:41.969097+00:00
691,02012c84e5a183d2cdad3178d8381d254f3165383d652824aafaf747aca2d2f5,world_bank_api,indicator,"Merchandise exports (current US$)",2025-12-31,,ML,TX.VAL.MRCH.CD.WT,4855000000.0,"current USD",,"{""country_name"": ""Mali"", ""source"": ""World Development Indicators""}",2026-08-19T10:55:41.969097+00:00
692,6ab87a32d73314369ffbfde3402f70eead5fa24112fa8548cb3582a3ed5b7492,world_bank_api,indicator,"Merchandise exports (current US$)",2024-12-31,,ML,TX.VAL.MRCH.CD.WT,5534000000.0,"current USD",,"{""country_name"": ""Mali"", ""source"": ""World Development Indicators""}",2026-08-19T10:55:41.969097+00:00
693,781d621fd60be3c96348646e3dcae567c3a4dd030088cbfd00728b15957d1a89,world_bank_api,indicator,"Merchandise exports (current US$)",2023-12-31,,ML,TX.VAL.MRCH.CD.WT,5655000000.0,"current USD",,"{""country_name"": ""Mali"", ""source"": ""World Development Indicators""}",2026-08-19T10:55:41.969097+00:00
694,44afeec8ff14ec80dc4f96b8b6d398a25dc83961186cbb9245533a02f770aa71,world_bank_api,indicator,"Merchandise exports (current US$)",2025-12-31,,MT,TX.VAL.MRCH.CD.WT,3819000000.0,"current USD",,"{""country_name"": ""Malta"", ""source"": ""World Development Indicators""}",2026-08-19T10:55:41.969097+00:00
695,da4f0561d83ecfc96d4d6e26b405e2915da8221298f4574d33804f7432e30a6b,world_bank_api,indicator,"Merchandise exports (current US$)",2024-12-31,,MT,TX.VAL.MRCH.CD.WT,3782000000.0,"current USD",,"{""country_name"": ""Malta"", ""source"": ""World Development Indicators""}",2026-08-19T10:55:41.969097+00:00
696,4e184885b5f4f185c2c60f3d78a8292d1480f6821870b7aef9f8a3d3a1dcb851,world_bank_api,indicator,"Merchandise exports (current US$)",2023-12-31,,MT,TX.VAL.MRCH.CD.WT,3467000000.0,"current USD",,"{""country_name"": ""Malta"", ""source"": ""World Development Indicators""}",2026-08-19T10:55:41.969097+00:00
697,8a86a90f4eebc76a6aec11c7f0b9c8270d492ae5fbffc76bc14c4cf4eeecc7ab,world_bank_api,indicator,"Merchandise exports (current US$)",2025-12-31,,MH,TX.VAL.MRCH.CD.WT,72000000.0,"current USD",,"{""country_name"": ""Marshall Islands"", ""source"": ""World Development Indicators""}",2026-08-19T10:55:41.969097+00:00
698,6e3208bc3cfe75e7114743b89a426ba889a1aaf6257e061a5bfc388b85a99647,world_bank_api,indicator,"Merchandise exports (current US$)",2024-12-31,,MH,TX.VAL.MRCH.CD.WT,67000000.0,"current USD",,"{""country_name"": ""Marshall Islands"", ""source"": ""World Development Indicators""}",2026-08-19T10:55:41.969097+00:00
699,dfcb82e6995b4dfdb39b1008770ddd37e2e4faa02493c55f714015171b1f833f,world_bank_api,indicator,"Merchandise exports (current US$)",2023-12-31,,MH,TX.VAL.MRCH.CD.WT,64000000.0,"current USD",,"{""country_name"": ""Marshall Islands"", ""source"": ""World Development Indicators""}",2026-08-19T10:55:41.969097+00:00
700,72e0f3b0b978005ebf28ea3231211731bdf22e0286335d32d2daff399499bc54,world_bank_api,indicator,"Merchandise exports (current US$)",2025-12-31,,MR,TX.VAL.MRCH.CD.WT,4510000000.0,"current USD",,"{""country_name"": ""Mauritania"", ""source"": ""World Development Indicators""}",2026-08-19T10:55:41.969097+00:00
701,bffa03d8db951a99eb73a6a5bd0b616e7d39b82fa06a78e08401697d48847bf9,world_bank_api,indicator,"Merchandise exports (current US$)",2024-12-31,,MR,TX.VAL.MRCH.CD.WT,4150000000.0,"current USD",,"{""country_name"": ""Mauritania"", ""source"": ""World Development Indicators""}",2026-08-19T10:55:41.969097+00:00
702,c490017e1066fa55c079fedb4ba866bb2df6e5e5581d6e7619dbc1d1d7b74d0e,world_bank_api,indicator,"Merchandise exports (current US$)",2023-12-31,,MR,TX.VAL.MRCH.CD.WT,4065000000.0,"current USD",,"{""country_name"": ""Mauritania"", ""source"": ""World Development Indicators""}",2026-08-19T10:55:41.969097+00:00
703,38dbc2ad8a74c0ad25770f0fae3a5ae2ceb0cc45cfda3177e48b81c11d33c862,world_bank_api,indicator,"Merchandise exports (current US$)",2025-12-31,,MU,TX.VAL.MRCH.CD.WT,2342000000.0,"current USD",,"{""country_name"": ""Mauritius"", ""source"": ""World Development Indicators""}",2026-08-19T10:55:41.969097+00:00
704,fb49e0d4a12922b4659d29b13e54cef156bd1f9afc953302fabb5cc6eeaed2a3,world_bank_api,indicator,"Merchandise exports (current US$)",2024-12-31,,MU,TX.VAL.MRCH.CD.WT,2368000000.0,"current USD",,"{""country_name"": ""Mauritius"", ""source"": ""World Development Indicators""}",2026-08-19T10:55:41.969097+00:00
705,7a38def25174de5ad2e0e44852ae31c166257a85518533d8a8778005c7f2d56a,world_bank_api,indicator,"Merchandise exports (current US$)",2023-12-31,,MU,TX.VAL.MRCH.CD.WT,2295000000.0,"current USD",,"{""country_name"": ""Mauritius"", ""source"": ""World Development Indicators""}",2026-08-19T10:55:41.969097+00:00
706,bc206d12fd4483e235d854e372f1ba4f766edd6004fb85d1657ab912ee3879c0,world_bank_api,indicator,"Merchandise exports (current US$)",2025-12-31,,MX,TX.VAL.MRCH.CD.WT,664837000000.0,"current USD",,"{""country_name"": ""Mexico"", ""source"": ""World Development Indicators""}",2026-08-19T10:55:41.969097+00:00
707,1aa53bc87247b3bcc51a7f1b4a9be746e4aff28beeb547c062dceab3ca5e024e,world_bank_api,indicator,"Merchandise exports (current US$)",2024-12-31,,MX,TX.VAL.MRCH.CD.WT,617677000000.0,"current USD",,"{""country_name"": ""Mexico"", ""source"": ""World Development Indicators""}",2026-08-19T10:55:41.969097+00:00
708,5ea0f09815ccd65271955b369be3f3f497d4c8f210933abeb060af8f32a5d1a4,world_bank_api,indicator,"Merchandise exports (current US$)",2023-12-31,,MX,TX.VAL.MRCH.CD.WT,593001000000.0,"current USD",,"{""country_name"": ""Mexico"", ""source"": ""World Development Indicators""}",2026-08-19T10:55:41.969097+00:00
709,0f5df4f4690665b470935268d3fa8842e1bce220d3a1bb9611857648eab03210,world_bank_api,indicator,"Merchandise exports (current US$)",2025-12-31,,FM,TX.VAL.MRCH.CD.WT,109000000.0,"current USD",,"{""country_name"": ""Micronesia, Fed. Sts."", ""source"": ""World Development Indicators""}",2026-08-19T10:55:41.969097+00:00
710,a35dbc7da7a91e3ffef85bafec05d5b4f4821043e465071fe965e79adbf1c79a,world_bank_api,indicator,"Merchandise exports (current US$)",2024-12-31,,FM,TX.VAL.MRCH.CD.WT,185000000.0,"current USD",,"{""country_name"": ""Micronesia, Fed. Sts."", ""source"": ""World Development Indicators""}",2026-08-19T10:55:41.969097+00:00
711,039c224781540123b33656ce0b072ee8d3132b2c2301b4a68cab2667f8f1cdc9,world_bank_api,indicator,"Merchandise exports (current US$)",2023-12-31,,FM,TX.VAL.MRCH.CD.WT,106000000.0,"current USD",,"{""country_name"": ""Micronesia, Fed. Sts."", ""source"": ""World Development Indicators""}",2026-08-19T10:55:41.969097+00:00
712,ee8a42eb3394c0faafded3f1164ded4d9ecafb4a34da7474e2917e42bd128779,world_bank_api,indicator,"Merchandise exports (current US$)",2025-12-31,,MD,TX.VAL.MRCH.CD.WT,3783000000.0,"current USD",,"{""country_name"": ""Moldova"", ""source"": ""World Development Indicators""}",2026-08-19T10:55:41.969097+00:00
713,6dbae219bfb16d0a1ea95e495122b3ee8754e300175bdc344db82893001301cb,world_bank_api,indicator,"Merchandise exports (current US$)",2024-12-31,,MD,TX.VAL.MRCH.CD.WT,3555000000.0,"current USD",,"{""country_name"": ""Moldova"", ""source"": ""World Development Indicators""}",2026-08-19T10:55:41.969097+00:00
714,01707051deff0e48e906aedc9fe37159aa980b4bedc7a15e9262069ae9de60e6,world_bank_api,indicator,"Merchandise exports (current US$)",2023-12-31,,MD,TX.VAL.MRCH.CD.WT,4049000000.0,"current USD",,"{""country_name"": ""Moldova"", ""source"": ""World Development Indicators""}",2026-08-19T10:55:41.969097+00:00
715,e79327401cfbddfc2e54d80262a37eff0083ace98f2dac5c34d07c9fd82f9581,world_bank_api,indicator,"Merchandise exports (current US$)",2025-12-31,,MN,TX.VAL.MRCH.CD.WT,15761000000.0,"current USD",,"{""country_name"": ""Mongolia"", ""source"": ""World Development Indicators""}",2026-08-19T10:55:41.969097+00:00
716,9a81115172f7fee13179ef40517035175673b1dd547c3914103abc088ffeb4f6,world_bank_api,indicator,"Merchandise exports (current US$)",2024-12-31,,MN,TX.VAL.MRCH.CD.WT,15783000000.0,"current USD",,"{""country_name"": ""Mongolia"", ""source"": ""World Development Indicators""}",2026-08-19T10:55:41.969097+00:00
717,690e5f036185335d6e89509093d1e8d0c92d02274e3a7805341d25a08fd8127c,world_bank_api,indicator,"Merchandise exports (current US$)",2023-12-31,,MN,TX.VAL.MRCH.CD.WT,15187000000.0,"current USD",,"{""country_name"": ""Mongolia"", ""source"": ""World Development Indicators""}",2026-08-19T10:55:41.969097+00:00
718,4aee8294a6c49ff88a4ba856fa490fa495bbc552d02297fd503cc8933da089eb,world_bank_api,indicator,"Merchandise exports (current US$)",2025-12-31,,ME,TX.VAL.MRCH.CD.WT,646000000.0,"current USD",,"{""country_name"": ""Montenegro"", ""source"": ""World Development Indicators""}",2026-08-19T10:55:41.969097+00:00
719,4e3e7c9558b04e1135190f9d8bf14d8e2c2738713faf8f9a7dc74e867eea7aca,world_bank_api,indicator,"Merchandise exports (current US$)",2024-12-31,,ME,TX.VAL.MRCH.CD.WT,664000000.0,"current USD",,"{""country_name"": ""Montenegro"", ""source"": ""World Development Indicators""}",2026-08-19T10:55:41.969097+00:00
720,f5be343a2bfbd711cd6d53ac5d378bc3625290415c5bde9183da62b9448e5f8e,world_bank_api,indicator,"Merchandise exports (current US$)",2023-12-31,,ME,TX.VAL.MRCH.CD.WT,729000000.0,"current USD",,"{""country_name"": ""Montenegro"", ""source"": ""World Development Indicators""}",2026-08-19T10:55:41.969097+00:00
721,bf4cadb4b0c8a36b9d1390c4e6e6c037b60e5eab72f2b5d58935daf92dfbe9a9,world_bank_api,indicator,"Merchandise exports (current US$)",2025-12-31,,MA,TX.VAL.MRCH.CD.WT,49777000000.0,"current USD",,"{""country_name"": ""Morocco"", ""source"": ""World Development Indicators""}",2026-08-19T10:55:41.969097+00:00
722,9adcf91f3121bb3fa8286774edddbcd29f8d2fb508000c92656649129a2fb1a8,world_bank_api,indicator,"Merchandise exports (current US$)",2024-12-31,,MA,TX.VAL.MRCH.CD.WT,45226000000.0,"current USD",,"{""country_name"": ""Morocco"", ""source"": ""World Development Indicators""}",2026-08-19T10:55:41.969097+00:00
723,b8323126262a1f726a0fcb7480a7741d6690e496547e3460d20385a3ef00e0fa,world_bank_api,indicator,"Merchandise exports (current US$)",2023-12-31,,MA,TX.VAL.MRCH.CD.WT,41642000000.0,"current USD",,"{""country_name"": ""Morocco"", ""source"": ""World Development Indicators""}",2026-08-19T10:55:41.969097+00:00
724,02bd605ac571d464d76c7b9f94d1160eb072becd7e6ef79bd3e64b44409eec95,world_bank_api,indicator,"Merchandise exports (current US$)",2025-12-31,,MZ,TX.VAL.MRCH.CD.WT,8100000000.0,"current USD",,"{""country_name"": ""Mozambique"", ""source"": ""World Development Indicators""}",2026-08-19T10:55:41.969097+00:00
725,a1426f8355921d2283c0e34e614b0e1656966bcdab6a9b11ddac501b3bf36e0e,world_bank_api,indicator,"Merchandise exports (current US$)",2024-12-31,,MZ,TX.VAL.MRCH.CD.WT,8211000000.0,"current USD",,"{""country_name"": ""Mozambique"", ""source"": ""World Development Indicators""}",2026-08-19T10:55:41.969097+00:00
726,1d87201fb3abf9a1eedfd7f507e8a204973940d6f220fa2b7f9addaa42c3d733,world_bank_api,indicator,"Merchandise exports (current US$)",2023-12-31,,MZ,TX.VAL.MRCH.CD.WT,8276000000.0,"current USD",,"{""country_name"": ""Mozambique"", ""source"": ""World Development Indicators""}",2026-08-19T10:55:41.969097+00:00
727,01fe9ccfdc6813c13df0b0ad9ebbe5285a61f97697d5ef6726507075d6dc8b77,world_bank_api,indicator,"Merchandise exports (current US$)",2025-12-31,,MM,TX.VAL.MRCH.CD.WT,15298000000.0,"current USD",,"{""country_name"": ""Myanmar"", ""source"": ""World Development Indicators""}",2026-08-19T10:55:41.969097+00:00
728,556b9583dd14d0079253a580627af11c35ca41623be1ab6eef6b3ba9b59120aa,world_bank_api,indicator,"Merchandise exports (current US$)",2024-12-31,,MM,TX.VAL.MRCH.CD.WT,14924000000.0,"current USD",,"{""country_name"": ""Myanmar"", ""source"": ""World Development Indicators""}",2026-08-19T10:55:41.969097+00:00
729,de74a32b68e56bdfb5b7ed0db2a4af6b25e5f81ea455710c304912145d04e60b,world_bank_api,indicator,"Merchandise exports (current US$)",2023-12-31,,MM,TX.VAL.MRCH.CD.WT,14753000000.0,"current USD",,"{""country_name"": ""Myanmar"", ""source"": ""World Development Indicators""}",2026-08-19T10:55:41.969097+00:00
730,a2c2d357220f9dfa59a2b15bcfb0e7b301488f8d63babcbe4a7d187e44b8a9fe,world_bank_api,indicator,"Merchandise exports (current US$)",2025-12-31,,NA,TX.VAL.MRCH.CD.WT,7024000000.0,"current USD",,"{""country_name"": ""Namibia"", ""source"": ""World Development Indicators""}",2026-08-19T10:55:41.969097+00:00
731,b9b1ef5e5269ef1644984b36020770cee55a8059413db1dc5d85a261d1d249fe,world_bank_api,indicator,"Merchandise exports (current US$)",2024-12-31,,NA,TX.VAL.MRCH.CD.WT,6544000000.0,"current USD",,"{""country_name"": ""Namibia"", ""source"": ""World Development Indicators""}",2026-08-19T10:55:41.969097+00:00
732,dec7c4ea14bccfbfe56f38acd6c2dfbf686cec102f2ffbe5a8d0f8c2dbecb539,world_bank_api,indicator,"Merchandise exports (current US$)",2023-12-31,,NA,TX.VAL.MRCH.CD.WT,5526000000.0,"current USD",,"{""country_name"": ""Namibia"", ""source"": ""World Development Indicators""}",2026-08-19T10:55:41.969097+00:00
733,76b0e818b5966cf300105471427cbe470db4e6b9af893255de7ae577d68b789f,world_bank_api,indicator,"Merchandise exports (current US$)",2025-12-31,,NR,TX.VAL.MRCH.CD.WT,31000000.0,"current USD",,"{""country_name"": ""Naoero"", ""source"": ""World Development Indicators""}",2026-08-19T10:55:41.969097+00:00
734,4b80fadfefa057e5111829e591c9f77895b1b35692ad784a77f1aa6a1015b47d,world_bank_api,indicator,"Merchandise exports (current US$)",2024-12-31,,NR,TX.VAL.MRCH.CD.WT,34000000.0,"current USD",,"{""country_name"": ""Naoero"", ""source"": ""World Development Indicators""}",2026-08-19T10:55:41.969097+00:00
735,dae33687372977ad82ce075675e33d9f9e30fb2fb7a234e6ac0302224b977c73,world_bank_api,indicator,"Merchandise exports (current US$)",2023-12-31,,NR,TX.VAL.MRCH.CD.WT,38000000.0,"current USD",,"{""country_name"": ""Naoero"", ""source"": ""World Development Indicators""}",2026-08-19T10:55:41.969097+00:00
736,fb74eec128ed8d7f3a4b163cb0d3dc3816b4a49a87c3b176c00dda954fa2f273,world_bank_api,indicator,"Merchandise exports (current US$)",2025-12-31,,NP,TX.VAL.MRCH.CD.WT,2311000000.0,"current USD",,"{""country_name"": ""Nepal"", ""source"": ""World Development Indicators""}",2026-08-19T10:55:41.969097+00:00
737,61fb749dabd0ec7b380f0a4d41622adc40ca955b0dfb5abe9ff84dd9e8d841a9,world_bank_api,indicator,"Merchandise exports (current US$)",2024-12-31,,NP,TX.VAL.MRCH.CD.WT,1316000000.0,"current USD",,"{""country_name"": ""Nepal"", ""source"": ""World Development Indicators""}",2026-08-19T10:55:41.969097+00:00
738,a8de6c8362b711be88ffc4094a728fdebc1add71f6de54f1eb7250a4cba6a82c,world_bank_api,indicator,"Merchandise exports (current US$)",2023-12-31,,NP,TX.VAL.MRCH.CD.WT,1145000000.0,"current USD",,"{""country_name"": ""Nepal"", ""source"": ""World Development Indicators""}",2026-08-19T10:55:41.969097+00:00
739,c17adda82cb3a9679f1255bfb28b538a20f8d5bea3ea20178402d7ec9d8e68b2,world_bank_api,indicator,"Merchandise exports (current US$)",2025-12-31,,NL,TX.VAL.MRCH.CD.WT,989237000000.0,"current USD",,"{""country_name"": ""Netherlands"", ""source"": ""World Development Indicators""}",2026-08-19T10:55:41.969097+00:00
740,3547ac491ccd6a76c72acbbc12b8b13af6bda29b6c2e2aa8bf3e61b36f5bf09c,world_bank_api,indicator,"Merchandise exports (current US$)",2024-12-31,,NL,TX.VAL.MRCH.CD.WT,920540000000.0,"current USD",,"{""country_name"": ""Netherlands"", ""source"": ""World Development Indicators""}",2026-08-19T10:55:41.969097+00:00
741,e2bdce0c12ca6bd30130c7dbbd20225661a3295b22d0264e90d98c559d4c6464,world_bank_api,indicator,"Merchandise exports (current US$)",2023-12-31,,NL,TX.VAL.MRCH.CD.WT,935047000000.0,"current USD",,"{""country_name"": ""Netherlands"", ""source"": ""World Development Indicators""}",2026-08-19T10:55:41.969097+00:00
742,1824f99c37110de0e920e277d9c6b723040f0b77313268f1ffe28aa88ba193a8,world_bank_api,indicator,"Merchandise exports (current US$)",2025-12-31,,NC,TX.VAL.MRCH.CD.WT,1265000000.0,"current USD",,"{""country_name"": ""New Caledonia"", ""source"": ""World Development Indicators""}",2026-08-19T10:55:41.969097+00:00
743,d59790e41ba71b444244572e6651a5806a7a646e64d99c87b9aa0f321a526556,world_bank_api,indicator,"Merchandise exports (current US$)",2024-12-31,,NC,TX.VAL.MRCH.CD.WT,1237000000.0,"current USD",,"{""country_name"": ""New Caledonia"", ""source"": ""World Development Indicators""}",2026-08-19T10:55:41.969097+00:00
744,9ff2b542f8ea95702d6211b1936b90c05eb12014a5bdc98eae4d6cd7d529ee73,world_bank_api,indicator,"Merchandise exports (current US$)",2023-12-31,,NC,TX.VAL.MRCH.CD.WT,2116000000.0,"current USD",,"{""country_name"": ""New Caledonia"", ""source"": ""World Development Indicators""}",2026-08-19T10:55:41.969097+00:00
745,88d8fb6cfd14eb358fe4277e7d0dbf76be737220fb06ad264125725e6311648f,world_bank_api,indicator,"Merchandise exports (current US$)",2025-12-31,,NZ,TX.VAL.MRCH.CD.WT,46699000000.0,"current USD",,"{""country_name"": ""New Zealand"", ""source"": ""World Development Indicators""}",2026-08-19T10:55:41.969097+00:00
746,5b4cab05e8397192e6ca6fe35f827ed9ef6768a347884ac0564096e5a88c14f7,world_bank_api,indicator,"Merchandise exports (current US$)",2024-12-31,,NZ,TX.VAL.MRCH.CD.WT,42289000000.0,"current USD",,"{""country_name"": ""New Zealand"", ""source"": ""World Development Indicators""}",2026-08-19T10:55:41.969097+00:00
747,2cdea2933d8d1cf71bb4795b0ebfeac2422fdab5c9fbbd7bb812b7a9c65a3dd1,world_bank_api,indicator,"Merchandise exports (current US$)",2023-12-31,,NZ,TX.VAL.MRCH.CD.WT,41399000000.0,"current USD",,"{""country_name"": ""New Zealand"", ""source"": ""World Development Indicators""}",2026-08-19T10:55:41.969097+00:00
748,cfc5020c8d98228412153398821519c809b227f80ddeacff76f3c124eea38a8e,world_bank_api,indicator,"Merchandise exports (current US$)",2025-12-31,,NI,TX.VAL.MRCH.CD.WT,8893000000.0,"current USD",,"{""country_name"": ""Nicaragua"", ""source"": ""World Development Indicators""}",2026-08-19T10:55:41.969097+00:00
749,8c5d00ba491bfb018d1dbca327343ae053780c6ae84ab1b0052c0ad4e4dbb092,world_bank_api,indicator,"Merchandise exports (current US$)",2024-12-31,,NI,TX.VAL.MRCH.CD.WT,7522000000.0,"current USD",,"{""country_name"": ""Nicaragua"", ""source"": ""World Development Indicators""}",2026-08-19T10:55:41.969097+00:00
750,ffb9e97f2c40f1ad54ae00cc61f809727b90ffa914c76ca91a6a60df63d6c073,world_bank_api,indicator,"Merchandise exports (current US$)",2023-12-31,,NI,TX.VAL.MRCH.CD.WT,7378000000.0,"current USD",,"{""country_name"": ""Nicaragua"", ""source"": ""World Development Indicators""}",2026-08-19T10:55:41.969097+00:00
751,8dfcd66f4171e3e4a4a7810cc7def90b266ad945f572e18f6f369f37ecfd3e7d,world_bank_api,indicator,"Merchandise exports (current US$)",2025-12-31,,NE,TX.VAL.MRCH.CD.WT,1900000000.0,"current USD",,"{""country_name"": ""Niger"", ""source"": ""World Development Indicators""}",2026-08-19T10:55:41.969097+00:00
752,43adb083517b4f926d8888a5206853ad2c6bfec0da25c15ef2bfd546768e8151,world_bank_api,indicator,"Merchandise exports (current US$)",2024-12-31,,NE,TX.VAL.MRCH.CD.WT,1516000000.0,"current USD",,"{""country_name"": ""Niger"", ""source"": ""World Development Indicators""}",2026-08-19T10:55:41.969097+00:00
753,8fa826b72a0b088933c369fc9b6bc5bed0e258e7a1591fa8327e23337aee71dd,world_bank_api,indicator,"Merchandise exports (current US$)",2023-12-31,,NE,TX.VAL.MRCH.CD.WT,992000000.0,"current USD",,"{""country_name"": ""Niger"", ""source"": ""World Development Indicators""}",2026-08-19T10:55:41.969097+00:00
754,76a02b96576177e62f251fe5cd84c9c7d5ee79718fa86aba1166dbe2754e457d,world_bank_api,indicator,"Merchandise exports (current US$)",2025-12-31,,NG,TX.VAL.MRCH.CD.WT,55468000000.0,"current USD",,"{""country_name"": ""Nigeria"", ""source"": ""World Development Indicators""}",2026-08-19T10:55:41.969097+00:00
755,e6d1151f22158387e01c5218fc866cb08e37d82135b8930ba309144727304276,world_bank_api,indicator,"Merchandise exports (current US$)",2024-12-31,,NG,TX.VAL.MRCH.CD.WT,53320000000.0,"current USD",,"{""country_name"": ""Nigeria"", ""source"": ""World Development Indicators""}",2026-08-19T10:55:41.969097+00:00
756,e5993064a64b15f6fe8a887a60f813650a4b64441013827dcccf255a231b0d64,world_bank_api,indicator,"Merchandise exports (current US$)",2023-12-31,,NG,TX.VAL.MRCH.CD.WT,55182000000.0,"current USD",,"{""country_name"": ""Nigeria"", ""source"": ""World Development Indicators""}",2026-08-19T10:55:41.969097+00:00
757,f73c4777b46e7f2966c45b53dc50a0d52179dfb5e60c8bce617579d46d71d067,world_bank_api,indicator,"Merchandise exports (current US$)",2025-12-31,,MK,TX.VAL.MRCH.CD.WT,9056000000.0,"current USD",,"{""country_name"": ""North Macedonia"", ""source"": ""World Development Indicators""}",2026-08-19T10:55:41.969097+00:00
758,b1740916b0bb6401eb72740cbf4c66338d49747f3e591ef4c5e55ced3f5de9b3,world_bank_api,indicator,"Merchandise exports (current US$)",2024-12-31,,MK,TX.VAL.MRCH.CD.WT,8422000000.0,"current USD",,"{""country_name"": ""North Macedonia"", ""source"": ""World Development Indicators""}",2026-08-19T10:55:41.969097+00:00
759,535e905613666a16b202db7cf42eb0e090222e35e76d7c551c31416208a9f2a0,world_bank_api,indicator,"Merchandise exports (current US$)",2023-12-31,,MK,TX.VAL.MRCH.CD.WT,8999000000.0,"current USD",,"{""country_name"": ""North Macedonia"", ""source"": ""World Development Indicators""}",2026-08-19T10:55:41.969097+00:00
760,da42ef710c2b1127886726cc01dff74058d4cdae216eeeb4863980a8738b1d3b,world_bank_api,indicator,"Merchandise exports (current US$)",2025-12-31,,MP,TX.VAL.MRCH.CD.WT,6000000.0,"current USD",,"{""country_name"": ""Northern Mariana Islands"", ""source"": ""World Development Indicators""}",2026-08-19T10:55:41.969097+00:00
761,63f9f1bf5329eed005a1483cd43d97bf1b73ed8f0745576b5ccd55086fc22bf9,world_bank_api,indicator,"Merchandise exports (current US$)",2024-12-31,,MP,TX.VAL.MRCH.CD.WT,6000000.0,"current USD",,"{""country_name"": ""Northern Mariana Islands"", ""source"": ""World Development Indicators""}",2026-08-19T10:55:41.969097+00:00
762,cc12854e9d8028237bce16f1eaf273c3e9cae67eac4f6a574807b92d8a36ae27,world_bank_api,indicator,"Merchandise exports (current US$)",2023-12-31,,MP,TX.VAL.MRCH.CD.WT,4000000.0,"current USD",,"{""country_name"": ""Northern Mariana Islands"", ""source"": ""World Development Indicators""}",2026-08-19T10:55:41.969097+00:00
763,0cd43e6212faafde3594776980b7bf6aef47eadf3cff4dff1bfde5b6626f0a2f,world_bank_api,indicator,"Merchandise exports (current US$)",2025-12-31,,NO,TX.VAL.MRCH.CD.WT,170567000000.0,"current USD",,"{""country_name"": ""Norway"", ""source"": ""World Development Indicators""}",2026-08-19T10:55:41.969097+00:00
764,a56e71e18e6661ad161f095a96ab13e6614acaf039591e1a6f1a5ff3109ea86c,world_bank_api,indicator,"Merchandise exports (current US$)",2024-12-31,,NO,TX.VAL.MRCH.CD.WT,167983000000.0,"current USD",,"{""country_name"": ""Norway"", ""source"": ""World Development Indicators""}",2026-08-19T10:55:41.969097+00:00
765,05d86d970f8e1dca03a11ee107aa11bb82ea811130a640826c7ae998d2ccc04e,world_bank_api,indicator,"Merchandise exports (current US$)",2023-12-31,,NO,TX.VAL.MRCH.CD.WT,178609000000.0,"current USD",,"{""country_name"": ""Norway"", ""source"": ""World Development Indicators""}",2026-08-19T10:55:41.969097+00:00
766,5cc8bbe56dc147f659f6cb2c247affb9a27797899b4dc0253d3b3cd3dea4b7b3,world_bank_api,indicator,"Merchandise exports (current US$)",2025-12-31,,OM,TX.VAL.MRCH.CD.WT,55276000000.0,"current USD",,"{""country_name"": ""Oman"", ""source"": ""World Development Indicators""}",2026-08-19T10:55:41.969097+00:00
767,907df2eae48b9c3ad685cbd9803109f507c5d36cd507975d4d695a07dcce6614,world_bank_api,indicator,"Merchandise exports (current US$)",2024-12-31,,OM,TX.VAL.MRCH.CD.WT,65160000000.0,"current USD",,"{""country_name"": ""Oman"", ""source"": ""World Development Indicators""}",2026-08-19T10:55:41.969097+00:00
768,a31e0aa7ec7f66e17e3df2d7b340b0aa4fd75339013d072532a88b0303a6fc9f,world_bank_api,indicator,"Merchandise exports (current US$)",2023-12-31,,OM,TX.VAL.MRCH.CD.WT,59011000000.0,"current USD",,"{""country_name"": ""Oman"", ""source"": ""World Development Indicators""}",2026-08-19T10:55:41.969097+00:00
769,9db4091ce7194f7c951f02e80fd639ea4de3c92fcd67751a0a01bb61349303e3,world_bank_api,indicator,"Merchandise exports (current US$)",2025-12-31,,PK,TX.VAL.MRCH.CD.WT,30545000000.0,"current USD",,"{""country_name"": ""Pakistan"", ""source"": ""World Development Indicators""}",2026-08-19T10:55:41.969097+00:00
770,c41f4891c910f583c3883a0103ab25a32eec2276d4e6b497355edd56164cbd50,world_bank_api,indicator,"Merchandise exports (current US$)",2024-12-31,,PK,TX.VAL.MRCH.CD.WT,32320000000.0,"current USD",,"{""country_name"": ""Pakistan"", ""source"": ""World Development Indicators""}",2026-08-19T10:55:41.969097+00:00
771,78f7482537aae3530c459697ffb117fa3126c41199e6309d0cc23d17cd6a0800,world_bank_api,indicator,"Merchandise exports (current US$)",2023-12-31,,PK,TX.VAL.MRCH.CD.WT,28470000000.0,"current USD",,"{""country_name"": ""Pakistan"", ""source"": ""World Development Indicators""}",2026-08-19T10:55:41.969097+00:00
772,af705942e5351f6ae2b7e7598ba2f2739e6aeda0829045459008e94289f49b16,world_bank_api,indicator,"Merchandise exports (current US$)",2025-12-31,,PW,TX.VAL.MRCH.CD.WT,3000000.0,"current USD",,"{""country_name"": ""Palau"", ""source"": ""World Development Indicators""}",2026-08-19T10:55:41.969097+00:00
773,7ace2250b249a7cf250a0cd7c0c66a1793a0ea7f25a9df5fc7001a80e868d1f0,world_bank_api,indicator,"Merchandise exports (current US$)",2024-12-31,,PW,TX.VAL.MRCH.CD.WT,3000000.0,"current USD",,"{""country_name"": ""Palau"", ""source"": ""World Development Indicators""}",2026-08-19T10:55:41.969097+00:00
774,de600e10c45beb312cd250570b84d50f5d6698b276651a11edad2477ec156fbf,world_bank_api,indicator,"Merchandise exports (current US$)",2023-12-31,,PW,TX.VAL.MRCH.CD.WT,7000000.0,"current USD",,"{""country_name"": ""Palau"", ""source"": ""World Development Indicators""}",2026-08-19T10:55:41.969097+00:00
775,2a2131f6ecbc708553e8b7a10e9a5495cdc555e22335cb9d237a839599a7a786,world_bank_api,indicator,"Merchandise exports (current US$)",2025-12-31,,PA,TX.VAL.MRCH.CD.WT,11903000000.0,"current USD",,"{""country_name"": ""Panama"", ""source"": ""World Development Indicators""}",2026-08-19T10:55:41.969097+00:00
776,fc6eeb3fbc8ec80547460320fc4c894dd18d10d7f8420f4954d9e3ea89371ce7,world_bank_api,indicator,"Merchandise exports (current US$)",2024-12-31,,PA,TX.VAL.MRCH.CD.WT,13181000000.0,"current USD",,"{""country_name"": ""Panama"", ""source"": ""World Development Indicators""}",2026-08-19T10:55:41.969097+00:00
777,873852fefa5db419c186f50eacf8d203e81135671063243648f6baeff426bfc7,world_bank_api,indicator,"Merchandise exports (current US$)",2023-12-31,,PA,TX.VAL.MRCH.CD.WT,16738000000.0,"current USD",,"{""country_name"": ""Panama"", ""source"": ""World Development Indicators""}",2026-08-19T10:55:41.969097+00:00
778,45c81b092f3de5ba85fb49154a35c31d439c999cd04f948fcf66058a65eb1016,world_bank_api,indicator,"Merchandise exports (current US$)",2025-12-31,,PG,TX.VAL.MRCH.CD.WT,15541000000.0,"current USD",,"{""country_name"": ""Papua New Guinea"", ""source"": ""World Development Indicators""}",2026-08-19T10:55:41.969097+00:00
779,71bf9f25183593797057c0b2cdc8e55eaa538db3b7c3eb1fbe66d11a25c630ef,world_bank_api,indicator,"Merchandise exports (current US$)",2024-12-31,,PG,TX.VAL.MRCH.CD.WT,13975000000.0,"current USD",,"{""country_name"": ""Papua New Guinea"", ""source"": ""World Development Indicators""}",2026-08-19T10:55:41.969097+00:00
780,1140813673e7cbc377ff3d2628c5bbc8499e8c4955b8b617835a6b4ac2a7b201,world_bank_api,indicator,"Merchandise exports (current US$)",2023-12-31,,PG,TX.VAL.MRCH.CD.WT,12831000000.0,"current USD",,"{""country_name"": ""Papua New Guinea"", ""source"": ""World Development Indicators""}",2026-08-19T10:55:41.969097+00:00
781,3b0aad00dc459b9e9542360804da9f657664bb24d8c2d66504f2b55fc8588b4e,world_bank_api,indicator,"Merchandise exports (current US$)",2025-12-31,,PY,TX.VAL.MRCH.CD.WT,11082000000.0,"current USD",,"{""country_name"": ""Paraguay"", ""source"": ""World Development Indicators""}",2026-08-19T10:55:41.969097+00:00
782,a46e02b496f9a24e5479e1df21bc2a1342d1d130f3bcc8ff4970c26cbbc0310a,world_bank_api,indicator,"Merchandise exports (current US$)",2024-12-31,,PY,TX.VAL.MRCH.CD.WT,10880000000.0,"current USD",,"{""country_name"": ""Paraguay"", ""source"": ""World Development Indicators""}",2026-08-19T10:55:41.969097+00:00
783,59343860e13a5a077f2f68cf77636020d56ef2b4daac52602ed837cc98172be3,world_bank_api,indicator,"Merchandise exports (current US$)",2023-12-31,,PY,TX.VAL.MRCH.CD.WT,11891000000.0,"current USD",,"{""country_name"": ""Paraguay"", ""source"": ""World Development Indicators""}",2026-08-19T10:55:41.969097+00:00
784,c8d1c05d5c33543d6181476e8179b53eec07bb5d28360e97c6c737ed7a5353fc,world_bank_api,indicator,"Merchandise exports (current US$)",2025-12-31,,PE,TX.VAL.MRCH.CD.WT,82692000000.0,"current USD",,"{""country_name"": ""Peru"", ""source"": ""World Development Indicators""}",2026-08-19T10:55:41.969097+00:00
785,27b02cc2ba134280872f9a173109a435b84ee0f4fc7753e6ddcc0ad7a2ed969b,world_bank_api,indicator,"Merchandise exports (current US$)",2024-12-31,,PE,TX.VAL.MRCH.CD.WT,74713000000.0,"current USD",,"{""country_name"": ""Peru"", ""source"": ""World Development Indicators""}",2026-08-19T10:55:41.969097+00:00
786,0348da8efcdf7b4dec81ea7d3ff4649f503577ef98a05cb9e9a75bbafa09f2fd,world_bank_api,indicator,"Merchandise exports (current US$)",2023-12-31,,PE,TX.VAL.MRCH.CD.WT,64715000000.0,"current USD",,"{""country_name"": ""Peru"", ""source"": ""World Development Indicators""}",2026-08-19T10:55:41.969097+00:00
787,ccf9e5a5cfa5c26747c20af7ae7d7c1f8cf352f79651a31491522544e654e30a,world_bank_api,indicator,"Merchandise exports (current US$)",2025-12-31,,PH,TX.VAL.MRCH.CD.WT,83723000000.0,"current USD",,"{""country_name"": ""Philippines"", ""source"": ""World Development Indicators""}",2026-08-19T10:55:41.969097+00:00
788,a7d58dae416f81196cf3e4420ed39deba3b36fd617fc3675696d29b782b8adc4,world_bank_api,indicator,"Merchandise exports (current US$)",2024-12-31,,PH,TX.VAL.MRCH.CD.WT,72984000000.0,"current USD",,"{""country_name"": ""Philippines"", ""source"": ""World Development Indicators""}",2026-08-19T10:55:41.969097+00:00
789,bb4154c58e441ff1d24e65d1268e29d222e2c303e44d48cf55eb7d29be839102,world_bank_api,indicator,"Merchandise exports (current US$)",2023-12-31,,PH,TX.VAL.MRCH.CD.WT,73527000000.0,"current USD",,"{""country_name"": ""Philippines"", ""source"": ""World Development Indicators""}",2026-08-19T10:55:41.969097+00:00
790,4ec585ce9a0ef9a6feabd18c210487eefee5a243a1be00c09d6bec3a2d9d78a6,world_bank_api,indicator,"Merchandise exports (current US$)",2025-12-31,,PL,TX.VAL.MRCH.CD.WT,413895000000.0,"current USD",,"{""country_name"": ""Poland"", ""source"": ""World Development Indicators""}",2026-08-19T10:55:41.969097+00:00
791,35a2273a5558addbee4ff5db24b7c8b22ea4dc0fa1418e53d64cf5fc45f311ec,world_bank_api,indicator,"Merchandise exports (current US$)",2024-12-31,,PL,TX.VAL.MRCH.CD.WT,382845000000.0,"current USD",,"{""country_name"": ""Poland"", ""source"": ""World Development Indicators""}",2026-08-19T10:55:41.969097+00:00
792,22274175bbf676725ebb3bda4f13015e01de795f45c999c581f408c5f54cc2ca,world_bank_api,indicator,"Merchandise exports (current US$)",2023-12-31,,PL,TX.VAL.MRCH.CD.WT,381517000000.0,"current USD",,"{""country_name"": ""Poland"", ""source"": ""World Development Indicators""}",2026-08-19T10:55:41.969097+00:00
793,3c2064423b8bdf7b1f1623b2bbb2b7ade4a3d6db7dba495a068caef9592ad3e7,world_bank_api,indicator,"Merchandise exports (current US$)",2025-12-31,,PT,TX.VAL.MRCH.CD.WT,89417000000.0,"current USD",,"{""country_name"": ""Portugal"", ""source"": ""World Development Indicators""}",2026-08-19T10:55:41.969097+00:00
794,fc687d66c9c90023563cae123838ec736405f9c9c810b7bacba2b6332522b61a,world_bank_api,indicator,"Merchandise exports (current US$)",2024-12-31,,PT,TX.VAL.MRCH.CD.WT,85367000000.0,"current USD",,"{""country_name"": ""Portugal"", ""source"": ""World Development Indicators""}",2026-08-19T10:55:41.969097+00:00
795,4b45044ccfd3dfc857cf020ba71a1abec4542a3d057fdb1540d7e59d5248dd6f,world_bank_api,indicator,"Merchandise exports (current US$)",2023-12-31,,PT,TX.VAL.MRCH.CD.WT,83621000000.0,"current USD",,"{""country_name"": ""Portugal"", ""source"": ""World Development Indicators""}",2026-08-19T10:55:41.969097+00:00
796,abf98b0c72005f731383a34500ec1e5e380cfb23b2c38d8e2c83072e6bec285d,world_bank_api,indicator,"Merchandise exports (current US$)",2025-12-31,,QA,TX.VAL.MRCH.CD.WT,88771000000.0,"current USD",,"{""country_name"": ""Qatar"", ""source"": ""World Development Indicators""}",2026-08-19T10:55:41.969097+00:00
797,2c2ba4826ef6f5bf0804394f85542db3d18d3fcc7f53904142d624eb73e6ce17,world_bank_api,indicator,"Merchandise exports (current US$)",2024-12-31,,QA,TX.VAL.MRCH.CD.WT,95044000000.0,"current USD",,"{""country_name"": ""Qatar"", ""source"": ""World Development Indicators""}",2026-08-19T10:55:41.969097+00:00
798,b88b75eb3137823a897854391f213a84c8bf2e50775de98a3d41e9ecbabacbba,world_bank_api,indicator,"Merchandise exports (current US$)",2023-12-31,,QA,TX.VAL.MRCH.CD.WT,97751000000.0,"current USD",,"{""country_name"": ""Qatar"", ""source"": ""World Development Indicators""}",2026-08-19T10:55:41.969097+00:00
799,3ef1fd4f29ca2939de4ee1a5da7e1ef4a5e35c368d4b5aa04e552fa04de232e6,world_bank_api,indicator,"Merchandise exports (current US$)",2025-12-31,,RO,TX.VAL.MRCH.CD.WT,109134000000.0,"current USD",,"{""country_name"": ""Romania"", ""source"": ""World Development Indicators""}",2026-08-19T10:55:41.969097+00:00
800,03f2471081d9e824331c84415e7d5e852d15bad34debac81d11b694b05705fcf,world_bank_api,indicator,"Merchandise exports (current US$)",2024-12-31,,RO,TX.VAL.MRCH.CD.WT,100291000000.0,"current USD",,"{""country_name"": ""Romania"", ""source"": ""World Development Indicators""}",2026-08-19T10:55:41.969097+00:00
801,18556b8379cd50e191a0ccaeb3d15acd87fac5865e031d4fe98ed81f5a0c36d0,world_bank_api,indicator,"Merchandise exports (current US$)",2023-12-31,,RO,TX.VAL.MRCH.CD.WT,100607000000.0,"current USD",,"{""country_name"": ""Romania"", ""source"": ""World Development Indicators""}",2026-08-19T10:55:41.969097+00:00
802,ea8d960ee9965ab2c8d257add041c8d88b6e53845445319d06a76a9ca8725083,world_bank_api,indicator,"Merchandise exports (current US$)",2025-12-31,,RU,TX.VAL.MRCH.CD.WT,419398000000.0,"current USD",,"{""country_name"": ""Russian Federation"", ""source"": ""World Development Indicators""}",2026-08-19T10:55:41.969097+00:00
803,0e4d1f6b3edd510d4e93a94dced0c235c5950a5486107b00b76eec3a4f8af682,world_bank_api,indicator,"Merchandise exports (current US$)",2024-12-31,,RU,TX.VAL.MRCH.CD.WT,433634000000.0,"current USD",,"{""country_name"": ""Russian Federation"", ""source"": ""World Development Indicators""}",2026-08-19T10:55:41.969097+00:00
804,e1c253c82385253827a66be74aabdffffde039754efbe1b4734d608f79925862,world_bank_api,indicator,"Merchandise exports (current US$)",2023-12-31,,RU,TX.VAL.MRCH.CD.WT,424749000000.0,"current USD",,"{""country_name"": ""Russian Federation"", ""source"": ""World Development Indicators""}",2026-08-19T10:55:41.969097+00:00
805,2a73eb2680155f9b032258f9ce1f488a8fe0332881701b82096af3e9200b2e82,world_bank_api,indicator,"Merchandise exports (current US$)",2025-12-31,,RW,TX.VAL.MRCH.CD.WT,2450000000.0,"current USD",,"{""country_name"": ""Rwanda"", ""source"": ""World Development Indicators""}",2026-08-19T10:55:41.969097+00:00
806,84da9f0c7a73f572670e5568cf7f789399022e48aa3a7b05925bb58d74c65aed,world_bank_api,indicator,"Merchandise exports (current US$)",2024-12-31,,RW,TX.VAL.MRCH.CD.WT,3201000000.0,"current USD",,"{""country_name"": ""Rwanda"", ""source"": ""World Development Indicators""}",2026-08-19T10:55:41.969097+00:00
807,c28de16edb67567fff06d58e7fee0289d96bf2562397d5408b972c9d9af9c082,world_bank_api,indicator,"Merchandise exports (current US$)",2023-12-31,,RW,TX.VAL.MRCH.CD.WT,2466000000.0,"current USD",,"{""country_name"": ""Rwanda"", ""source"": ""World Development Indicators""}",2026-08-19T10:55:41.969097+00:00
808,f2e8879385ad83a7e545f9d03364560bbbb5716a6fb90fe54faf80decdfc220c,world_bank_api,indicator,"Merchandise exports (current US$)",2025-12-31,,WS,TX.VAL.MRCH.CD.WT,24000000.0,"current USD",,"{""country_name"": ""Samoa"", ""source"": ""World Development Indicators""}",2026-08-19T10:55:41.969097+00:00
809,37b37bcad475ed818067dffaafe33a95832e759e9ee94504d495140a299bf36e,world_bank_api,indicator,"Merchandise exports (current US$)",2024-12-31,,WS,TX.VAL.MRCH.CD.WT,42000000.0,"current USD",,"{""country_name"": ""Samoa"", ""source"": ""World Development Indicators""}",2026-08-19T10:55:41.969097+00:00
810,37cddc2d8ff8175967dfdd8f2507bc7db8181ef0b4c79fdae231e1475bd5d923,world_bank_api,indicator,"Merchandise exports (current US$)",2023-12-31,,WS,TX.VAL.MRCH.CD.WT,43000000.0,"current USD",,"{""country_name"": ""Samoa"", ""source"": ""World Development Indicators""}",2026-08-19T10:55:41.969097+00:00
811,8895223f40c78e649dd0c5c091a2882c5c934aa09d0eb5ea3b06a280bdb366e8,world_bank_api,indicator,"Merchandise exports (current US$)",2025-12-31,,ST,TX.VAL.MRCH.CD.WT,38000000.0,"current USD",,"{""country_name"": ""Sao Tome and Principe"", ""source"": ""World Development Indicators""}",2026-08-19T10:55:41.969097+00:00
812,1c66bf320417683a37928126afdd4e174cc64a559516cb998d275fe26b9caf25,world_bank_api,indicator,"Merchandise exports (current US$)",2024-12-31,,ST,TX.VAL.MRCH.CD.WT,29000000.0,"current USD",,"{""country_name"": ""Sao Tome and Principe"", ""source"": ""World Development Indicators""}",2026-08-19T10:55:41.969097+00:00
813,5e5a49dbb1d8fda2ff9dd463d50cc2896cb508de986df5587342ced679dcf845,world_bank_api,indicator,"Merchandise exports (current US$)",2023-12-31,,ST,TX.VAL.MRCH.CD.WT,24000000.0,"current USD",,"{""country_name"": ""Sao Tome and Principe"", ""source"": ""World Development Indicators""}",2026-08-19T10:55:41.969097+00:00
814,356568ed188ff24c79e88a7ed32006926648f72aede708078ec4f629b8aa8408,world_bank_api,indicator,"Merchandise exports (current US$)",2025-12-31,,SA,TX.VAL.MRCH.CD.WT,310672000000.0,"current USD",,"{""country_name"": ""Saudi Arabia"", ""source"": ""World Development Indicators""}",2026-08-19T10:55:41.969097+00:00
815,59eae20dd0184ae75523b9a7ff237c9a6f5db665494f3731ca5c56bd81abe438,world_bank_api,indicator,"Merchandise exports (current US$)",2024-12-31,,SA,TX.VAL.MRCH.CD.WT,305499000000.0,"current USD",,"{""country_name"": ""Saudi Arabia"", ""source"": ""World Development Indicators""}",2026-08-19T10:55:41.969097+00:00
816,a5ca36230a3cbe7c2163636d20150a23032770816d7cfef7b6629309fcf3621c,world_bank_api,indicator,"Merchandise exports (current US$)",2023-12-31,,SA,TX.VAL.MRCH.CD.WT,320018000000.0,"current USD",,"{""country_name"": ""Saudi Arabia"", ""source"": ""World Development Indicators""}",2026-08-19T10:55:41.969097+00:00
817,bbbf6654594ee3dcb14dd762b7be55ac373bef5e5386c1528da1dd439de4c6f9,world_bank_api,indicator,"Merchandise exports (current US$)",2025-12-31,,SN,TX.VAL.MRCH.CD.WT,10243000000.0,"current USD",,"{""country_name"": ""Senegal"", ""source"": ""World Development Indicators""}",2026-08-19T10:55:41.969097+00:00
818,d7af422b114fd1f115fb34f50cf9c8a654f5402ea3eb6bc59058ae0efde48373,world_bank_api,indicator,"Merchandise exports (current US$)",2024-12-31,,SN,TX.VAL.MRCH.CD.WT,6310000000.0,"current USD",,"{""country_name"": ""Senegal"", ""source"": ""World Development Indicators""}",2026-08-19T10:55:41.969097+00:00
819,b833296f27f5f2c462719dcfbc171ddda26bc9da2dce0e408e90fd7c75c7a9c8,world_bank_api,indicator,"Merchandise exports (current US$)",2023-12-31,,SN,TX.VAL.MRCH.CD.WT,5317000000.0,"current USD",,"{""country_name"": ""Senegal"", ""source"": ""World Development Indicators""}",2026-08-19T10:55:41.969097+00:00
820,845f31c8d24a174b78251e558619c01c9097c6b6c9fd285825a3ba76aa3e3752,world_bank_api,indicator,"Merchandise exports (current US$)",2025-12-31,,RS,TX.VAL.MRCH.CD.WT,37314000000.0,"current USD",,"{""country_name"": ""Serbia"", ""source"": ""World Development Indicators""}",2026-08-19T10:55:41.969097+00:00
821,356782564c593bb874571b3d9f1d66725145b311b0ec0b24d06dbbd5285568f3,world_bank_api,indicator,"Merchandise exports (current US$)",2024-12-31,,RS,TX.VAL.MRCH.CD.WT,31586000000.0,"current USD",,"{""country_name"": ""Serbia"", ""source"": ""World Development Indicators""}",2026-08-19T10:55:41.969097+00:00
822,2cabe8e9d3ccd2c70857efefc47021236f0e4673467ee390dcf3a2a96f38e318,world_bank_api,indicator,"Merchandise exports (current US$)",2023-12-31,,RS,TX.VAL.MRCH.CD.WT,30935000000.0,"current USD",,"{""country_name"": ""Serbia"", ""source"": ""World Development Indicators""}",2026-08-19T10:55:41.969097+00:00
823,92947d3c46e9e0b83354ffb6ed13540868cc3dc4000518407633f1a25befbd18,world_bank_api,indicator,"Merchandise exports (current US$)",2025-12-31,,SC,TX.VAL.MRCH.CD.WT,550000000.0,"current USD",,"{""country_name"": ""Seychelles"", ""source"": ""World Development Indicators""}",2026-08-19T10:55:41.969097+00:00
824,5e344ed033ec139ecd1be517c3d005c74a68ebc84e01acef79fbc78875aea5b4,world_bank_api,indicator,"Merchandise exports (current US$)",2024-12-31,,SC,TX.VAL.MRCH.CD.WT,557000000.0,"current USD",,"{""country_name"": ""Seychelles"", ""source"": ""World Development Indicators""}",2026-08-19T10:55:41.969097+00:00
825,27fea269f6c6d7eed52b5fec14aac1c986b2a1a008eb1887e645ab315c1eb2a6,world_bank_api,indicator,"Merchandise exports (current US$)",2023-12-31,,SC,TX.VAL.MRCH.CD.WT,541000000.0,"current USD",,"{""country_name"": ""Seychelles"", ""source"": ""World Development Indicators""}",2026-08-19T10:55:41.969097+00:00
826,0af67142a886f7d67fdcfb76bfff4e7da0cd8571ec8578d20108b98dcf717883,world_bank_api,indicator,"Merchandise exports (current US$)",2025-12-31,,SL,TX.VAL.MRCH.CD.WT,1534000000.0,"current USD",,"{""country_name"": ""Sierra Leone"", ""source"": ""World Development Indicators""}",2026-08-19T10:55:41.969097+00:00
827,fd2d7f49d10033542de0e9b4922aa93c66693ba002ba6f127ddb52ee7e63c06f,world_bank_api,indicator,"Merchandise exports (current US$)",2024-12-31,,SL,TX.VAL.MRCH.CD.WT,1437000000.0,"current USD",,"{""country_name"": ""Sierra Leone"", ""source"": ""World Development Indicators""}",2026-08-19T10:55:41.969097+00:00
828,0eb759fd169c1d9280003648958465cf9db72f94cca7b6260578bbb12150afc2,world_bank_api,indicator,"Merchandise exports (current US$)",2023-12-31,,SL,TX.VAL.MRCH.CD.WT,1328000000.0,"current USD",,"{""country_name"": ""Sierra Leone"", ""source"": ""World Development Indicators""}",2026-08-19T10:55:41.969097+00:00
829,07614824663a1d09b4dd90b73572159e2df2b871d5ec272201cae5b84ca398c3,world_bank_api,indicator,"Merchandise exports (current US$)",2025-12-31,,SG,TX.VAL.MRCH.CD.WT,566872000000.0,"current USD",,"{""country_name"": ""Singapore"", ""source"": ""World Development Indicators""}",2026-08-19T10:55:41.969097+00:00
830,cafb8f39f91e15ea00db6e71dde0d895b5fdc0446f67ee7269de0370b39ace60,world_bank_api,indicator,"Merchandise exports (current US$)",2024-12-31,,SG,TX.VAL.MRCH.CD.WT,505658000000.0,"current USD",,"{""country_name"": ""Singapore"", ""source"": ""World Development Indicators""}",2026-08-19T10:55:41.969097+00:00
831,f22b577645c6ebc632bb86706623280474a8daaca7baf13b7bebec0b04c8bb05,world_bank_api,indicator,"Merchandise exports (current US$)",2023-12-31,,SG,TX.VAL.MRCH.CD.WT,476252000000.0,"current USD",,"{""country_name"": ""Singapore"", ""source"": ""World Development Indicators""}",2026-08-19T10:55:41.969097+00:00
832,87068abd02a0a3970a7bef54bef6158d0b311f69089e5e6aa1b0e58c570af7dd,world_bank_api,indicator,"Merchandise exports (current US$)",2025-12-31,,SX,TX.VAL.MRCH.CD.WT,221000000.0,"current USD",,"{""country_name"": ""Sint Maarten (Dutch part)"", ""source"": ""World Development Indicators""}",2026-08-19T10:55:41.969097+00:00
833,6332e8411ee7cd55aecf6f1af5db5f6e8b729d5fdbeac3f338e982e7b705a09e,world_bank_api,indicator,"Merchandise exports (current US$)",2024-12-31,,SX,TX.VAL.MRCH.CD.WT,227000000.0,"current USD",,"{""country_name"": ""Sint Maarten (Dutch part)"", ""source"": ""World Development Indicators""}",2026-08-19T10:55:41.969097+00:00
834,62ba7dc3595618ae61363f24caef90daebc4ad72aa65b02a597233ebfdc84fe7,world_bank_api,indicator,"Merchandise exports (current US$)",2023-12-31,,SX,TX.VAL.MRCH.CD.WT,227000000.0,"current USD",,"{""country_name"": ""Sint Maarten (Dutch part)"", ""source"": ""World Development Indicators""}",2026-08-19T10:55:41.969097+00:00
835,fe0f360c5a4f5e5c9a212a35ae37c13c0ea9b10078bd6f0dd4cd6e6ac6694ecd,world_bank_api,indicator,"Merchandise exports (current US$)",2025-12-31,,SK,TX.VAL.MRCH.CD.WT,125443000000.0,"current USD",,"{""country_name"": ""Slovak Republic"", ""source"": ""World Development Indicators""}",2026-08-19T10:55:41.969097+00:00
836,c0b5e4f1b06dcb766ccc79d0847df6c3e739c40974bd075cb5b99c6e839fb602,world_bank_api,indicator,"Merchandise exports (current US$)",2024-12-31,,SK,TX.VAL.MRCH.CD.WT,115794000000.0,"current USD",,"{""country_name"": ""Slovak Republic"", ""source"": ""World Development Indicators""}",2026-08-19T10:55:41.969097+00:00
837,bcc917ca6a85819b7b8d1663df208443b3baf27ae5aa20f39ee1645172ef042b,world_bank_api,indicator,"Merchandise exports (current US$)",2023-12-31,,SK,TX.VAL.MRCH.CD.WT,117494000000.0,"current USD",,"{""country_name"": ""Slovak Republic"", ""source"": ""World Development Indicators""}",2026-08-19T10:55:41.969097+00:00
838,8f69d4be71fc077c150464f3cbeed8d3a3f8234767ddc443e5c479621015e43e,world_bank_api,indicator,"Merchandise exports (current US$)",2025-12-31,,SI,TX.VAL.MRCH.CD.WT,96596000000.0,"current USD",,"{""country_name"": ""Slovenia"", ""source"": ""World Development Indicators""}",2026-08-19T10:55:41.969097+00:00
839,9a394f329a9d5d5ec8726fc5203bd53559032477e917e2363347f671a280c180,world_bank_api,indicator,"Merchandise exports (current US$)",2024-12-31,,SI,TX.VAL.MRCH.CD.WT,78906000000.0,"current USD",,"{""country_name"": ""Slovenia"", ""source"": ""World Development Indicators""}",2026-08-19T10:55:41.969097+00:00
840,7afbe80fbef6848e81cc0e1b3f63802ac5557b253028d4ab84b723bd47fd7421,world_bank_api,indicator,"Merchandise exports (current US$)",2023-12-31,,SI,TX.VAL.MRCH.CD.WT,73045000000.0,"current USD",,"{""country_name"": ""Slovenia"", ""source"": ""World Development Indicators""}",2026-08-19T10:55:41.969097+00:00
841,2306b52b8999a6d40f3a875135bf362c0750d1d63fe8becafe17b1db0cfd61ba,world_bank_api,indicator,"Merchandise exports (current US$)",2025-12-31,,SB,TX.VAL.MRCH.CD.WT,677000000.0,"current USD",,"{""country_name"": ""Solomon Islands"", ""source"": ""World Development Indicators""}",2026-08-19T10:55:41.969097+00:00
842,9dfb473a58e3b3a2ff59d4882fa3270bd555af3b0782c8a941d435b5235fe61e,world_bank_api,indicator,"Merchandise exports (current US$)",2024-12-31,,SB,TX.VAL.MRCH.CD.WT,507000000.0,"current USD",,"{""country_name"": ""Solomon Islands"", ""source"": ""World Development Indicators""}",2026-08-19T10:55:41.969097+00:00
843,7f9a5e4bdf741d5434158e3c3bd65a83cbb9e583c5e0bdbe2beb0e52670bc85f,world_bank_api,indicator,"Merchandise exports (current US$)",2023-12-31,,SB,TX.VAL.MRCH.CD.WT,431000000.0,"current USD",,"{""country_name"": ""Solomon Islands"", ""source"": ""World Development Indicators""}",2026-08-19T10:55:41.969097+00:00
844,3a76f11e989fe2e8b09c4f9910833a0fe4c92614d6b4b03bb85380a21b927541,world_bank_api,indicator,"Merchandise exports (current US$)",2025-12-31,,SO,TX.VAL.MRCH.CD.WT,1300000000.0,"current USD",,"{""country_name"": ""Somalia, Fed. Rep."", ""source"": ""World Development Indicators""}",2026-08-19T10:55:41.969097+00:00
845,5e239dbe83c8f9f0182160ededc4c2c5ac05e54e13ba45a1feb24f674fa65496,world_bank_api,indicator,"Merchandise exports (current US$)",2024-12-31,,SO,TX.VAL.MRCH.CD.WT,1473000000.0,"current USD",,"{""country_name"": ""Somalia, Fed. Rep."", ""source"": ""World Development Indicators""}",2026-08-19T10:55:41.969097+00:00
846,7a0fe3d0c55978fc10df8fc591137e1d1ca0fd9a3ccf6bfb333e66082baf158c,world_bank_api,indicator,"Merchandise exports (current US$)",2023-12-31,,SO,TX.VAL.MRCH.CD.WT,993000000.0,"current USD",,"{""country_name"": ""Somalia, Fed. Rep."", ""source"": ""World Development Indicators""}",2026-08-19T10:55:41.969097+00:00
847,12dbe207e7ae3ee2f94fe19300bc5f9c61fce3deb637beda4d4b82077f2c2573,world_bank_api,indicator,"Merchandise exports (current US$)",2025-12-31,,ZA,TX.VAL.MRCH.CD.WT,116399000000.0,"current USD",,"{""country_name"": ""South Africa"", ""source"": ""World Development Indicators""}",2026-08-19T10:55:41.969097+00:00
848,806a76983fedc4117d52a9a1c20765280680b84a98b40018b2a7ca14c1995fb3,world_bank_api,indicator,"Merchandise exports (current US$)",2024-12-31,,ZA,TX.VAL.MRCH.CD.WT,110076000000.0,"current USD",,"{""country_name"": ""South Africa"", ""source"": ""World Development Indicators""}",2026-08-19T10:55:41.969097+00:00
849,ce6eceedc6cb91d9924051e2ec50e74f7ecfa38122538f220d0f5f7f9c96fde8,world_bank_api,indicator,"Merchandise exports (current US$)",2023-12-31,,ZA,TX.VAL.MRCH.CD.WT,110855000000.0,"current USD",,"{""country_name"": ""South Africa"", ""source"": ""World Development Indicators""}",2026-08-19T10:55:41.969097+00:00
850,5d5b99ad398967f2402faa705153df1436f79b953d0e8e6edf143d1b21213ccc,world_bank_api,indicator,"Merchandise exports (current US$)",2025-12-31,,SS,TX.VAL.MRCH.CD.WT,955000000.0,"current USD",,"{""country_name"": ""South Sudan"", ""source"": ""World Development Indicators""}",2026-08-19T10:55:41.969097+00:00
851,5c7287e41fca30b5477bc415d8f0bf721033680a4c8024ea999a389ef067e7b7,world_bank_api,indicator,"Merchandise exports (current US$)",2024-12-31,,SS,TX.VAL.MRCH.CD.WT,891000000.0,"current USD",,"{""country_name"": ""South Sudan"", ""source"": ""World Development Indicators""}",2026-08-19T10:55:41.969097+00:00
852,aba7bcd2992863eaec45e43fdd2018a799758679eaeb58a4a6ec3f7e55a0303c,world_bank_api,indicator,"Merchandise exports (current US$)",2023-12-31,,SS,TX.VAL.MRCH.CD.WT,870000000.0,"current USD",,"{""country_name"": ""South Sudan"", ""source"": ""World Development Indicators""}",2026-08-19T10:55:41.969097+00:00
853,646b43149f73e8cab5a5d4527e1ffc382ddfe4dbbc79977fa02a231ce7d08085,world_bank_api,indicator,"Merchandise exports (current US$)",2025-12-31,,ES,TX.VAL.MRCH.CD.WT,445106000000.0,"current USD",,"{""country_name"": ""Spain"", ""source"": ""World Development Indicators""}",2026-08-19T10:55:41.969097+00:00
854,ed1706c34807f8b0409c244f267667ec79e4e711fc6607127b404a4bc899379b,world_bank_api,indicator,"Merchandise exports (current US$)",2024-12-31,,ES,TX.VAL.MRCH.CD.WT,428505000000.0,"current USD",,"{""country_name"": ""Spain"", ""source"": ""World Development Indicators""}",2026-08-19T10:55:41.969097+00:00
855,c55273c988f70adbc5176f63daa1513865a02e255235c7d28b159ade16f89acd,world_bank_api,indicator,"Merchandise exports (current US$)",2023-12-31,,ES,TX.VAL.MRCH.CD.WT,422487000000.0,"current USD",,"{""country_name"": ""Spain"", ""source"": ""World Development Indicators""}",2026-08-19T10:55:41.969097+00:00
856,c69cddf9669712942a5eb2ac829073b6e244ef588be1545d618660d6fb942004,world_bank_api,indicator,"Merchandise exports (current US$)",2025-12-31,,LK,TX.VAL.MRCH.CD.WT,13581000000.0,"current USD",,"{""country_name"": ""Sri Lanka"", ""source"": ""World Development Indicators""}",2026-08-19T10:55:41.969097+00:00
857,f9be77e13d3d3c1f33fa66f2e34f22bcc283dcd6ed1b156a7de74d4a94fb21c1,world_bank_api,indicator,"Merchandise exports (current US$)",2024-12-31,,LK,TX.VAL.MRCH.CD.WT,12772000000.0,"current USD",,"{""country_name"": ""Sri Lanka"", ""source"": ""World Development Indicators""}",2026-08-19T10:55:41.969097+00:00
858,fbfa168899266e5196e0f1cde58d7c4feb47861a02d6c1135419bc35f8a5e3c6,world_bank_api,indicator,"Merchandise exports (current US$)",2023-12-31,,LK,TX.VAL.MRCH.CD.WT,11911000000.0,"current USD",,"{""country_name"": ""Sri Lanka"", ""source"": ""World Development Indicators""}",2026-08-19T10:55:41.969097+00:00
859,0f7658b1131f2fcbe7876e607a15139b596f841ba94f3b8c6b4ade0b20860d8c,world_bank_api,indicator,"Merchandise exports (current US$)",2025-12-31,,KN,TX.VAL.MRCH.CD.WT,34000000.0,"current USD",,"{""country_name"": ""St. Kitts and Nevis"", ""source"": ""World Development Indicators""}",2026-08-19T10:55:41.969097+00:00
860,ddd90940e9654c5248fed458abbc2fc59a011469622f350b1386d4beb36a8a81,world_bank_api,indicator,"Merchandise exports (current US$)",2024-12-31,,KN,TX.VAL.MRCH.CD.WT,31000000.0,"current USD",,"{""country_name"": ""St. Kitts and Nevis"", ""source"": ""World Development Indicators""}",2026-08-19T10:55:41.969097+00:00
861,a0c542e38b49afcfa881e39cb39e5a377a544d930ca9526ad0f745484dc64c23,world_bank_api,indicator,"Merchandise exports (current US$)",2023-12-31,,KN,TX.VAL.MRCH.CD.WT,25000000.0,"current USD",,"{""country_name"": ""St. Kitts and Nevis"", ""source"": ""World Development Indicators""}",2026-08-19T10:55:41.969097+00:00
862,a90ba4c26fc570a5826cb8be52077a8e378529d8a9439b59da2604d3597a3e23,world_bank_api,indicator,"Merchandise exports (current US$)",2025-12-31,,LC,TX.VAL.MRCH.CD.WT,85000000.0,"current USD",,"{""country_name"": ""St. Lucia"", ""source"": ""World Development Indicators""}",2026-08-19T10:55:41.969097+00:00
863,6f4e7f38ada67c68870039ccae9352a806c5ed7116d238f30cfed10cc59ee27e,world_bank_api,indicator,"Merchandise exports (current US$)",2024-12-31,,LC,TX.VAL.MRCH.CD.WT,92000000.0,"current USD",,"{""country_name"": ""St. Lucia"", ""source"": ""World Development Indicators""}",2026-08-19T10:55:41.969097+00:00
864,8491785fd630c7605dc60b942ef5f76dc78988513578e61a9b185a4d000838c5,world_bank_api,indicator,"Merchandise exports (current US$)",2023-12-31,,LC,TX.VAL.MRCH.CD.WT,80000000.0,"current USD",,"{""country_name"": ""St. Lucia"", ""source"": ""World Development Indicators""}",2026-08-19T10:55:41.969097+00:00
865,e13423a23a2a95a2cb6180037fde0185b15fbdbc85e100f5b96b1f97da86c754,world_bank_api,indicator,"Merchandise exports (current US$)",2025-12-31,,VC,TX.VAL.MRCH.CD.WT,37000000.0,"current USD",,"{""country_name"": ""St. Vincent and the Grenadines"", ""source"": ""World Development Indicators""}",2026-08-19T10:55:41.969097+00:00
866,86cb92c9002b0fa017ff3c251f26e73e115bd2c861b27e14dc510d05987a10d7,world_bank_api,indicator,"Merchandise exports (current US$)",2024-12-31,,VC,TX.VAL.MRCH.CD.WT,57000000.0,"current USD",,"{""country_name"": ""St. Vincent and the Grenadines"", ""source"": ""World Development Indicators""}",2026-08-19T10:55:41.969097+00:00
867,9f10661e53ea7eef42be331e078155004413e2bc36445c5c01da4f83d31f8760,world_bank_api,indicator,"Merchandise exports (current US$)",2023-12-31,,VC,TX.VAL.MRCH.CD.WT,41000000.0,"current USD",,"{""country_name"": ""St. Vincent and the Grenadines"", ""source"": ""World Development Indicators""}",2026-08-19T10:55:41.969097+00:00
868,cbed6dd0dedfd78d27a3250fb8d10cf6f46fa3e1a3972e815f99a518f00147e1,world_bank_api,indicator,"Merchandise exports (current US$)",2025-12-31,,SD,TX.VAL.MRCH.CD.WT,2800000000.0,"current USD",,"{""country_name"": ""Sudan"", ""source"": ""World Development Indicators""}",2026-08-19T10:55:41.969097+00:00
869,6589cc855b05065a328ec335eff7f27a83f91ee1d6214e538f13b47bde3629d9,world_bank_api,indicator,"Merchandise exports (current US$)",2024-12-31,,SD,TX.VAL.MRCH.CD.WT,3134000000.0,"current USD",,"{""country_name"": ""Sudan"", ""source"": ""World Development Indicators""}",2026-08-19T10:55:41.969097+00:00
870,643fbfcba74c92ee2b824a2686cb821f764f3614a5866d26cc01fef1be7049c5,world_bank_api,indicator,"Merchandise exports (current US$)",2023-12-31,,SD,TX.VAL.MRCH.CD.WT,3628000000.0,"current USD",,"{""country_name"": ""Sudan"", ""source"": ""World Development Indicators""}",2026-08-19T10:55:41.969097+00:00
871,35ca71eb78e62a207d696ec7bf83ae4d196ab28c588c0f188ead70a403064d42,world_bank_api,indicator,"Merchandise exports (current US$)",2025-12-31,,SR,TX.VAL.MRCH.CD.WT,2690000000.0,"current USD",,"{""country_name"": ""Suriname"", ""source"": ""World Development Indicators""}",2026-08-19T10:55:41.969097+00:00
872,7be8b73427fe221246ab7d5ac9104bcb5f208430478a1184ab3aaff03671b07c,world_bank_api,indicator,"Merchandise exports (current US$)",2024-12-31,,SR,TX.VAL.MRCH.CD.WT,1484000000.0,"current USD",,"{""country_name"": ""Suriname"", ""source"": ""World Development Indicators""}",2026-08-19T10:55:41.969097+00:00
873,6300f91e67c3e32336a444417ac13e8b88e0486d021b883e2a2c470128e024b0,world_bank_api,indicator,"Merchandise exports (current US$)",2023-12-31,,SR,TX.VAL.MRCH.CD.WT,2311000000.0,"current USD",,"{""country_name"": ""Suriname"", ""source"": ""World Development Indicators""}",2026-08-19T10:55:41.969097+00:00
874,3406867e17fbe2eaced988439538feab1daf8a969287a442d1478eaa6d340c16,world_bank_api,indicator,"Merchandise exports (current US$)",2025-12-31,,SE,TX.VAL.MRCH.CD.WT,208332000000.0,"current USD",,"{""country_name"": ""Sweden"", ""source"": ""World Development Indicators""}",2026-08-19T10:55:41.969097+00:00
875,8401623cf8e359ac2f93d4d6cf665faaecc45d1f5a1e37ca5c2939b189eb4546,world_bank_api,indicator,"Merchandise exports (current US$)",2024-12-31,,SE,TX.VAL.MRCH.CD.WT,195663000000.0,"current USD",,"{""country_name"": ""Sweden"", ""source"": ""World Development Indicators""}",2026-08-19T10:55:41.969097+00:00
876,fee216bae9648746a9e6f16ff3779be56456002b3c279be5ecaa6da19255fed8,world_bank_api,indicator,"Merchandise exports (current US$)",2023-12-31,,SE,TX.VAL.MRCH.CD.WT,197469000000.0,"current USD",,"{""country_name"": ""Sweden"", ""source"": ""World Development Indicators""}",2026-08-19T10:55:41.969097+00:00
877,b12b6e3a6f10daf59b18e4b442cf97b9eace779a0ccd4f538ea9752711bdf468,world_bank_api,indicator,"Merchandise exports (current US$)",2025-12-31,,CH,TX.VAL.MRCH.CD.WT,554160000000.0,"current USD",,"{""country_name"": ""Switzerland"", ""source"": ""World Development Indicators""}",2026-08-19T10:55:41.969097+00:00
878,822b8c90892170cd42d6fe7be4e1d7d4c21b4c3b7beee9b05c694abd5e8ea7b8,world_bank_api,indicator,"Merchandise exports (current US$)",2024-12-31,,CH,TX.VAL.MRCH.CD.WT,447308000000.0,"current USD",,"{""country_name"": ""Switzerland"", ""source"": ""World Development Indicators""}",2026-08-19T10:55:41.969097+00:00
879,878418545eba082de0678571a85cff18264d9b3d4542b0f3c467f03f2bd7990f,world_bank_api,indicator,"Merchandise exports (current US$)",2023-12-31,,CH,TX.VAL.MRCH.CD.WT,419982000000.0,"current USD",,"{""country_name"": ""Switzerland"", ""source"": ""World Development Indicators""}",2026-08-19T10:55:41.969097+00:00
880,4b88241196c79841a74f24dd980cdbbe3155160e94457cd8d736a80530e69c2a,world_bank_api,indicator,"Merchandise exports (current US$)",2025-12-31,,SY,TX.VAL.MRCH.CD.WT,3385000000.0,"current USD",,"{""country_name"": ""Syrian Arab Republic"", ""source"": ""World Development Indicators""}",2026-08-19T10:55:41.969097+00:00
881,2c6bdb7f4d1b9cc0165a68c273c0a06a4ff551413007e73220a6ba65d389535e,world_bank_api,indicator,"Merchandise exports (current US$)",2024-12-31,,SY,TX.VAL.MRCH.CD.WT,3325000000.0,"current USD",,"{""country_name"": ""Syrian Arab Republic"", ""source"": ""World Development Indicators""}",2026-08-19T10:55:41.969097+00:00
882,14b639665bf1a9954c9f9ccf3690231ba61cb4430c31019446a3ed2af0814782,world_bank_api,indicator,"Merchandise exports (current US$)",2023-12-31,,SY,TX.VAL.MRCH.CD.WT,3231000000.0,"current USD",,"{""country_name"": ""Syrian Arab Republic"", ""source"": ""World Development Indicators""}",2026-08-19T10:55:41.969097+00:00
883,7310a86d17d3be5e36224e6b662d5ba642e1cb6addd38009db80eb9598941625,world_bank_api,indicator,"Merchandise exports (current US$)",2025-12-31,,TJ,TX.VAL.MRCH.CD.WT,2489000000.0,"current USD",,"{""country_name"": ""Tajikistan"", ""source"": ""World Development Indicators""}",2026-08-19T10:55:41.969097+00:00
884,ce798707e57fb943a859ad61734ad22d059c4a6f6d73e1e972a0ca00b8f24ab4,world_bank_api,indicator,"Merchandise exports (current US$)",2024-12-31,,TJ,TX.VAL.MRCH.CD.WT,1947000000.0,"current USD",,"{""country_name"": ""Tajikistan"", ""source"": ""World Development Indicators""}",2026-08-19T10:55:41.969097+00:00
885,62eaefd3b19e9b6cd31610fc0c1f13004e82e083e65957cd1215b8fed5443105,world_bank_api,indicator,"Merchandise exports (current US$)",2023-12-31,,TJ,TX.VAL.MRCH.CD.WT,2449000000.0,"current USD",,"{""country_name"": ""Tajikistan"", ""source"": ""World Development Indicators""}",2026-08-19T10:55:41.969097+00:00
886,638745fd0de3568216b263a951aae4ab942de53cbbe6ab997106ee61e3f8cf0b,world_bank_api,indicator,"Merchandise exports (current US$)",2025-12-31,,TZ,TX.VAL.MRCH.CD.WT,9956000000.0,"current USD",,"{""country_name"": ""Tanzania"", ""source"": ""World Development Indicators""}",2026-08-19T10:55:41.969097+00:00
887,d17dc27db04169a0151f530152c5ef2d5a908c21d780f8a98685bcad66afdf9d,world_bank_api,indicator,"Merchandise exports (current US$)",2024-12-31,,TZ,TX.VAL.MRCH.CD.WT,8702000000.0,"current USD",,"{""country_name"": ""Tanzania"", ""source"": ""World Development Indicators""}",2026-08-19T10:55:41.969097+00:00
888,bb97c2c2e93cc4d8724409283bacfc1f39eff36197c86cf6419b93044ac9c1fb,world_bank_api,indicator,"Merchandise exports (current US$)",2023-12-31,,TZ,TX.VAL.MRCH.CD.WT,7275000000.0,"current USD",,"{""country_name"": ""Tanzania"", ""source"": ""World Development Indicators""}",2026-08-19T10:55:41.969097+00:00
889,477faac7e116de7b11119eec55ee4017e10ccb09c72b372adca923c42e7b01e2,world_bank_api,indicator,"Merchandise exports (current US$)",2025-12-31,,TH,TX.VAL.MRCH.CD.WT,339635000000.0,"current USD",,"{""country_name"": ""Thailand"", ""source"": ""World Development Indicators""}",2026-08-19T10:55:41.969097+00:00
890,e0b14960876c0724de1147c5cadf57938cad809c7b7ac11816ab4956d6932853,world_bank_api,indicator,"Merchandise exports (current US$)",2024-12-31,,TH,TX.VAL.MRCH.CD.WT,300740000000.0,"current USD",,"{""country_name"": ""Thailand"", ""source"": ""World Development Indicators""}",2026-08-19T10:55:41.969097+00:00
891,ed66fa1d2cf75ccbc4a94124ee151cdf1860bce6381d1f5c1693bca4aa15d6e0,world_bank_api,indicator,"Merchandise exports (current US$)",2023-12-31,,TH,TX.VAL.MRCH.CD.WT,285074000000.0,"current USD",,"{""country_name"": ""Thailand"", ""source"": ""World Development Indicators""}",2026-08-19T10:55:41.969097+00:00
892,5391e1fb9dd63bb0f0a74b54fe23cbf4f8cf3e24990f929e46e7b09a9e633063,world_bank_api,indicator,"Merchandise exports (current US$)",2025-12-31,,TL,TX.VAL.MRCH.CD.WT,103000000.0,"current USD",,"{""country_name"": ""Timor-Leste"", ""source"": ""World Development Indicators""}",2026-08-19T10:55:41.969097+00:00
893,b0291dd78acb0a9a98f0a671d6fbf80af1f5efe93abc15662e54c1b13532b3f8,world_bank_api,indicator,"Merchandise exports (current US$)",2024-12-31,,TL,TX.VAL.MRCH.CD.WT,86000000.0,"current USD",,"{""country_name"": ""Timor-Leste"", ""source"": ""World Development Indicators""}",2026-08-19T10:55:41.969097+00:00
894,cca82f5b44d2334b6ea358ae44d7ab85cd632466e3e9e05818d99fc3427386d7,world_bank_api,indicator,"Merchandise exports (current US$)",2023-12-31,,TL,TX.VAL.MRCH.CD.WT,164000000.0,"current USD",,"{""country_name"": ""Timor-Leste"", ""source"": ""World Development Indicators""}",2026-08-19T10:55:41.969097+00:00
895,ca42f21278aaebf96cece281c1fe64d26d50c320018a6a3682a4e259a4753549,world_bank_api,indicator,"Merchandise exports (current US$)",2025-12-31,,TG,TX.VAL.MRCH.CD.WT,1800000000.0,"current USD",,"{""country_name"": ""Togo"", ""source"": ""World Development Indicators""}",2026-08-19T10:55:41.969097+00:00
896,1bf0ceac9204adadb8e57077cbb8bbc838523450bb8abf864e15d32f16bc93dc,world_bank_api,indicator,"Merchandise exports (current US$)",2024-12-31,,TG,TX.VAL.MRCH.CD.WT,1642000000.0,"current USD",,"{""country_name"": ""Togo"", ""source"": ""World Development Indicators""}",2026-08-19T10:55:41.969097+00:00
897,d21e0c5a9b13d0a9c8a53dd4f652084bed4a839c7ecc4b6a0315051f28ffbdec,world_bank_api,indicator,"Merchandise exports (current US$)",2023-12-31,,TG,TX.VAL.MRCH.CD.WT,1572000000.0,"current USD",,"{""country_name"": ""Togo"", ""source"": ""World Development Indicators""}",2026-08-19T10:55:41.969097+00:00
898,9513d4c3ede1d9f388fc7e09a96eacce01284a50673710ab64735a82a19f1d8d,world_bank_api,indicator,"Merchandise exports (current US$)",2025-12-31,,TO,TX.VAL.MRCH.CD.WT,13000000.0,"current USD",,"{""country_name"": ""Tonga"", ""source"": ""World Development Indicators""}",2026-08-19T10:55:41.969097+00:00
899,a9b7725d360928ee30e9ef6ae7f9dc5a4674e91c1fb302fccca0c5f3abe3102d,world_bank_api,indicator,"Merchandise exports (current US$)",2024-12-31,,TO,TX.VAL.MRCH.CD.WT,9000000.0,"current USD",,"{""country_name"": ""Tonga"", ""source"": ""World Development Indicators""}",2026-08-19T10:55:41.969097+00:00
900,3eb0ef39dced370ede9feddd48a6d3727b11a8891afb2e06757bf11bfd29bfc8,world_bank_api,indicator,"Merchandise exports (current US$)",2023-12-31,,TO,TX.VAL.MRCH.CD.WT,10000000.0,"current USD",,"{""country_name"": ""Tonga"", ""source"": ""World Development Indicators""}",2026-08-19T10:55:41.969097+00:00
901,27d20d13f8d8895fe7c27bd9befafa6cb2e45c33219ac5b3bed6810b442cbbb2,world_bank_api,indicator,"Merchandise exports (current US$)",2025-12-31,,TT,TX.VAL.MRCH.CD.WT,6816000000.0,"current USD",,"{""country_name"": ""Trinidad and Tobago"", ""source"": ""World Development Indicators""}",2026-08-19T10:55:41.969097+00:00
902,59d68d1168aa09e058e35094efc8f147a41691606df0a3727dca57a4415a9b49,world_bank_api,indicator,"Merchandise exports (current US$)",2024-12-31,,TT,TX.VAL.MRCH.CD.WT,7899000000.0,"current USD",,"{""country_name"": ""Trinidad and Tobago"", ""source"": ""World Development Indicators""}",2026-08-19T10:55:41.969097+00:00
903,40660300cf81ce2c5abb39ffe33ae794fb9c768fe0e55b46763cea9dbd478664,world_bank_api,indicator,"Merchandise exports (current US$)",2023-12-31,,TT,TX.VAL.MRCH.CD.WT,7864000000.0,"current USD",,"{""country_name"": ""Trinidad and Tobago"", ""source"": ""World Development Indicators""}",2026-08-19T10:55:41.969097+00:00
904,60759804b2ee20e5de95024772186039d0350875c3ecd31ab68c1d5a479e373f,world_bank_api,indicator,"Merchandise exports (current US$)",2025-12-31,,TN,TX.VAL.MRCH.CD.WT,21293000000.0,"current USD",,"{""country_name"": ""Tunisia"", ""source"": ""World Development Indicators""}",2026-08-19T10:55:41.969097+00:00
905,334686f6b1946d278e5acaa00c1cddbe2d5a22ba4edcb2daae1261c912595d2c,world_bank_api,indicator,"Merchandise exports (current US$)",2024-12-31,,TN,TX.VAL.MRCH.CD.WT,19972000000.0,"current USD",,"{""country_name"": ""Tunisia"", ""source"": ""World Development Indicators""}",2026-08-19T10:55:41.969097+00:00
906,c2df980ba7959bcf33df15da8e3d6b2f2a420676f7e6f7f7a52358576ce52308,world_bank_api,indicator,"Merchandise exports (current US$)",2023-12-31,,TN,TX.VAL.MRCH.CD.WT,19985000000.0,"current USD",,"{""country_name"": ""Tunisia"", ""source"": ""World Development Indicators""}",2026-08-19T10:55:41.969097+00:00
907,575dc6d967e442e1c29d0dfc9f1943aedfad95c271731ecb773d87fca96a133a,world_bank_api,indicator,"Merchandise exports (current US$)",2025-12-31,,TR,TX.VAL.MRCH.CD.WT,273361000000.0,"current USD",,"{""country_name"": ""Turkiye"", ""source"": ""World Development Indicators""}",2026-08-19T10:55:41.969097+00:00
908,f5f3122b0813e32f7e5048271d7c9077cefba304fc68cc311904884c8c2bd7ad,world_bank_api,indicator,"Merchandise exports (current US$)",2024-12-31,,TR,TX.VAL.MRCH.CD.WT,261778000000.0,"current USD",,"{""country_name"": ""Turkiye"", ""source"": ""World Development Indicators""}",2026-08-19T10:55:41.969097+00:00
909,6deb410b4876fdffee8e63a6cdd2246d34fd617c1ed6c3315f8a294f61431683,world_bank_api,indicator,"Merchandise exports (current US$)",2023-12-31,,TR,TX.VAL.MRCH.CD.WT,255627000000.0,"current USD",,"{""country_name"": ""Turkiye"", ""source"": ""World Development Indicators""}",2026-08-19T10:55:41.969097+00:00
910,a794ad09f05f66bce4d16f877ea419466a4b0c7a2913e898c9de99ffd70c94b9,world_bank_api,indicator,"Merchandise exports (current US$)",2025-12-31,,TM,TX.VAL.MRCH.CD.WT,15561000000.0,"current USD",,"{""country_name"": ""Turkmenistan"", ""source"": ""World Development Indicators""}",2026-08-19T10:55:41.969097+00:00
911,457453b63911493cb8b431d8a5b266c50e659df33da34daccfd4757f6ab61666,world_bank_api,indicator,"Merchandise exports (current US$)",2024-12-31,,TM,TX.VAL.MRCH.CD.WT,14974000000.0,"current USD",,"{""country_name"": ""Turkmenistan"", ""source"": ""World Development Indicators""}",2026-08-19T10:55:41.969097+00:00
912,14e3bbca3b8652ba668b1aba312c704b865c63010d6ebce4d53ef764b2249185,world_bank_api,indicator,"Merchandise exports (current US$)",2023-12-31,,TM,TX.VAL.MRCH.CD.WT,16164000000.0,"current USD",,"{""country_name"": ""Turkmenistan"", ""source"": ""World Development Indicators""}",2026-08-19T10:55:41.969097+00:00
913,bd99e8776464e7649ae40d3a133f2bf0b094a23d5d416c923d5d14003d4f9d0f,world_bank_api,indicator,"Merchandise exports (current US$)",2025-12-31,,TC,TX.VAL.MRCH.CD.WT,5000000.0,"current USD",,"{""country_name"": ""Turks and Caicos Islands"", ""source"": ""World Development Indicators""}",2026-08-19T10:55:41.969097+00:00
914,491904a3b5ab218a34937d8706a33801df0331308742962da0018e80d09f4594,world_bank_api,indicator,"Merchandise exports (current US$)",2024-12-31,,TC,TX.VAL.MRCH.CD.WT,5000000.0,"current USD",,"{""country_name"": ""Turks and Caicos Islands"", ""source"": ""World Development Indicators""}",2026-08-19T10:55:41.969097+00:00
915,4f8a8a5112747df8bad0faaa51ba46aae706e6e776c8ed238fed2f5363b43592,world_bank_api,indicator,"Merchandise exports (current US$)",2023-12-31,,TC,TX.VAL.MRCH.CD.WT,4000000.0,"current USD",,"{""country_name"": ""Turks and Caicos Islands"", ""source"": ""World Development Indicators""}",2026-08-19T10:55:41.969097+00:00
916,1dadb0ac8563a390d9dab900f9780d4a28d399dfb0a00853e18b71fcdd716425,world_bank_api,indicator,"Merchandise exports (current US$)",2025-12-31,,TV,TX.VAL.MRCH.CD.WT,0.0,"current USD",,"{""country_name"": ""Tuvalu"", ""source"": ""World Development Indicators""}",2026-08-19T10:55:41.969097+00:00
917,434ed6d87a506708901d6523cae11640730eb5d3d6c6f121f26ae975a57c84cd,world_bank_api,indicator,"Merchandise exports (current US$)",2024-12-31,,TV,TX.VAL.MRCH.CD.WT,0.0,"current USD",,"{""country_name"": ""Tuvalu"", ""source"": ""World Development Indicators""}",2026-08-19T10:55:41.969097+00:00
918,ecb8e44580085caa3f74d1b4d584a977a85a8f275c4f1cf396cb636344f30ee8,world_bank_api,indicator,"Merchandise exports (current US$)",2023-12-31,,TV,TX.VAL.MRCH.CD.WT,0.0,"current USD",,"{""country_name"": ""Tuvalu"", ""source"": ""World Development Indicators""}",2026-08-19T10:55:41.969097+00:00
919,1c1c9c693190781172656f07a5c703faa7105d0254d8b60739cb09a1ec7ad4b1,world_bank_api,indicator,"Merchandise exports (current US$)",2025-12-31,,UG,TX.VAL.MRCH.CD.WT,12500000000.0,"current USD",,"{""country_name"": ""Uganda"", ""source"": ""World Development Indicators""}",2026-08-19T10:55:41.969097+00:00
920,6fc8070753e3a8f2e5872888119f2b717cf0c71a2c383122411872b9678a4692,world_bank_api,indicator,"Merchandise exports (current US$)",2024-12-31,,UG,TX.VAL.MRCH.CD.WT,8039000000.0,"current USD",,"{""country_name"": ""Uganda"", ""source"": ""World Development Indicators""}",2026-08-19T10:55:41.969097+00:00
921,40a82d80375c2c349289713abbf2dc3d968918b0c81550ccdd94165d6c6bd373,world_bank_api,indicator,"Merchandise exports (current US$)",2023-12-31,,UG,TX.VAL.MRCH.CD.WT,6305000000.0,"current USD",,"{""country_name"": ""Uganda"", ""source"": ""World Development Indicators""}",2026-08-19T10:55:41.969097+00:00
922,56d2d842c04cb61813f967b4a111bffa3953d7a06f86c219cdbda5d249932d83,world_bank_api,indicator,"Merchandise exports (current US$)",2025-12-31,,UA,TX.VAL.MRCH.CD.WT,40368000000.0,"current USD",,"{""country_name"": ""Ukraine"", ""source"": ""World Development Indicators""}",2026-08-19T10:55:41.969097+00:00
923,c7b8f555aa0199f2981d9bd1303878db9f26be8875566b00a6437acb4c74c5fc,world_bank_api,indicator,"Merchandise exports (current US$)",2024-12-31,,UA,TX.VAL.MRCH.CD.WT,41732000000.0,"current USD",,"{""country_name"": ""Ukraine"", ""source"": ""World Development Indicators""}",2026-08-19T10:55:41.969097+00:00
924,b3550304f8ac099058e18ab6199223f55a50aa2fcd9e4b72d82bd8c30f3d5a91,world_bank_api,indicator,"Merchandise exports (current US$)",2023-12-31,,UA,TX.VAL.MRCH.CD.WT,37585000000.0,"current USD",,"{""country_name"": ""Ukraine"", ""source"": ""World Development Indicators""}",2026-08-19T10:55:41.969097+00:00
925,519f7e1430b5b6f6ac3f0d999a5ee0b0c384d60887d5c8df48baab362e1ec955,world_bank_api,indicator,"Merchandise exports (current US$)",2025-12-31,,AE,TX.VAL.MRCH.CD.WT,706671000000.0,"current USD",,"{""country_name"": ""United Arab Emirates"", ""source"": ""World Development Indicators""}",2026-08-19T10:55:41.969097+00:00
926,71e14bc49cdedb0895215e8836b159a1a645e47a96996c9e744e0e406d443446,world_bank_api,indicator,"Merchandise exports (current US$)",2024-12-31,,AE,TX.VAL.MRCH.CD.WT,605580000000.0,"current USD",,"{""country_name"": ""United Arab Emirates"", ""source"": ""World Development Indicators""}",2026-08-19T10:55:41.969097+00:00
927,c49aa5b4296d695aefcf1e19ab0f1e2fc680d9e0eaf3a5443c67bef863b4970b,world_bank_api,indicator,"Merchandise exports (current US$)",2023-12-31,,AE,TX.VAL.MRCH.CD.WT,570245000000.0,"current USD",,"{""country_name"": ""United Arab Emirates"", ""source"": ""World Development Indicators""}",2026-08-19T10:55:41.969097+00:00
928,46351929f0af38a0b025611d25ff7cd2bf0372e342e5eaee8aff9fc0e7480754,world_bank_api,indicator,"Merchandise exports (current US$)",2025-12-31,,GB,TX.VAL.MRCH.CD.WT,555829000000.0,"current USD",,"{""country_name"": ""United Kingdom"", ""source"": ""World Development Indicators""}",2026-08-19T10:55:41.969097+00:00
929,c0e0a253610d9e4a25074812762eb946ab3526ea6b51b5e94a4476729e4b0b1a,world_bank_api,indicator,"Merchandise exports (current US$)",2024-12-31,,GB,TX.VAL.MRCH.CD.WT,524286000000.0,"current USD",,"{""country_name"": ""United Kingdom"", ""source"": ""World Development Indicators""}",2026-08-19T10:55:41.969097+00:00
930,1206aa6d8bd41a4f9f685355a82d20c2974a956e1b262f6269e09061c9c536a5,world_bank_api,indicator,"Merchandise exports (current US$)",2023-12-31,,GB,TX.VAL.MRCH.CD.WT,525016000000.0,"current USD",,"{""country_name"": ""United Kingdom"", ""source"": ""World Development Indicators""}",2026-08-19T10:55:41.969097+00:00
931,d42ec883c9e09957bba1495122005cb545d54de0add637c6e25334ab2f65f930,world_bank_api,indicator,"Merchandise exports (current US$)",2025-12-31,,UY,TX.VAL.MRCH.CD.WT,11230000000.0,"current USD",,"{""country_name"": ""Uruguay"", ""source"": ""World Development Indicators""}",2026-08-19T10:55:41.969097+00:00
932,da9fa4411e6fcc31ae28429a6a59d7a46afbad85d6911677fff66468cbbc27e8,world_bank_api,indicator,"Merchandise exports (current US$)",2024-12-31,,UY,TX.VAL.MRCH.CD.WT,10253000000.0,"current USD",,"{""country_name"": ""Uruguay"", ""source"": ""World Development Indicators""}",2026-08-19T10:55:41.969097+00:00
933,66e2b86313e5f92dfc83a5a1f5a69a58561474c13f602d68767ef2e8b7cde140,world_bank_api,indicator,"Merchandise exports (current US$)",2023-12-31,,UY,TX.VAL.MRCH.CD.WT,9220000000.0,"current USD",,"{""country_name"": ""Uruguay"", ""source"": ""World Development Indicators""}",2026-08-19T10:55:41.969097+00:00
934,a05deb9f6c22b57ed2969f8e06f21db5645755532c6fbf67768a6d193a5d52fd,world_bank_api,indicator,"Merchandise exports (current US$)",2025-12-31,,UZ,TX.VAL.MRCH.CD.WT,23654000000.0,"current USD",,"{""country_name"": ""Uzbekistan"", ""source"": ""World Development Indicators""}",2026-08-19T10:55:41.969097+00:00
935,2812c6bbbd03010b6cb2bc7c140bf1fa0a239c9489367829c38e21faa986e287,world_bank_api,indicator,"Merchandise exports (current US$)",2024-12-31,,UZ,TX.VAL.MRCH.CD.WT,19698000000.0,"current USD",,"{""country_name"": ""Uzbekistan"", ""source"": ""World Development Indicators""}",2026-08-19T10:55:41.969097+00:00
936,a045acc895f6d0785b84b20ce76fe86b6b8396d0f2e5151fa4efe200c3e33e1f,world_bank_api,indicator,"Merchandise exports (current US$)",2023-12-31,,UZ,TX.VAL.MRCH.CD.WT,19229000000.0,"current USD",,"{""country_name"": ""Uzbekistan"", ""source"": ""World Development Indicators""}",2026-08-19T10:55:41.969097+00:00
937,ff61d38089a18c6180f1784c79e3523d8c0cdf937c0a5e364ebffbf037319aac,world_bank_api,indicator,"Merchandise exports (current US$)",2025-12-31,,VU,TX.VAL.MRCH.CD.WT,78000000.0,"current USD",,"{""country_name"": ""Vanuatu"", ""source"": ""World Development Indicators""}",2026-08-19T10:55:41.969097+00:00
938,7c684f5488e5107677e386bc914a66ddb34aaa6e320ab506d842daaaba717c61,world_bank_api,indicator,"Merchandise exports (current US$)",2024-12-31,,VU,TX.VAL.MRCH.CD.WT,75000000.0,"current USD",,"{""country_name"": ""Vanuatu"", ""source"": ""World Development Indicators""}",2026-08-19T10:55:41.969097+00:00
939,135b93b0dcf8d4ebdf65e3a3e1c1c924d32c1044ce893b6c8fdb9046f8dfa49c,world_bank_api,indicator,"Merchandise exports (current US$)",2023-12-31,,VU,TX.VAL.MRCH.CD.WT,60000000.0,"current USD",,"{""country_name"": ""Vanuatu"", ""source"": ""World Development Indicators""}",2026-08-19T10:55:41.969097+00:00
940,a860811c77f7829f4bd2f638904c8e1451664d7ebbf8969c1cefaf473e717d3e,world_bank_api,indicator,"Merchandise exports (current US$)",2025-12-31,,VE,TX.VAL.MRCH.CD.WT,8600000000.0,"current USD",,"{""country_name"": ""Venezuela, RB"", ""source"": ""World Development Indicators""}",2026-08-19T10:55:41.969097+00:00
941,d00c672e9d1431ef153ee004b992fd2971d6b4605f4686bf0539600b28d06da9,world_bank_api,indicator,"Merchandise exports (current US$)",2024-12-31,,VE,TX.VAL.MRCH.CD.WT,14365000000.0,"current USD",,"{""country_name"": ""Venezuela, RB"", ""source"": ""World Development Indicators""}",2026-08-19T10:55:41.969097+00:00
942,d45e162c5c029d55e047e3a67b3ff0192cd49c2cd10c36086486fcd98078c345,world_bank_api,indicator,"Merchandise exports (current US$)",2023-12-31,,VE,TX.VAL.MRCH.CD.WT,7815000000.0,"current USD",,"{""country_name"": ""Venezuela, RB"", ""source"": ""World Development Indicators""}",2026-08-19T10:55:41.969097+00:00
943,7ef3f89cfcbf75315d8f4564a367385eda47952f329a4dc85f86de05e6e581d3,world_bank_api,indicator,"Merchandise exports (current US$)",2025-12-31,,VN,TX.VAL.MRCH.CD.WT,472929000000.0,"current USD",,"{""country_name"": ""Viet Nam"", ""source"": ""World Development Indicators""}",2026-08-19T10:55:41.969097+00:00
944,3c94dee26fd7311f0c313b821eaa39a62c15271af13a6fd83474ca4d688f73d1,world_bank_api,indicator,"Merchandise exports (current US$)",2024-12-31,,VN,TX.VAL.MRCH.CD.WT,404824000000.0,"current USD",,"{""country_name"": ""Viet Nam"", ""source"": ""World Development Indicators""}",2026-08-19T10:55:41.969097+00:00
945,6268d1108f98a05ebf1ef7f70487c28bda57f6115b1b4980f868b200905fda92,world_bank_api,indicator,"Merchandise exports (current US$)",2023-12-31,,VN,TX.VAL.MRCH.CD.WT,353782000000.0,"current USD",,"{""country_name"": ""Viet Nam"", ""source"": ""World Development Indicators""}",2026-08-19T10:55:41.969097+00:00
946,231099ef7271a3d8ad43a83cf599bcbf91fe2f359aa6ea8da60ef38cc574d140,world_bank_api,indicator,"Merchandise exports (current US$)",2025-12-31,,YE,TX.VAL.MRCH.CD.WT,196000000.0,"current USD",,"{""country_name"": ""Yemen, Rep."", ""source"": ""World Development Indicators""}",2026-08-19T10:55:41.969097+00:00
947,ed174b70e338d327b620c339aa09f957ea7bdcb99157f11714baafe44cedc5a2,world_bank_api,indicator,"Merchandise exports (current US$)",2024-12-31,,YE,TX.VAL.MRCH.CD.WT,229000000.0,"current USD",,"{""country_name"": ""Yemen, Rep."", ""source"": ""World Development Indicators""}",2026-08-19T10:55:41.969097+00:00
948,109e81fe428a3cd53c7fd71b6f257ff16a10cc790251eb2270e28bf70813b2aa,world_bank_api,indicator,"Merchandise exports (current US$)",2023-12-31,,YE,TX.VAL.MRCH.CD.WT,249000000.0,"current USD",,"{""country_name"": ""Yemen, Rep."", ""source"": ""World Development Indicators""}",2026-08-19T10:55:41.969097+00:00
949,5ee6552d27fe36257d13bef68e6b777cd307f8fe1e5a357036d60208b13e115a,world_bank_api,indicator,"Merchandise exports (current US$)",2025-12-31,,ZM,TX.VAL.MRCH.CD.WT,13314000000.0,"current USD",,"{""country_name"": ""Zambia"", ""source"": ""World Development Indicators""}",2026-08-19T10:55:41.969097+00:00
950,7e600e112f8447628ed9fca62fb5bd527d768cb14b4fcd73e4a180c3e40b9a33,world_bank_api,indicator,"Merchandise exports (current US$)",2024-12-31,,ZM,TX.VAL.MRCH.CD.WT,11276000000.0,"current USD",,"{""country_name"": ""Zambia"", ""source"": ""World Development Indicators""}",2026-08-19T10:55:41.969097+00:00
951,aa9134f2ce217c2dbb6c10ef46d5fc236ce59ea78662e8d0ab79f5778703ded6,world_bank_api,indicator,"Merchandise exports (current US$)",2023-12-31,,ZM,TX.VAL.MRCH.CD.WT,10431000000.0,"current USD",,"{""country_name"": ""Zambia"", ""source"": ""World Development Indicators""}",2026-08-19T10:55:41.969097+00:00
952,553f1a781cc89293541ba6693e21cddb2cadf1918c2133360b0b058cc5e9c001,world_bank_api,indicator,"Merchandise exports (current US$)",2025-12-31,,ZW,TX.VAL.MRCH.CD.WT,9707000000.0,"current USD",,"{""country_name"": ""Zimbabwe"", ""source"": ""World Development Indicators""}",2026-08-19T10:55:41.969097+00:00
953,40db71407ed5877e6daa68ce46871a72588df748a39678fc2cbee70a7b78e001,world_bank_api,indicator,"Merchandise exports (current US$)",2024-12-31,,ZW,TX.VAL.MRCH.CD.WT,7432000000.0,"current USD",,"{""country_name"": ""Zimbabwe"", ""source"": ""World Development Indicators""}",2026-08-19T10:55:41.969097+00:00
954,e844f79d5e2f04eb824f74837fb67f9c055bc170b68b66317344e40c9f5b5550,world_bank_api,indicator,"Merchandise exports (current US$)",2023-12-31,,ZW,TX.VAL.MRCH.CD.WT,7225000000.0,"current USD",,"{""country_name"": ""Zimbabwe"", ""source"": ""World Development Indicators""}",2026-08-19T10:55:41.969097+00:00
955,4a7b4379e42495029bf451f049351105017497ec79a325e96db47893a33a0507,world_bank_api,indicator,"Merchandise imports (current US$)",2025-12-31,,ZH,TM.VAL.MRCH.CD.WT,337797896850.751,"current USD",,"{""country_name"": ""Africa Eastern and Southern"", ""source"": ""World Development Indicators""}",2026-08-19T10:55:41.969097+00:00
956,e2c247f0dc0065a37995a2b1fc2588c05421fb08bba4ded4ec5c530ae758e553,world_bank_api,indicator,"Merchandise imports (current US$)",2024-12-31,,ZH,TM.VAL.MRCH.CD.WT,316759908953.424,"current USD",,"{""country_name"": ""Africa Eastern and Southern"", ""source"": ""World Development Indicators""}",2026-08-19T10:55:41.969097+00:00
957,2efeb993ee4e8b921828289499e99a41b46aa9ad83bd83768657beaad3e1fef5,world_bank_api,indicator,"Merchandise imports (current US$)",2023-12-31,,ZH,TM.VAL.MRCH.CD.WT,317249000995.91,"current USD",,"{""country_name"": ""Africa Eastern and Southern"", ""source"": ""World Development Indicators""}",2026-08-19T10:55:41.969097+00:00
958,3e33fcec8225f06ebd186a4bf90fedb3c8a60e9e825af51282c054c233c696a2,world_bank_api,indicator,"Merchandise imports (current US$)",2025-12-31,,ZI,TM.VAL.MRCH.CD.WT,163339000000.0,"current USD",,"{""country_name"": ""Africa Western and Central"", ""source"": ""World Development Indicators""}",2026-08-19T10:55:41.969097+00:00
959,01fd569f10ce2a8cb41bf89bec6da2dbbeb95099d561346faf09e6ea75504bfc,world_bank_api,indicator,"Merchandise imports (current US$)",2024-12-31,,ZI,TM.VAL.MRCH.CD.WT,148433000000.0,"current USD",,"{""country_name"": ""Africa Western and Central"", ""source"": ""World Development Indicators""}",2026-08-19T10:55:41.969097+00:00
960,6b75c0d36c2fadd1641c81e5aae55378104ccb3dcdc3c725bec239f077391413,world_bank_api,indicator,"Merchandise imports (current US$)",2023-12-31,,ZI,TM.VAL.MRCH.CD.WT,158306000000.0,"current USD",,"{""country_name"": ""Africa Western and Central"", ""source"": ""World Development Indicators""}",2026-08-19T10:55:41.969097+00:00
961,f3a108005380740b806674655f2b50d2d6c9877e0891cd4d103f07fcf8bd82c6,world_bank_api,indicator,"Merchandise imports (current US$)",2025-12-31,,1A,TM.VAL.MRCH.CD.WT,1478489241707.38,"current USD",,"{""country_name"": ""Arab World"", ""source"": ""World Development Indicators""}",2026-08-19T10:55:41.969097+00:00
962,6c38260f1dad8f56b58ce80ce71bf66cb355c8b123cac262c6534c2cad4c4418,world_bank_api,indicator,"Merchandise imports (current US$)",2024-12-31,,1A,TM.VAL.MRCH.CD.WT,1334215239641.06,"current USD",,"{""country_name"": ""Arab World"", ""source"": ""World Development Indicators""}",2026-08-19T10:55:41.969097+00:00
963,3ea9582879610b96dbb490a26ea3ff70c70fd0b7066744a61e7c2bb722d28ffa,world_bank_api,indicator,"Merchandise imports (current US$)",2023-12-31,,1A,TM.VAL.MRCH.CD.WT,1190449262370.51,"current USD",,"{""country_name"": ""Arab World"", ""source"": ""World Development Indicators""}",2026-08-19T10:55:41.969097+00:00
964,b108ef473fa5b137db233b128521c79f47402b0be1027e699d8926e12b0ecd6b,world_bank_api,indicator,"Merchandise imports (current US$)",2025-12-31,,S3,TM.VAL.MRCH.CD.WT,31172000000.0,"current USD",,"{""country_name"": ""Caribbean small states"", ""source"": ""World Development Indicators""}",2026-08-19T10:55:41.969097+00:00
965,39a401dd1f375cecb9b4fad9a0121a7c8f23c19eb7e6d112b77f2d4dbbff838a,world_bank_api,indicator,"Merchandise imports (current US$)",2024-12-31,,S3,TM.VAL.MRCH.CD.WT,28356000000.0,"current USD",,"{""country_name"": ""Caribbean small states"", ""source"": ""World Development Indicators""}",2026-08-19T10:55:41.969097+00:00
966,bd6f5cc3fae69e0ff8e8d0a5b19c33c3928dec0bbc1e51b9288fc2b5187318a1,world_bank_api,indicator,"Merchandise imports (current US$)",2023-12-31,,S3,TM.VAL.MRCH.CD.WT,28593000000.0,"current USD",,"{""country_name"": ""Caribbean small states"", ""source"": ""World Development Indicators""}",2026-08-19T10:55:41.969097+00:00
967,97fea5bbcc912b9ed477dfa9a385e75159e04a3a40188e55bcd3026f841953be,world_bank_api,indicator,"Merchandise imports (current US$)",2025-12-31,,B8,TM.VAL.MRCH.CD.WT,1406713000000.0,"current USD",,"{""country_name"": ""Central Europe and the Baltics"", ""source"": ""World Development Indicators""}",2026-08-19T10:55:41.969097+00:00
968,b0e0b8421706c7d923dbb5e86109179970c38bde124e4f7e21681ee0874dc663,world_bank_api,indicator,"Merchandise imports (current US$)",2024-12-31,,B8,TM.VAL.MRCH.CD.WT,1292867000000.0,"current USD",,"{""country_name"": ""Central Europe and the Baltics"", ""source"": ""World Development Indicators""}",2026-08-19T10:55:41.969097+00:00
969,7e33f3af5e0c9523352fda184c201678ddbd57328bba297399e5dc856e9c3238,world_bank_api,indicator,"Merchandise imports (current US$)",2023-12-31,,B8,TM.VAL.MRCH.CD.WT,1269771000000.0,"current USD",,"{""country_name"": ""Central Europe and the Baltics"", ""source"": ""World Development Indicators""}",2026-08-19T10:55:41.969097+00:00
970,1d20c93263f2af3a8f987f5972068e1ead3da753aef95a88396ea17998c1f483,world_bank_api,indicator,"Merchandise imports (current US$)",2025-12-31,,V2,TM.VAL.MRCH.CD.WT,3687110075317.86,"current USD",,"{""country_name"": ""Early-demographic dividend"", ""source"": ""World Development Indicators""}",2026-08-19T10:55:41.969097+00:00
971,12683d9acda0e63afcf25ec0eca121728a2310e5d0d7a1ff790b44a0cde9b876,world_bank_api,indicator,"Merchandise imports (current US$)",2024-12-31,,V2,TM.VAL.MRCH.CD.WT,3476768063825.36,"current USD",,"{""country_name"": ""Early-demographic dividend"", ""source"": ""World Development Indicators""}",2026-08-19T10:55:41.969097+00:00
972,bfbdfe6b9c1c25119e9016d95a5d0b57ed0e321f11baaed13583d2de985b09b5,world_bank_api,indicator,"Merchandise imports (current US$)",2023-12-31,,V2,TM.VAL.MRCH.CD.WT,3373509294656.64,"current USD",,"{""country_name"": ""Early-demographic dividend"", ""source"": ""World Development Indicators""}",2026-08-19T10:55:41.969097+00:00
973,8fdd5808b73372ba7fa0fb28f94d1941ad316decb540916f5d624cc454294220,world_bank_api,indicator,"Merchandise imports (current US$)",2025-12-31,,Z4,TM.VAL.MRCH.CD.WT,7795774000000.0,"current USD",,"{""country_name"": ""East Asia & Pacific"", ""source"": ""World Development Indicators""}",2026-08-19T10:55:41.969097+00:00
974,e3046a9cfccbc82b0cb373101fe570d5f07ab8a081ddac74c43f2a681ba1e06f,world_bank_api,indicator,"Merchandise imports (current US$)",2024-12-31,,Z4,TM.VAL.MRCH.CD.WT,7326246000000.0,"current USD",,"{""country_name"": ""East Asia & Pacific"", ""source"": ""World Development Indicators""}",2026-08-19T10:55:41.969097+00:00
975,9661ce9806e94657ceba1ebfc3f96034dc153f72e7f5226fc5ff6a91c8ad75ca,world_bank_api,indicator,"Merchandise imports (current US$)",2023-12-31,,Z4,TM.VAL.MRCH.CD.WT,7101368000000.0,"current USD",,"{""country_name"": ""East Asia & Pacific"", ""source"": ""World Development Indicators""}",2026-08-19T10:55:41.969097+00:00
976,bafcc290f71a70ce5e9a021f2e5980cd50f6316d89f8ffe395af7387c80dcc32,world_bank_api,indicator,"Merchandise imports (current US$)",2025-12-31,,4E,TM.VAL.MRCH.CD.WT,4189666000000.0,"current USD",,"{""country_name"": ""East Asia & Pacific (excluding high income)"", ""source"": ""World Development Indicators""}",2026-08-19T10:55:41.969097+00:00
977,8bf7bdbc09ae161c3d044193847cbdac6409ea279d9d1873eab647eee02e9631,world_bank_api,indicator,"Merchandise imports (current US$)",2024-12-31,,4E,TM.VAL.MRCH.CD.WT,4013621000000.0,"current USD",,"{""country_name"": ""East Asia & Pacific (excluding high income)"", ""source"": ""World Development Indicators""}",2026-08-19T10:55:41.969097+00:00
978,adb0c5265ad665fa420068c86f3c91c8ade01a516dc2c41ad90fddf7ac4fe7bb,world_bank_api,indicator,"Merchandise imports (current US$)",2023-12-31,,4E,TM.VAL.MRCH.CD.WT,3864839000000.0,"current USD",,"{""country_name"": ""East Asia & Pacific (excluding high income)"", ""source"": ""World Development Indicators""}",2026-08-19T10:55:41.969097+00:00
979,f624f75d5158f10d6b09519f94c390fe987d91b92ef71f07cf31db77f74407ee,world_bank_api,indicator,"Merchandise imports (current US$)",2025-12-31,,T4,TM.VAL.MRCH.CD.WT,4187026000000.0,"current USD",,"{""country_name"": ""East Asia & Pacific (IDA & IBRD countries)"", ""source"": ""World Development Indicators""}",2026-08-19T10:55:41.969097+00:00
980,314a17245ff4664ed3b7e2658d9b62f2d7dd0368d1ee2b1a3eeb2d311eaa7e81,world_bank_api,indicator,"Merchandise imports (current US$)",2024-12-31,,T4,TM.VAL.MRCH.CD.WT,4011482000000.0,"current USD",,"{""country_name"": ""East Asia & Pacific (IDA & IBRD countries)"", ""source"": ""World Development Indicators""}",2026-08-19T10:55:41.969097+00:00
981,49b260538c2ddb80afea905aad0ec77d8694b05106243861ce100f86f86546fc,world_bank_api,indicator,"Merchandise imports (current US$)",2023-12-31,,T4,TM.VAL.MRCH.CD.WT,3862665000000.0,"current USD",,"{""country_name"": ""East Asia & Pacific (IDA & IBRD countries)"", ""source"": ""World Development Indicators""}",2026-08-19T10:55:41.969097+00:00
982,491f676f753b15740fb824fdb280a9cf28c773cdf9c90dc83fc83d336f2c43c2,world_bank_api,indicator,"Merchandise imports (current US$)",2025-12-31,,XC,TM.VAL.MRCH.CD.WT,6090147000000.0,"current USD",,"{""country_name"": ""Euro area"", ""source"": ""World Development Indicators""}",2026-08-19T10:55:41.969097+00:00
983,99f39e5b01871667f2b94323c4f7af8925f04a7e69f2a23ac4567b544e219296,world_bank_api,indicator,"Merchandise imports (current US$)",2024-12-31,,XC,TM.VAL.MRCH.CD.WT,5694832000000.0,"current USD",,"{""country_name"": ""Euro area"", ""source"": ""World Development Indicators""}",2026-08-19T10:55:41.969097+00:00
984,0709cfa8db0e50866c6d6a246a7b3b8d4b476fd854311d2725c3d08952718576,world_bank_api,indicator,"Merchandise imports (current US$)",2023-12-31,,XC,TM.VAL.MRCH.CD.WT,5867095000000.0,"current USD",,"{""country_name"": ""Euro area"", ""source"": ""World Development Indicators""}",2026-08-19T10:55:41.969097+00:00
985,b5cae1d6402130408a791ada5a8a85e683f8dbcd6f9c3695755784e45837b062,world_bank_api,indicator,"Merchandise imports (current US$)",2025-12-31,,Z7,TM.VAL.MRCH.CD.WT,10086239327580.1,"current USD",,"{""country_name"": ""Europe & Central Asia"", ""source"": ""World Development Indicators""}",2026-08-19T10:55:41.969097+00:00
986,127e213eb844caa6e0c26f6adc43bdfc92540596771dc419681cc8872991cd81,world_bank_api,indicator,"Merchandise imports (current US$)",2024-12-31,,Z7,TM.VAL.MRCH.CD.WT,9251572265914.79,"current USD",,"{""country_name"": ""Europe & Central Asia"", ""source"": ""World Development Indicators""}",2026-08-19T10:55:41.969097+00:00
987,f25ba30afa2bec552a9f770133ce9b1bb6b6ba27ee69e063429afe42253ab6db,world_bank_api,indicator,"Merchandise imports (current US$)",2023-12-31,,Z7,TM.VAL.MRCH.CD.WT,9374194799743.9,"current USD",,"{""country_name"": ""Europe & Central Asia"", ""source"": ""World Development Indicators""}",2026-08-19T10:55:41.969097+00:00
988,523de049057fdeeba5eaf183a9f8a871b87debb359ad6a561124fbe90c2b13ff,world_bank_api,indicator,"Merchandise imports (current US$)",2025-12-31,,7E,TM.VAL.MRCH.CD.WT,796247072860.26,"current USD",,"{""country_name"": ""Europe & Central Asia (excluding high income)"", ""source"": ""World Development Indicators""}",2026-08-19T10:55:41.969097+00:00
989,5fd7550a26e76b47fb854c2997fe6bc080c741fe3909551b706f98cf0d31b9af,world_bank_api,indicator,"Merchandise imports (current US$)",2024-12-31,,7E,TM.VAL.MRCH.CD.WT,733260621556.747,"current USD",,"{""country_name"": ""Europe & Central Asia (excluding high income)"", ""source"": ""World Development Indicators""}",2026-08-19T10:55:41.969097+00:00
990,f95bff7262969165c3245ea4aa98f2a2f746334e8addfefb3c2a56b14dc2172e,world_bank_api,indicator,"Merchandise imports (current US$)",2023-12-31,,7E,TM.VAL.MRCH.CD.WT,728568134465.096,"current USD",,"{""country_name"": ""Europe & Central Asia (excluding high income)"", ""source"": ""World Development Indicators""}",2026-08-19T10:55:41.969097+00:00
991,7900831d8a60c7a44f1b5e6ce5bc933a1fc36418d502fa58f9c31cecb9dca77f,world_bank_api,indicator,"Merchandise imports (current US$)",2025-12-31,,T7,TM.VAL.MRCH.CD.WT,1777334759291.23,"current USD",,"{""country_name"": ""Europe & Central Asia (IDA & IBRD countries)"", ""source"": ""World Development Indicators""}",2026-08-19T10:55:41.969097+00:00
992,8a80b0b76695e02029c5163dd45eaa4e197ec7223ef989a1768788932a1168fb,world_bank_api,indicator,"Merchandise imports (current US$)",2024-12-31,,T7,TM.VAL.MRCH.CD.WT,1655498114314.75,"current USD",,"{""country_name"": ""Europe & Central Asia (IDA & IBRD countries)"", ""source"": ""World Development Indicators""}",2026-08-19T10:55:41.969097+00:00
993,29f70a16724941763c419186fcc3da2c90284d6cd4fca4dfaf3c0abe31f54319,world_bank_api,indicator,"Merchandise imports (current US$)",2023-12-31,,T7,TM.VAL.MRCH.CD.WT,1630691305681.24,"current USD",,"{""country_name"": ""Europe & Central Asia (IDA & IBRD countries)"", ""source"": ""World Development Indicators""}",2026-08-19T10:55:41.969097+00:00
994,f63fef08f565bc65e16e9fa1a9d3b4d96173cf739f6c14f111b4e088ba7e33fe,world_bank_api,indicator,"Merchandise imports (current US$)",2025-12-31,,EU,TM.VAL.MRCH.CD.WT,7406848000000.0,"current USD",,"{""country_name"": ""European Union"", ""source"": ""World Development Indicators""}",2026-08-19T10:55:41.969097+00:00
995,5745406447f9da6f23dbc03c4252c79e1acb5d905c4166ce1c6251af8c1f7da0,world_bank_api,indicator,"Merchandise imports (current US$)",2024-12-31,,EU,TM.VAL.MRCH.CD.WT,6909054000000.0,"current USD",,"{""country_name"": ""European Union"", ""source"": ""World Development Indicators""}",2026-08-19T10:55:41.969097+00:00
996,50692634e066d984eec949399c22e2b4eaeb7dfca604a02e505dd92b5dc77fa6,world_bank_api,indicator,"Merchandise imports (current US$)",2023-12-31,,EU,TM.VAL.MRCH.CD.WT,7070133000000.0,"current USD",,"{""country_name"": ""European Union"", ""source"": ""World Development Indicators""}",2026-08-19T10:55:41.969097+00:00
997,3a17aa1526707cc1cef6cccd5930f31a4847e5c6d9c44c6e49676380fb2a4084,world_bank_api,indicator,"Merchandise imports (current US$)",2025-12-31,,XE,TM.VAL.MRCH.CD.WT,306764000000.0,"current USD",,"{""country_name"": ""Heavily indebted poor countries (HIPC)"", ""source"": ""World Development Indicators""}",2026-08-19T10:55:41.969097+00:00
998,7b0759a73153cfc446c898ba6905c4af131d6ee4be1d6ecd2a5443d22e955064,world_bank_api,indicator,"Merchandise imports (current US$)",2024-12-31,,XE,TM.VAL.MRCH.CD.WT,272361000000.0,"current USD",,"{""country_name"": ""Heavily indebted poor countries (HIPC)"", ""source"": ""World Development Indicators""}",2026-08-19T10:55:41.969097+00:00
999,3d87665a043a0c93b2a1f30fd6d89e16e1117f612e46f0db0e030f9b2829ac8c,world_bank_api,indicator,"Merchandise imports (current US$)",2023-12-31,,XE,TM.VAL.MRCH.CD.WT,271498000000.0,"current USD",,"{""country_name"": ""Heavily indebted poor countries (HIPC)"", ""source"": ""World Development Indicators""}",2026-08-19T10:55:41.969097+00:00
1000,dc279d849771044e4a13e898e1306d3949bc7c03aae13a05ea496d091e9a239a,world_bank_api,indicator,"Merchandise imports (current US$)",2025-12-31,,XD,TM.VAL.MRCH.CD.WT,18360299662585.0,"current USD",,"{""country_name"": ""High income"", ""source"": ""World Development Indicators""}",2026-08-19T10:55:41.969097+00:00
1001,8dc9eb4827d3879d394de3b7ca011fdb788dc18c2f36dbe0fd4fcc6de02f08aa,world_bank_api,indicator,"Merchandise imports (current US$)",2024-12-31,,XD,TM.VAL.MRCH.CD.WT,17019201520142.9,"current USD",,"{""country_name"": ""High income"", ""source"": ""World Development Indicators""}",2026-08-19T10:55:41.969097+00:00
1002,567b15932359e1c0cbb5471404a86169c1352f2b85f281b4cbbb644ebe07025c,world_bank_api,indicator,"Merchandise imports (current US$)",2023-12-31,,XD,TM.VAL.MRCH.CD.WT,16772511770510.7,"current USD",,"{""country_name"": ""High income"", ""source"": ""World Development Indicators""}",2026-08-19T10:55:41.969097+00:00
1003,e0fe74189e600703424805c6643a6f9e2948534ab185105b2e18eb61b7f3443f,world_bank_api,indicator,"Merchandise imports (current US$)",2025-12-31,,XF,TM.VAL.MRCH.CD.WT,8751407000000.0,"current USD",,"{""country_name"": ""IBRD only"", ""source"": ""World Development Indicators""}",2026-08-19T10:55:41.969097+00:00
1004,28217865a0cd0858fe0ed6c87518eac816f0eef9e176048d4a24746b9b419824,world_bank_api,indicator,"Merchandise imports (current US$)",2024-12-31,,XF,TM.VAL.MRCH.CD.WT,8313769000000.0,"current USD",,"{""country_name"": ""IBRD only"", ""source"": ""World Development Indicators""}",2026-08-19T10:55:41.969097+00:00
1005,a2905a02ef891d8da520185786f856f079462d532c31d310dd82ca726eb7d303,world_bank_api,indicator,"Merchandise imports (current US$)",2023-12-31,,XF,TM.VAL.MRCH.CD.WT,8024663000000.0,"current USD",,"{""country_name"": ""IBRD only"", ""source"": ""World Development Indicators""}",2026-08-19T10:55:41.969097+00:00
1006,2e7abf0254ccf91ea08a780995a54cd9dd9e6f018b850381440cf51a4b101e3b,world_bank_api,indicator,"Merchandise imports (current US$)",2025-12-31,,ZT,TM.VAL.MRCH.CD.WT,9471883792452.19,"current USD",,"{""country_name"": ""IDA & IBRD total"", ""source"": ""World Development Indicators""}",2026-08-19T10:55:41.969097+00:00
1007,e3fb7507da67637aa85afa6b693f279c64e3e1fd7deeedb449e2fe86e94d64a2,world_bank_api,indicator,"Merchandise imports (current US$)",2024-12-31,,ZT,TM.VAL.MRCH.CD.WT,8963667981854.82,"current USD",,"{""country_name"": ""IDA & IBRD total"", ""source"": ""World Development Indicators""}",2026-08-19T10:55:41.969097+00:00
1008,417cdff2bda7f642482b012bbc465806e6378660a5d7c2c17d3688d7f1081a9b,world_bank_api,indicator,"Merchandise imports (current US$)",2023-12-31,,ZT,TM.VAL.MRCH.CD.WT,8662302144422.24,"current USD",,"{""country_name"": ""IDA & IBRD total"", ""source"": ""World Development Indicators""}",2026-08-19T10:55:41.969097+00:00
1009,c7980c99735d209ed1c80854912e18c1ce4f9232f6cbb207cbac96073c771cec,world_bank_api,indicator,"Merchandise imports (current US$)",2025-12-31,,XH,TM.VAL.MRCH.CD.WT,236390000000.0,"current USD",,"{""country_name"": ""IDA blend"", ""source"": ""World Development Indicators""}",2026-08-19T10:55:41.969097+00:00
1010,19232bf4b0ee854016ba07d06b0008edf225566259efc883d1f96a3c3513258d,world_bank_api,indicator,"Merchandise imports (current US$)",2024-12-31,,XH,TM.VAL.MRCH.CD.WT,214803000000.0,"current USD",,"{""country_name"": ""IDA blend"", ""source"": ""World Development Indicators""}",2026-08-19T10:55:41.969097+00:00
1011,d5209664a9d436ea075e7cd2ae3eb37dd017ec8b492864f7444c1ed303fa8686,world_bank_api,indicator,"Merchandise imports (current US$)",2023-12-31,,XH,TM.VAL.MRCH.CD.WT,213163000000.0,"current USD",,"{""country_name"": ""IDA blend"", ""source"": ""World Development Indicators""}",2026-08-19T10:55:41.969097+00:00
1012,fad8cc23f9e84c70725b52bf23cba19bec12520638960730fdc9f0c7d1663e37,world_bank_api,indicator,"Merchandise imports (current US$)",2025-12-31,,XI,TM.VAL.MRCH.CD.WT,484002532098.083,"current USD",,"{""country_name"": ""IDA only"", ""source"": ""World Development Indicators""}",2026-08-19T10:55:41.969097+00:00
1013,cdf73d3da4fb735e3503741fd818a31e19341f83cc306d1f21f4f402f52c66e7,world_bank_api,indicator,"Merchandise imports (current US$)",2024-12-31,,XI,TM.VAL.MRCH.CD.WT,434628443215.593,"current USD",,"{""country_name"": ""IDA only"", ""source"": ""World Development Indicators""}",2026-08-19T10:55:41.969097+00:00
1014,66f1b321420943b4fbf4ad0084001619e384f99c0c30ca4d0277348d80057dc3,world_bank_api,indicator,"Merchandise imports (current US$)",2023-12-31,,XI,TM.VAL.MRCH.CD.WT,424091860527.555,"current USD",,"{""country_name"": ""IDA only"", ""source"": ""World Development Indicators""}",2026-08-19T10:55:41.969097+00:00
1015,7b61e4e718341fc7672234ef47af2e05ba4c118f1c48371fcaef2fa59a50b5c3,world_bank_api,indicator,"Merchandise imports (current US$)",2025-12-31,,XG,TM.VAL.MRCH.CD.WT,720002087138.797,"current USD",,"{""country_name"": ""IDA total"", ""source"": ""World Development Indicators""}",2026-08-19T10:55:41.969097+00:00
1016,d46241afc5bd326a29a745ffa5950b91193235ec8062bfed41ea5c4b465b05c5,world_bank_api,indicator,"Merchandise imports (current US$)",2024-12-31,,XG,TM.VAL.MRCH.CD.WT,649107897720.926,"current USD",,"{""country_name"": ""IDA total"", ""source"": ""World Development Indicators""}",2026-08-19T10:55:41.969097+00:00
1017,52794d73bf198a6c30f6afd61819ddd434dabe76bd8ded8247c5359c34953abd,world_bank_api,indicator,"Merchandise imports (current US$)",2023-12-31,,XG,TM.VAL.MRCH.CD.WT,636977363506.631,"current USD",,"{""country_name"": ""IDA total"", ""source"": ""World Development Indicators""}",2026-08-19T10:55:41.969097+00:00
1018,c47fe56fb5ed869b9d2214f60ae6c125c736560d67bac4fea65b9dffe48d19a1,world_bank_api,indicator,"Merchandise imports (current US$)",2025-12-31,,V3,TM.VAL.MRCH.CD.WT,6714094160161.92,"current USD",,"{""country_name"": ""Late-demographic dividend"", ""source"": ""World Development Indicators""}",2026-08-19T10:55:41.969097+00:00
1019,93bc1f3b6f1e914f2e098b5855a2bb9e5c47a30433f76fb5a39796b90a18ade8,world_bank_api,indicator,"Merchandise imports (current US$)",2024-12-31,,V3,TM.VAL.MRCH.CD.WT,6323233363271.31,"current USD",,"{""country_name"": ""Late-demographic dividend"", ""source"": ""World Development Indicators""}",2026-08-19T10:55:41.969097+00:00
1020,bb3f4fe02c5c9632197ff16653600a7bbe1d51380dd7450288ee94f86372d5e8,world_bank_api,indicator,"Merchandise imports (current US$)",2023-12-31,,V3,TM.VAL.MRCH.CD.WT,6050383007241.72,"current USD",,"{""country_name"": ""Late-demographic dividend"", ""source"": ""World Development Indicators""}",2026-08-19T10:55:41.969097+00:00
1021,fab691e9102da5b666378e947f7486a4d9c892a5627371baae149ea8c05aef85,world_bank_api,indicator,"Merchandise imports (current US$)",2025-12-31,,ZJ,TM.VAL.MRCH.CD.WT,1657899503661.75,"current USD",,"{""country_name"": ""Latin America & Caribbean"", ""source"": ""World Development Indicators""}",2026-08-19T10:55:41.969097+00:00
1022,202d100aa081a975cfd7fd8be95d30e1866f2e67a7d4a10d1a05ee0311562540,world_bank_api,indicator,"Merchandise imports (current US$)",2024-12-31,,ZJ,TM.VAL.MRCH.CD.WT,1560530551308.26,"current USD",,"{""country_name"": ""Latin America & Caribbean"", ""source"": ""World Development Indicators""}",2026-08-19T10:55:41.969097+00:00
1023,5653f32cf27c3bb4bc71813a11b9e9b040b87d5cfeca18bfd0e2855b206f74e9,world_bank_api,indicator,"Merchandise imports (current US$)",2023-12-31,,ZJ,TM.VAL.MRCH.CD.WT,1516046443349.79,"current USD",,"{""country_name"": ""Latin America & Caribbean"", ""source"": ""World Development Indicators""}",2026-08-19T10:55:41.969097+00:00
1024,f2432863bc860906fd54c82f76c9395c7f84d965582454ac23fd92f22bad0ea0,world_bank_api,indicator,"Merchandise imports (current US$)",2025-12-31,,XJ,TM.VAL.MRCH.CD.WT,1399647000000.0,"current USD",,"{""country_name"": ""Latin America & Caribbean (excluding high income)"", ""source"": ""World Development Indicators""}",2026-08-19T10:55:41.969097+00:00
1025,69335b7f8d702d49c351664499150d3c5fbd814131947eef1414bdb7d8c9939c,world_bank_api,indicator,"Merchandise imports (current US$)",2024-12-31,,XJ,TM.VAL.MRCH.CD.WT,1318016000000.0,"current USD",,"{""country_name"": ""Latin America & Caribbean (excluding high income)"", ""source"": ""World Development Indicators""}",2026-08-19T10:55:41.969097+00:00
1026,0003362a27e394002c5f05238fa4386740a8b6b058145ce7e509844c81489d37,world_bank_api,indicator,"Merchandise imports (current US$)",2023-12-31,,XJ,TM.VAL.MRCH.CD.WT,1269259000000.0,"current USD",,"{""country_name"": ""Latin America & Caribbean (excluding high income)"", ""source"": ""World Development Indicators""}",2026-08-19T10:55:41.969097+00:00
1027,462336af384f5cc071493661cc7a1d22fba82073d4165e8ba19ffb3bed53e9f1,world_bank_api,indicator,"Merchandise imports (current US$)",2025-12-31,,T2,TM.VAL.MRCH.CD.WT,1569351000000.0,"current USD",,"{""country_name"": ""Latin America & the Caribbean (IDA & IBRD countries)"", ""source"": ""World Development Indicators""}",2026-08-19T10:55:41.969097+00:00
1028,006d67ac28f7f4f95a6a4baf3514996c5b82302fb07469472eb08af8596f2ef7,world_bank_api,indicator,"Merchandise imports (current US$)",2024-12-31,,T2,TM.VAL.MRCH.CD.WT,1477053000000.0,"current USD",,"{""country_name"": ""Latin America & the Caribbean (IDA & IBRD countries)"", ""source"": ""World Development Indicators""}",2026-08-19T10:55:41.969097+00:00
1029,a219fe34f464b74208339969bf435d2cfdf63e60077788c065804b2c604a8606,world_bank_api,indicator,"Merchandise imports (current US$)",2023-12-31,,T2,TM.VAL.MRCH.CD.WT,1435446000000.0,"current USD",,"{""country_name"": ""Latin America & the Caribbean (IDA & IBRD countries)"", ""source"": ""World Development Indicators""}",2026-08-19T10:55:41.969097+00:00
1030,63df79d234163ae62e211723a5b2d30ae3a1a157e0258abea27df4f1e649a16a,world_bank_api,indicator,"Merchandise imports (current US$)",2025-12-31,,XL,TM.VAL.MRCH.CD.WT,376942548091.603,"current USD",,"{""country_name"": ""Least developed countries: UN classification"", ""source"": ""World Development Indicators""}",2026-08-19T10:55:41.969097+00:00
1031,3d6fa62435de797d578b109145b2f1ebfaabf6c8bd99844e97f3f24c70550164,world_bank_api,indicator,"Merchandise imports (current US$)",2024-12-31,,XL,TM.VAL.MRCH.CD.WT,341109859616.394,"current USD",,"{""country_name"": ""Least developed countries: UN classification"", ""source"": ""World Development Indicators""}",2026-08-19T10:55:41.969097+00:00
1032,a1d9c2e8bf65849f04f4d6fedc68c81404fdcc17457aac577b5e5cdf82159e25,world_bank_api,indicator,"Merchandise imports (current US$)",2023-12-31,,XL,TM.VAL.MRCH.CD.WT,338776114633.624,"current USD",,"{""country_name"": ""Least developed countries: UN classification"", ""source"": ""World Development Indicators""}",2026-08-19T10:55:41.969097+00:00
1033,d0e224c304f4e68465b36276e4d4836500d97582dd5cf9681a3951873c15f456,world_bank_api,indicator,"Merchandise imports (current US$)",2025-12-31,,XO,TM.VAL.MRCH.CD.WT,8333338377903.17,"current USD",,"{""country_name"": ""Low & middle income"", ""source"": ""World Development Indicators""}",2026-08-19T10:55:41.969097+00:00
1034,f819928927ba99661427aa4e168ee04cd3c60d71435c91dcead52c730845751d,world_bank_api,indicator,"Merchandise imports (current US$)",2024-12-31,,XO,TM.VAL.MRCH.CD.WT,7893706802564.18,"current USD",,"{""country_name"": ""Low & middle income"", ""source"": ""World Development Indicators""}",2026-08-19T10:55:41.969097+00:00
1035,ee903700c9b499735662f66d8837c6ea48142e5952098d6d63aedf179b5998e2,world_bank_api,indicator,"Merchandise imports (current US$)",2023-12-31,,XO,TM.VAL.MRCH.CD.WT,7604869600287.25,"current USD",,"{""country_name"": ""Low & middle income"", ""source"": ""World Development Indicators""}",2026-08-19T10:55:41.969097+00:00
1036,b137c913657da96864a541ac9f3bebffcca61f568a4691f3bff65159679d9374,world_bank_api,indicator,"Merchandise imports (current US$)",2025-12-31,,XM,TM.VAL.MRCH.CD.WT,152491173333.7,"current USD",,"{""country_name"": ""Low income"", ""source"": ""World Development Indicators""}",2026-08-19T10:55:41.969097+00:00
1037,b37d60c90e8251126b046b9291165b246c83bba51377c0d16036018e53077c21,world_bank_api,indicator,"Merchandise imports (current US$)",2024-12-31,,XM,TM.VAL.MRCH.CD.WT,136041074244.564,"current USD",,"{""country_name"": ""Low income"", ""source"": ""World Development Indicators""}",2026-08-19T10:55:41.969097+00:00
1038,3b19df0c256f47ca217e323a16e4d0966822c5edba5fba3a15583edbe2e98cb3,world_bank_api,indicator,"Merchandise imports (current US$)",2023-12-31,,XM,TM.VAL.MRCH.CD.WT,136023863851.031,"current USD",,"{""country_name"": ""Low income"", ""source"": ""World Development Indicators""}",2026-08-19T10:55:41.969097+00:00
1039,bc4f263834cd27d03a0d3e08ab1383039be4693e190a3fb2b535e790cb84c4c3,world_bank_api,indicator,"Merchandise imports (current US$)",2025-12-31,,XN,TM.VAL.MRCH.CD.WT,1564148749718.29,"current USD",,"{""country_name"": ""Lower middle income"", ""source"": ""World Development Indicators""}",2026-08-19T10:55:41.969097+00:00
1040,a84026fed43c4b9d21737a5fbce03595767b91dfb71a38df527e104b47fefaa4,world_bank_api,indicator,"Merchandise imports (current US$)",2024-12-31,,XN,TM.VAL.MRCH.CD.WT,1450847269119.83,"current USD",,"{""country_name"": ""Lower middle income"", ""source"": ""World Development Indicators""}",2026-08-19T10:55:41.969097+00:00
1041,1008377b14db174f34d55d09e5ff801e49922764dcf053c37b32216ab127eb72,world_bank_api,indicator,"Merchandise imports (current US$)",2023-12-31,,XN,TM.VAL.MRCH.CD.WT,1385037312482.01,"current USD",,"{""country_name"": ""Lower middle income"", ""source"": ""World Development Indicators""}",2026-08-19T10:55:41.969097+00:00
1042,4357c41c1b49602629f2f36091631532f56a4a0fef5333a3be00ff6f2743e1f0,world_bank_api,indicator,"Merchandise imports (current US$)",2025-12-31,,ZQ,TM.VAL.MRCH.CD.WT,1701861555652.14,"current USD",,"{""country_name"": ""Middle East, North Africa, Afghanistan & Pakistan"", ""source"": ""World Development Indicators""}",2026-08-19T10:55:41.969097+00:00
1043,a344f44113d0a3c1e33081700c65989d43238be6ba5f411a2543f49881406a1d,world_bank_api,indicator,"Merchandise imports (current US$)",2024-12-31,,ZQ,TM.VAL.MRCH.CD.WT,1553704584006.73,"current USD",,"{""country_name"": ""Middle East, North Africa, Afghanistan & Pakistan"", ""source"": ""World Development Indicators""}",2026-08-19T10:55:41.969097+00:00
1044,e46662c205ad509b6ceed0a4f2e2d921214d744c48ee1f6322f85a4d5e0016b8,world_bank_api,indicator,"Merchandise imports (current US$)",2023-12-31,,ZQ,TM.VAL.MRCH.CD.WT,1393931208528.38,"current USD",,"{""country_name"": ""Middle East, North Africa, Afghanistan & Pakistan"", ""source"": ""World Development Indicators""}",2026-08-19T10:55:41.969097+00:00
1045,c9da6c66a74b3aeab279bea1e7a125f7433a74e152d81c9c4fbce7ef07ec3f9c,world_bank_api,indicator,"Merchandise imports (current US$)",2025-12-31,,XQ,TM.VAL.MRCH.CD.WT,582508413013.036,"current USD",,"{""country_name"": ""Middle East, North Africa, Afghanistan & Pakistan (excluding high income)"", ""source"": ""World Development Indicators""}",2026-08-19T10:55:41.969097+00:00
1046,2c2673a89e5da3f97afa371a4f446d44471fffd15c59a295803beb3365b24fc3,world_bank_api,indicator,"Merchandise imports (current US$)",2024-12-31,,XQ,TM.VAL.MRCH.CD.WT,541218773687.32,"current USD",,"{""country_name"": ""Middle East, North Africa, Afghanistan & Pakistan (excluding high income)"", ""source"": ""World Development Indicators""}",2026-08-19T10:55:41.969097+00:00
1047,0c8581f94b09ef387f22d42798bfcb79686fd21085a3041f1064924a30dee480,world_bank_api,indicator,"Merchandise imports (current US$)",2023-12-31,,XQ,TM.VAL.MRCH.CD.WT,492030291066.109,"current USD",,"{""country_name"": ""Middle East, North Africa, Afghanistan & Pakistan (excluding high income)"", ""source"": ""World Development Indicators""}",2026-08-19T10:55:41.969097+00:00
1048,0f67624adc956c760a53d36258fbbc854a2e2c3975af433cc7dc0754bedd7b69,world_bank_api,indicator,"Merchandise imports (current US$)",2025-12-31,,T3,TM.VAL.MRCH.CD.WT,572638000000.0,"current USD",,"{""country_name"": ""Middle East, North Africa, Afghanistan & Pakistan (IDA & IBRD)"", ""source"": ""World Development Indicators""}",2026-08-19T10:55:41.969097+00:00
1049,03d6d3ec128455b57fdeea91fd3aee0aecbf7db46a179f8001b5244dcf5e2a39,world_bank_api,indicator,"Merchandise imports (current US$)",2024-12-31,,T3,TM.VAL.MRCH.CD.WT,532048000000.0,"current USD",,"{""country_name"": ""Middle East, North Africa, Afghanistan & Pakistan (IDA & IBRD)"", ""source"": ""World Development Indicators""}",2026-08-19T10:55:41.969097+00:00
1050,6b63ebc9903e4c8dc385c2c39b1848c96d0dae9a39d78d690a9468bc7f5a603d,world_bank_api,indicator,"Merchandise imports (current US$)",2023-12-31,,T3,TM.VAL.MRCH.CD.WT,483693000000.0,"current USD",,"{""country_name"": ""Middle East, North Africa, Afghanistan & Pakistan (IDA & IBRD)"", ""source"": ""World Development Indicators""}",2026-08-19T10:55:41.969097+00:00
1051,c8c97c82bff0a77e6d074fc7ec41e16806769db9a54ba8743fbb49579fa829c7,world_bank_api,indicator,"Merchandise imports (current US$)",2025-12-31,,XP,TM.VAL.MRCH.CD.WT,8180543702832.44,"current USD",,"{""country_name"": ""Middle income"", ""source"": ""World Development Indicators""}",2026-08-19T10:55:41.969097+00:00
1052,628c67f7d544461d3cb1ac70d44301b815c744122917ba3b3567e511414cecec,world_bank_api,indicator,"Merchandise imports (current US$)",2024-12-31,,XP,TM.VAL.MRCH.CD.WT,7757292916701.66,"current USD",,"{""country_name"": ""Middle income"", ""source"": ""World Development Indicators""}",2026-08-19T10:55:41.969097+00:00
1053,a3cee78877a027a8febb92e2e5e4e40e7254f0d0a05a1c96c538e8d7968673bf,world_bank_api,indicator,"Merchandise imports (current US$)",2023-12-31,,XP,TM.VAL.MRCH.CD.WT,7468536921222.96,"current USD",,"{""country_name"": ""Middle income"", ""source"": ""World Development Indicators""}",2026-08-19T10:55:41.969097+00:00
1054,2a1aca92dcdeaaf1b5f41d98a948cdf05bc80cdbab58fcab037fe1db269d25c8,world_bank_api,indicator,"Merchandise imports (current US$)",2025-12-31,,XU,TM.VAL.MRCH.CD.WT,4085240000000.0,"current USD",,"{""country_name"": ""North America"", ""source"": ""World Development Indicators""}",2026-08-19T10:55:41.969097+00:00
1055,068871d250befdddc225033fe107a27ef1a4cad8f1919fac61b7b2c249276ec0,world_bank_api,indicator,"Merchandise imports (current US$)",2024-12-31,,XU,TM.VAL.MRCH.CD.WT,3932615000000.0,"current USD",,"{""country_name"": ""North America"", ""source"": ""World Development Indicators""}",2026-08-19T10:55:41.969097+00:00
1056,c1c48b4ff7121de27f06ec1751e17737d797e9c5de6f767c31b51806bd3c5ed6,world_bank_api,indicator,"Merchandise imports (current US$)",2023-12-31,,XU,TM.VAL.MRCH.CD.WT,3740289000000.0,"current USD",,"{""country_name"": ""North America"", ""source"": ""World Development Indicators""}",2026-08-19T10:55:41.969097+00:00
1057,ef32cbdb99c2fc2e92642872f776ba4088a191302d30035a296066eb53a00bb7,world_bank_api,indicator,"Merchandise imports (current US$)",2025-12-31,,OE,TM.VAL.MRCH.CD.WT,15863275000000.0,"current USD",,"{""country_name"": ""OECD members"", ""source"": ""World Development Indicators""}",2026-08-19T10:55:41.969097+00:00
1058,0bdffab5b890e64d5c60c28e23455ffccb5f74cb5f936d341b914ffd19f26abe,world_bank_api,indicator,"Merchandise imports (current US$)",2024-12-31,,OE,TM.VAL.MRCH.CD.WT,14866566000000.0,"current USD",,"{""country_name"": ""OECD members"", ""source"": ""World Development Indicators""}",2026-08-19T10:55:41.969097+00:00
1059,caa5c75d3965ea2118fcc0a6eecf423638a4422f7d496b582c90fe70cc034db9,world_bank_api,indicator,"Merchandise imports (current US$)",2023-12-31,,OE,TM.VAL.MRCH.CD.WT,14845360000000.0,"current USD",,"{""country_name"": ""OECD members"", ""source"": ""World Development Indicators""}",2026-08-19T10:55:41.969097+00:00
1060,a9f299e82396cd35a7daaf01dd4ee088a900f15c43e547006e9821c76aa47b67,world_bank_api,indicator,"Merchandise imports (current US$)",2025-12-31,,S4,TM.VAL.MRCH.CD.WT,104183385883.606,"current USD",,"{""country_name"": ""Other small states"", ""source"": ""World Development Indicators""}",2026-08-19T10:55:41.969097+00:00
1061,418b6b9211634166f7df2098076661b39884590c7ed14d5ad08be1c3475835a6,world_bank_api,indicator,"Merchandise imports (current US$)",2024-12-31,,S4,TM.VAL.MRCH.CD.WT,97019104206.5198,"current USD",,"{""country_name"": ""Other small states"", ""source"": ""World Development Indicators""}",2026-08-19T10:55:41.969097+00:00
1062,2cc09801865bf184613ca093e2c87a3831daa43851e9fc1a909c47b1daffae20,world_bank_api,indicator,"Merchandise imports (current US$)",2023-12-31,,S4,TM.VAL.MRCH.CD.WT,95110329560.0213,"current USD",,"{""country_name"": ""Other small states"", ""source"": ""World Development Indicators""}",2026-08-19T10:55:41.969097+00:00
1063,d070dc359c0a6b247ca02933357a0e6034dcbaf375e28ead18fb128a82135ffc,world_bank_api,indicator,"Merchandise imports (current US$)",2025-12-31,,S2,TM.VAL.MRCH.CD.WT,6451000000.0,"current USD",,"{""country_name"": ""Pacific island small states"", ""source"": ""World Development Indicators""}",2026-08-19T10:55:41.969097+00:00
1064,4f1bfd3deba56ffb31c0d9dbc3b69ae6ee33212e968273b3c62cc546b574c578,world_bank_api,indicator,"Merchandise imports (current US$)",2024-12-31,,S2,TM.VAL.MRCH.CD.WT,6043000000.0,"current USD",,"{""country_name"": ""Pacific island small states"", ""source"": ""World Development Indicators""}",2026-08-19T10:55:41.969097+00:00
1065,fd9c51ff5b8508968300386804408e213b21621bc31d17d043a078aab91f5030,world_bank_api,indicator,"Merchandise imports (current US$)",2023-12-31,,S2,TM.VAL.MRCH.CD.WT,6047000000.0,"current USD",,"{""country_name"": ""Pacific island small states"", ""source"": ""World Development Indicators""}",2026-08-19T10:55:41.969097+00:00
1066,f1cf6e6be2e05609b8f6f2e0da44b8a4bfa1938fae20d61e9b612b12feb7fdce,world_bank_api,indicator,"Merchandise imports (current US$)",2025-12-31,,V4,TM.VAL.MRCH.CD.WT,15398616000000.0,"current USD",,"{""country_name"": ""Post-demographic dividend"", ""source"": ""World Development Indicators""}",2026-08-19T10:55:41.969097+00:00
1067,91901d224990290baafc7deedc25dd54b7d5e21c3b6adffd23c73b9551f1d17a,world_bank_api,indicator,"Merchandise imports (current US$)",2024-12-31,,V4,TM.VAL.MRCH.CD.WT,14338806000000.0,"current USD",,"{""country_name"": ""Post-demographic dividend"", ""source"": ""World Development Indicators""}",2026-08-19T10:55:41.969097+00:00
1068,87f80110003f41ea0d8f7783a9535a0dbbb49a961f737d9c1b891605861df112,world_bank_api,indicator,"Merchandise imports (current US$)",2023-12-31,,V4,TM.VAL.MRCH.CD.WT,14231655000000.0,"current USD",,"{""country_name"": ""Post-demographic dividend"", ""source"": ""World Development Indicators""}",2026-08-19T10:55:41.969097+00:00
1069,d2c974709b71ef55248d0e3438b0ca412574c63dbecc970a41dc7ff08d569c3d,world_bank_api,indicator,"Merchandise imports (current US$)",2025-12-31,,V1,TM.VAL.MRCH.CD.WT,373793748669.417,"current USD",,"{""country_name"": ""Pre-demographic dividend"", ""source"": ""World Development Indicators""}",2026-08-19T10:55:41.969097+00:00
1070,42643472f7d6e1310132b862910f723599e00a328e948a86f1d57d9bd67b6c25,world_bank_api,indicator,"Merchandise imports (current US$)",2024-12-31,,V1,TM.VAL.MRCH.CD.WT,349801883027.349,"current USD",,"{""country_name"": ""Pre-demographic dividend"", ""source"": ""World Development Indicators""}",2026-08-19T10:55:41.969097+00:00
1071,48d9a126ce1b0935f5f696decf4d185fea5e00a98a40c0feeb50b01e04f09795,world_bank_api,indicator,"Merchandise imports (current US$)",2023-12-31,,V1,TM.VAL.MRCH.CD.WT,338227670452.806,"current USD",,"{""country_name"": ""Pre-demographic dividend"", ""source"": ""World Development Indicators""}",2026-08-19T10:55:41.969097+00:00
1072,138c5aa8146e3d7a302c61ea7f3b862f0e7920c5ec3f914e46b40ce358d8ced8,world_bank_api,indicator,"Merchandise imports (current US$)",2025-12-31,,S1,TM.VAL.MRCH.CD.WT,141378070966.373,"current USD",,"{""country_name"": ""Small states"", ""source"": ""World Development Indicators""}",2026-08-19T10:55:41.969097+00:00
1073,b57d5f9c8181028ccb30e5f993bbcd5ed7b10159daf134053a327dd29d62d207,world_bank_api,indicator,"Merchandise imports (current US$)",2024-12-31,,S1,TM.VAL.MRCH.CD.WT,130992357059.51,"current USD",,"{""country_name"": ""Small states"", ""source"": ""World Development Indicators""}",2026-08-19T10:55:41.969097+00:00
1074,415df6fb8aed354711aadfe07579bd540a8d7a1346f5f2eb5bec64d3d74494d7,world_bank_api,indicator,"Merchandise imports (current US$)",2023-12-31,,S1,TM.VAL.MRCH.CD.WT,129371706269.227,"current USD",,"{""country_name"": ""Small states"", ""source"": ""World Development Indicators""}",2026-08-19T10:55:41.969097+00:00
1075,3dbb410cdcf180c467d229da04be87d61934a907854c7c5497de339c1da69572,world_bank_api,indicator,"Merchandise imports (current US$)",2025-12-31,,8S,TM.VAL.MRCH.CD.WT,864531000000.0,"current USD",,"{""country_name"": ""South Asia"", ""source"": ""World Development Indicators""}",2026-08-19T10:55:41.969097+00:00
1076,bd8e0ef0942feed259f9feaf043107383ad9f48a30039db2beb062bbe751bba2,world_bank_api,indicator,"Merchandise imports (current US$)",2024-12-31,,8S,TM.VAL.MRCH.CD.WT,822407000000.0,"current USD",,"{""country_name"": ""South Asia"", ""source"": ""World Development Indicators""}",2026-08-19T10:55:41.969097+00:00
1077,598f9afef52c1edba81f7749e5ce8fda68c95dd7e53ad7502c8f4477b89ad982,world_bank_api,indicator,"Merchandise imports (current US$)",2023-12-31,,8S,TM.VAL.MRCH.CD.WT,774430000000.0,"current USD",,"{""country_name"": ""South Asia"", ""source"": ""World Development Indicators""}",2026-08-19T10:55:41.969097+00:00
1078,c22e0511536c7732f551dbcacd0d961dde969a9715144e04c55df7c0838bdbd2,world_bank_api,indicator,"Merchandise imports (current US$)",2025-12-31,,T5,TM.VAL.MRCH.CD.WT,864531000000.0,"current USD",,"{""country_name"": ""South Asia (IDA & IBRD)"", ""source"": ""World Development Indicators""}",2026-08-19T10:55:41.969097+00:00
1079,d7a8d20c78da9a72e19dbebcfcfd94766838f0222736933cce10078b7a4f9df2,world_bank_api,indicator,"Merchandise imports (current US$)",2024-12-31,,T5,TM.VAL.MRCH.CD.WT,822407000000.0,"current USD",,"{""country_name"": ""South Asia (IDA & IBRD)"", ""source"": ""World Development Indicators""}",2026-08-19T10:55:41.969097+00:00
1080,aaa780358e8ec4b935aa13f1935cc3adb9847f60aaf7e84bb9019778bb3b23a5,world_bank_api,indicator,"Merchandise imports (current US$)",2023-12-31,,T5,TM.VAL.MRCH.CD.WT,774430000000.0,"current USD",,"{""country_name"": ""South Asia (IDA & IBRD)"", ""source"": ""World Development Indicators""}",2026-08-19T10:55:41.969097+00:00
1081,7757ca4682452618d94cfe72ad714a24a6308168009e35fd39597ae7b2232c79,world_bank_api,indicator,"Merchandise imports (current US$)",2025-12-31,,ZG,TM.VAL.MRCH.CD.WT,501155229910.99,"current USD",,"{""country_name"": ""Sub-Saharan Africa"", ""source"": ""World Development Indicators""}",2026-08-19T10:55:41.969097+00:00
1082,9be2a7e99ebe4a6036e6b4935887ae269d0c50dca6565e7817298aedfc8ba7d7,world_bank_api,indicator,"Merchandise imports (current US$)",2024-12-31,,ZG,TM.VAL.MRCH.CD.WT,465196239946.715,"current USD",,"{""country_name"": ""Sub-Saharan Africa"", ""source"": ""World Development Indicators""}",2026-08-19T10:55:41.969097+00:00
1083,17c5a91741a3a8e5ae519d7ccee5f0ee8d0e407e09a642bb06c068911b4e98d6,world_bank_api,indicator,"Merchandise imports (current US$)",2023-12-31,,ZG,TM.VAL.MRCH.CD.WT,475586576757.946,"current USD",,"{""country_name"": ""Sub-Saharan Africa"", ""source"": ""World Development Indicators""}",2026-08-19T10:55:41.969097+00:00
1084,4daa3ebef5d09dea98f59aaad2dc7dbad4988105c4cbeb9bf837999852beb692,world_bank_api,indicator,"Merchandise imports (current US$)",2025-12-31,,ZF,TM.VAL.MRCH.CD.WT,499633897438.822,"current USD",,"{""country_name"": ""Sub-Saharan Africa (excluding high income)"", ""source"": ""World Development Indicators""}",2026-08-19T10:55:41.969097+00:00
1085,69ab249371c60fbefe3b54a4ffb678c5a7e90159e381f68ea1ac4bb2aaf4367c,world_bank_api,indicator,"Merchandise imports (current US$)",2024-12-31,,ZF,TM.VAL.MRCH.CD.WT,463748900188.151,"current USD",,"{""country_name"": ""Sub-Saharan Africa (excluding high income)"", ""source"": ""World Development Indicators""}",2026-08-19T10:55:41.969097+00:00
1086,efbe3113e5aef97491fc1ed3815ce1757098cd0d2be00ef3288b923e81fac755,world_bank_api,indicator,"Merchandise imports (current US$)",2023-12-31,,ZF,TM.VAL.MRCH.CD.WT,474134287178.947,"current USD",,"{""country_name"": ""Sub-Saharan Africa (excluding high income)"", ""source"": ""World Development Indicators""}",2026-08-19T10:55:41.969097+00:00
1087,89dabb29f9c829b4015779970a4bbf7a9e7a1a28171652e455d55f1a1b3e79e6,world_bank_api,indicator,"Merchandise imports (current US$)",2025-12-31,,T6,TM.VAL.MRCH.CD.WT,501155229910.99,"current USD",,"{""country_name"": ""Sub-Saharan Africa (IDA & IBRD countries)"", ""source"": ""World Development Indicators""}",2026-08-19T10:55:41.969097+00:00
1088,7021076ba73bf6da1199f93f83fb934000ccdb5e71d2a299881b0f3d9470d334,world_bank_api,indicator,"Merchandise imports (current US$)",2024-12-31,,T6,TM.VAL.MRCH.CD.WT,465196239946.715,"current USD",,"{""country_name"": ""Sub-Saharan Africa (IDA & IBRD countries)"", ""source"": ""World Development Indicators""}",2026-08-19T10:55:41.969097+00:00
1089,fad17fd91be465dea7a3e25e3991e5fabe6e5b50874a09a7d7f9f6d64a5b209a,world_bank_api,indicator,"Merchandise imports (current US$)",2023-12-31,,T6,TM.VAL.MRCH.CD.WT,475586576757.946,"current USD",,"{""country_name"": ""Sub-Saharan Africa (IDA & IBRD countries)"", ""source"": ""World Development Indicators""}",2026-08-19T10:55:41.969097+00:00
1090,5b217140e618f945ce1f9b07ca43ab3eb17b738280602e121c0c0b405e710162,world_bank_api,indicator,"Merchandise imports (current US$)",2025-12-31,,XT,TM.VAL.MRCH.CD.WT,6616504258182.69,"current USD",,"{""country_name"": ""Upper middle income"", ""source"": ""World Development Indicators""}",2026-08-19T10:55:41.969097+00:00
1091,73b8c880e9f0e81c749378b0697e85cadbfd151dc2658dab5b3481d65e07e554,world_bank_api,indicator,"Merchandise imports (current US$)",2024-12-31,,XT,TM.VAL.MRCH.CD.WT,6306339763500.97,"current USD",,"{""country_name"": ""Upper middle income"", ""source"": ""World Development Indicators""}",2026-08-19T10:55:41.969097+00:00
1092,b89d4c087c12b8721a24975134e7ed1d2cdb49de6f6df260a57d57febb882446,world_bank_api,indicator,"Merchandise imports (current US$)",2023-12-31,,XT,TM.VAL.MRCH.CD.WT,6083321268909.4,"current USD",,"{""country_name"": ""Upper middle income"", ""source"": ""World Development Indicators""}",2026-08-19T10:55:41.969097+00:00
1093,14f1fdc924b06482eb968ee2388710e6b3029c818345b6454a7fe412ceb8f6c2,world_bank_api,indicator,"Merchandise imports (current US$)",2025-12-31,,1W,TM.VAL.MRCH.CD.WT,26694236727714.7,"current USD",,"{""country_name"": ""World"", ""source"": ""World Development Indicators""}",2026-08-19T10:55:41.969097+00:00
1094,c912f080f8a33ddb918f997b20063d0ab2fd006e77168907bb07f7f4b019b6f4,world_bank_api,indicator,"Merchandise imports (current US$)",2024-12-31,,1W,TM.VAL.MRCH.CD.WT,24913694736586.3,"current USD",,"{""country_name"": ""World"", ""source"": ""World Development Indicators""}",2026-08-19T10:55:41.969097+00:00
1095,b6ec76d9416f011b65fc4716b06a9d0314d41f55fd63ce6e506b56f079f3648e,world_bank_api,indicator,"Merchandise imports (current US$)",2023-12-31,,1W,TM.VAL.MRCH.CD.WT,24377917596282.0,"current USD",,"{""country_name"": ""World"", ""source"": ""World Development Indicators""}",2026-08-19T10:55:41.969097+00:00
1096,ba2707571ce439ebb38d08b1ff79a3b6d7b8b8aa5fe9c819abb0a982ea2b5f68,world_bank_api,indicator,"Merchandise imports (current US$)",2025-12-31,,AF,TM.VAL.MRCH.CD.WT,3606000000.0,"current USD",,"{""country_name"": ""Afghanistan"", ""source"": ""World Development Indicators""}",2026-08-19T10:55:41.969097+00:00
1097,3d7b3908938fe109a26efbeeaad4ca25de279d6af9f91efaea1b8474de2191cc,world_bank_api,indicator,"Merchandise imports (current US$)",2024-12-31,,AF,TM.VAL.MRCH.CD.WT,3477000000.0,"current USD",,"{""country_name"": ""Afghanistan"", ""source"": ""World Development Indicators""}",2026-08-19T10:55:41.969097+00:00
1098,f4dc4d90d02190558af4c7346900e46b90ae2a321b65dff2dc5184a7abec150e,world_bank_api,indicator,"Merchandise imports (current US$)",2023-12-31,,AF,TM.VAL.MRCH.CD.WT,3768000000.0,"current USD",,"{""country_name"": ""Afghanistan"", ""source"": ""World Development Indicators""}",2026-08-19T10:55:41.969097+00:00
1099,ebfb2bd97640a6ad0ee8821c5fdc4d85c132786f79f35ec18d59dc0fc1d08786,world_bank_api,indicator,"Merchandise imports (current US$)",2025-12-31,,AL,TM.VAL.MRCH.CD.WT,10280000000.0,"current USD",,"{""country_name"": ""Albania"", ""source"": ""World Development Indicators""}",2026-08-19T10:55:41.969097+00:00
1100,460933ea73a67c173180a5af28ebef8a6bb837b48e7e7fcf48a519a2ca336e80,world_bank_api,indicator,"Merchandise imports (current US$)",2024-12-31,,AL,TM.VAL.MRCH.CD.WT,9612000000.0,"current USD",,"{""country_name"": ""Albania"", ""source"": ""World Development Indicators""}",2026-08-19T10:55:41.969097+00:00
1101,d19cfcbf3bf3de1d0090a2fa3919ae63aa364221fbc7cd50dcda361ca97fcb55,world_bank_api,indicator,"Merchandise imports (current US$)",2023-12-31,,AL,TM.VAL.MRCH.CD.WT,8694000000.0,"current USD",,"{""country_name"": ""Albania"", ""source"": ""World Development Indicators""}",2026-08-19T10:55:41.969097+00:00
1102,7f7353e6284be96e6ff7f04d5dfc3c39e432bd5fadb3c0b01a8687eefc11dcf6,world_bank_api,indicator,"Merchandise imports (current US$)",2025-12-31,,DZ,TM.VAL.MRCH.CD.WT,50100000000.0,"current USD",,"{""country_name"": ""Algeria"", ""source"": ""World Development Indicators""}",2026-08-19T10:55:41.969097+00:00
1103,98d17df890d16c8b524e899259d1c40187880472fbf0c9b820940c2a17e0631f,world_bank_api,indicator,"Merchandise imports (current US$)",2024-12-31,,DZ,TM.VAL.MRCH.CD.WT,45335000000.0,"current USD",,"{""country_name"": ""Algeria"", ""source"": ""World Development Indicators""}",2026-08-19T10:55:41.969097+00:00
1104,3d0d1b1a6e738000b487ec25a1341b19dccdd50620cef82c432851ee624ed800,world_bank_api,indicator,"Merchandise imports (current US$)",2023-12-31,,DZ,TM.VAL.MRCH.CD.WT,42842000000.0,"current USD",,"{""country_name"": ""Algeria"", ""source"": ""World Development Indicators""}",2026-08-19T10:55:41.969097+00:00
1105,1cc4ed13473ae8148dc9c6e2deb8a0b3030ec38cd6ff7e7504171ea823d71a7e,world_bank_api,indicator,"Merchandise imports (current US$)",2025-12-31,,AS,TM.VAL.MRCH.CD.WT,678000000.0,"current USD",,"{""country_name"": ""American Samoa"", ""source"": ""World Development Indicators""}",2026-08-19T10:55:41.969097+00:00
1106,8f5e73412477f7a005534f68b82d132dfd0719b5b8e07ea634cd2a6361956216,world_bank_api,indicator,"Merchandise imports (current US$)",2024-12-31,,AS,TM.VAL.MRCH.CD.WT,711000000.0,"current USD",,"{""country_name"": ""American Samoa"", ""source"": ""World Development Indicators""}",2026-08-19T10:55:41.969097+00:00
1107,024a645a9ea8130dcb93f083a5c9538024348cbda70df418c02596ee97068f11,world_bank_api,indicator,"Merchandise imports (current US$)",2023-12-31,,AS,TM.VAL.MRCH.CD.WT,636000000.0,"current USD",,"{""country_name"": ""American Samoa"", ""source"": ""World Development Indicators""}",2026-08-19T10:55:41.969097+00:00
1108,69651c3cc691c4ba813c39a78dd3042efb132feed031d124c540bb995d44feaa,world_bank_api,indicator,"Merchandise imports (current US$)",2025-12-31,,AD,TM.VAL.MRCH.CD.WT,2183000000.0,"current USD",,"{""country_name"": ""Andorra"", ""source"": ""World Development Indicators""}",2026-08-19T10:55:41.969097+00:00
1109,a070816dff50fcb6555804bebededec310178d3e40f04d0d19b154ce3c944a22,world_bank_api,indicator,"Merchandise imports (current US$)",2024-12-31,,AD,TM.VAL.MRCH.CD.WT,2039000000.0,"current USD",,"{""country_name"": ""Andorra"", ""source"": ""World Development Indicators""}",2026-08-19T10:55:41.969097+00:00
1110,da0d61dda8d874daefb0e2f00bfbf5bea82fd9a3110ba07ac7edbd4e8eac1722,world_bank_api,indicator,"Merchandise imports (current US$)",2023-12-31,,AD,TM.VAL.MRCH.CD.WT,1995000000.0,"current USD",,"{""country_name"": ""Andorra"", ""source"": ""World Development Indicators""}",2026-08-19T10:55:41.969097+00:00
1111,e4ad895c8fc3dfd4b6990e7d91ece2dac7849f06ae1a238b8b9ead51c22efde7,world_bank_api,indicator,"Merchandise imports (current US$)",2025-12-31,,AO,TM.VAL.MRCH.CD.WT,14965000000.0,"current USD",,"{""country_name"": ""Angola"", ""source"": ""World Development Indicators""}",2026-08-19T10:55:41.969097+00:00
1112,5141fb4dad49a928f7a63e16a16d234928a44a7556fde011835fe2888dd6dd5b,world_bank_api,indicator,"Merchandise imports (current US$)",2024-12-31,,AO,TM.VAL.MRCH.CD.WT,13946000000.0,"current USD",,"{""country_name"": ""Angola"", ""source"": ""World Development Indicators""}",2026-08-19T10:55:41.969097+00:00
1113,4d6d30763b1167ae977283ee50699bcf90aa57e0baaac99880aa46714c58b7ab,world_bank_api,indicator,"Merchandise imports (current US$)",2023-12-31,,AO,TM.VAL.MRCH.CD.WT,15696000000.0,"current USD",,"{""country_name"": ""Angola"", ""source"": ""World Development Indicators""}",2026-08-19T10:55:41.969097+00:00
1114,323603697c5737ee520d52cceb2e81179257e77a284dd2d13975e4f312e5c8e1,world_bank_api,indicator,"Merchandise imports (current US$)",2025-12-31,,AG,TM.VAL.MRCH.CD.WT,938000000.0,"current USD",,"{""country_name"": ""Antigua and Barbuda"", ""source"": ""World Development Indicators""}",2026-08-19T10:55:41.969097+00:00
1115,bd31b1e166eae13a2eb540b98bf2d0285ad8ba9a8d99536c9adba8e6d049f814,world_bank_api,indicator,"Merchandise imports (current US$)",2024-12-31,,AG,TM.VAL.MRCH.CD.WT,823000000.0,"current USD",,"{""country_name"": ""Antigua and Barbuda"", ""source"": ""World Development Indicators""}",2026-08-19T10:55:41.969097+00:00
1116,6b512aea630fdec6a605e4e7e2258bfcfa859f2da49b00e386cf48073c5d1d7c,world_bank_api,indicator,"Merchandise imports (current US$)",2023-12-31,,AG,TM.VAL.MRCH.CD.WT,844000000.0,"current USD",,"{""country_name"": ""Antigua and Barbuda"", ""source"": ""World Development Indicators""}",2026-08-19T10:55:41.969097+00:00
1117,fbb40987cfaa77151ada13d95876e224dd2e644d07429e5d352a1d6925cb159f,world_bank_api,indicator,"Merchandise imports (current US$)",2025-12-31,,AR,TM.VAL.MRCH.CD.WT,75791000000.0,"current USD",,"{""country_name"": ""Argentina"", ""source"": ""World Development Indicators""}",2026-08-19T10:55:41.969097+00:00
1118,18a510fdcb0a2602592f615540f88020c7954aa8d6c7aef79c956d5d74a2b002,world_bank_api,indicator,"Merchandise imports (current US$)",2024-12-31,,AR,TM.VAL.MRCH.CD.WT,60776000000.0,"current USD",,"{""country_name"": ""Argentina"", ""source"": ""World Development Indicators""}",2026-08-19T10:55:41.969097+00:00
1119,e2111dffcf1e5f3a0ecbd4b8cf7619659a8639c31519c766f8e3f60c653255a9,world_bank_api,indicator,"Merchandise imports (current US$)",2023-12-31,,AR,TM.VAL.MRCH.CD.WT,73826000000.0,"current USD",,"{""country_name"": ""Argentina"", ""source"": ""World Development Indicators""}",2026-08-19T10:55:41.969097+00:00
1120,19c3e3f9a19c2545f15befcb432f99b803a17382e328a15eb5d637ea366dca88,world_bank_api,indicator,"Merchandise imports (current US$)",2025-12-31,,AM,TM.VAL.MRCH.CD.WT,13035000000.0,"current USD",,"{""country_name"": ""Armenia"", ""source"": ""World Development Indicators""}",2026-08-19T10:55:41.969097+00:00
1121,bc5d510ffa591f7c592bd5cc65b860e6f72f9d641760568c68c29bfa00bf089d,world_bank_api,indicator,"Merchandise imports (current US$)",2024-12-31,,AM,TM.VAL.MRCH.CD.WT,17067000000.0,"current USD",,"{""country_name"": ""Armenia"", ""source"": ""World Development Indicators""}",2026-08-19T10:55:41.969097+00:00
1122,8e8bfefbd35cf9adb9e16694e555026533be005a855b0784a8c464d2f4047077,world_bank_api,indicator,"Merchandise imports (current US$)",2023-12-31,,AM,TM.VAL.MRCH.CD.WT,12758000000.0,"current USD",,"{""country_name"": ""Armenia"", ""source"": ""World Development Indicators""}",2026-08-19T10:55:41.969097+00:00
1123,02d07de25bfa4af74e555ac0ed3a21421b4814066e93fd1ecb2fa8c63662ab0f,world_bank_api,indicator,"Merchandise imports (current US$)",2025-12-31,,AW,TM.VAL.MRCH.CD.WT,1604000000.0,"current USD",,"{""country_name"": ""Aruba"", ""source"": ""World Development Indicators""}",2026-08-19T10:55:41.969097+00:00
1124,ec686126ac6f5108afb7b0769fffa6d15b8a950702ee3326524b0dc59ed636a9,world_bank_api,indicator,"Merchandise imports (current US$)",2024-12-31,,AW,TM.VAL.MRCH.CD.WT,1490000000.0,"current USD",,"{""country_name"": ""Aruba"", ""source"": ""World Development Indicators""}",2026-08-19T10:55:41.969097+00:00
1125,a3e163b43621c0163e356efff64829cd5c8fd51e52acdd8e9de924b1dbee4ef7,world_bank_api,indicator,"Merchandise imports (current US$)",2023-12-31,,AW,TM.VAL.MRCH.CD.WT,1403000000.0,"current USD",,"{""country_name"": ""Aruba"", ""source"": ""World Development Indicators""}",2026-08-19T10:55:41.969097+00:00
1126,cdf86dbdafb21fe7b72794dec891ea4007d61dbf36e75b8fb87515a33c580a01,world_bank_api,indicator,"Merchandise imports (current US$)",2025-12-31,,AT,TM.VAL.MRCH.CD.WT,228386000000.0,"current USD",,"{""country_name"": ""Austria"", ""source"": ""World Development Indicators""}",2026-08-19T10:55:41.969097+00:00
1127,12951c23624298560b45acb177345891cc0e9313df6eb62eb37525e61ad6318d,world_bank_api,indicator,"Merchandise imports (current US$)",2024-12-31,,AT,TM.VAL.MRCH.CD.WT,211719000000.0,"current USD",,"{""country_name"": ""Austria"", ""source"": ""World Development Indicators""}",2026-08-19T10:55:41.969097+00:00
1128,3aa58e6b057b145548c7b1e5e3e266c22fa95d1731b0ca285594c5d63760df64,world_bank_api,indicator,"Merchandise imports (current US$)",2023-12-31,,AT,TM.VAL.MRCH.CD.WT,226251000000.0,"current USD",,"{""country_name"": ""Austria"", ""source"": ""World Development Indicators""}",2026-08-19T10:55:41.969097+00:00
1129,b499775b2000a06586d78888690da05ad80d24a6e5531d6be839dc3dd0889efe,world_bank_api,indicator,"Merchandise imports (current US$)",2025-12-31,,AZ,TM.VAL.MRCH.CD.WT,24380000000.0,"current USD",,"{""country_name"": ""Azerbaijan"", ""source"": ""World Development Indicators""}",2026-08-19T10:55:41.969097+00:00
1130,2fc8be228f43cfc21077d19e867512fe946aa71d051a288ce530e6a244575c53,world_bank_api,indicator,"Merchandise imports (current US$)",2024-12-31,,AZ,TM.VAL.MRCH.CD.WT,21058000000.0,"current USD",,"{""country_name"": ""Azerbaijan"", ""source"": ""World Development Indicators""}",2026-08-19T10:55:41.969097+00:00
1131,ddc33d7ba91165da09079cf882ac8715cd59a7ae6c7f449e08082efa78c87ef9,world_bank_api,indicator,"Merchandise imports (current US$)",2023-12-31,,AZ,TM.VAL.MRCH.CD.WT,17285000000.0,"current USD",,"{""country_name"": ""Azerbaijan"", ""source"": ""World Development Indicators""}",2026-08-19T10:55:41.969097+00:00
1132,7bb5953e1b90b3a0ab91ec26a3bf10d0240600711aa4f591950d57f334e1da52,world_bank_api,indicator,"Merchandise imports (current US$)",2025-12-31,,BS,TM.VAL.MRCH.CD.WT,5520000000.0,"current USD",,"{""country_name"": ""Bahamas, The"", ""source"": ""World Development Indicators""}",2026-08-19T10:55:41.969097+00:00
1133,8e9222f5ffd300546a3d3e3c4746396d6b1b9d89e06553e8c504a09c4e72ddb5,world_bank_api,indicator,"Merchandise imports (current US$)",2024-12-31,,BS,TM.VAL.MRCH.CD.WT,4944000000.0,"current USD",,"{""country_name"": ""Bahamas, The"", ""source"": ""World Development Indicators""}",2026-08-19T10:55:41.969097+00:00
1134,d6e23ecdeb3a2657d64c3d44d7e29f2a2feae6838ecc01228e65591580fcd740,world_bank_api,indicator,"Merchandise imports (current US$)",2023-12-31,,BS,TM.VAL.MRCH.CD.WT,4188000000.0,"current USD",,"{""country_name"": ""Bahamas, The"", ""source"": ""World Development Indicators""}",2026-08-19T10:55:41.969097+00:00
1135,d54df0d3833b9663d3b19026c5462bba9469ce4b56a11c0f01cd4ac333f1b064,world_bank_api,indicator,"Merchandise imports (current US$)",2025-12-31,,BH,TM.VAL.MRCH.CD.WT,16451000000.0,"current USD",,"{""country_name"": ""Bahrain"", ""source"": ""World Development Indicators""}",2026-08-19T10:55:41.969097+00:00
1136,5d1b20d653f49e273aa91652069c5eb590cf36f5852c302720b5830777c0b4da,world_bank_api,indicator,"Merchandise imports (current US$)",2024-12-31,,BH,TM.VAL.MRCH.CD.WT,15610000000.0,"current USD",,"{""country_name"": ""Bahrain"", ""source"": ""World Development Indicators""}",2026-08-19T10:55:41.969097+00:00
1137,9f233e9fd66351eca050e689b4fbe0a2f2befcb30832c34ea6c7e20b8e5aac7a,world_bank_api,indicator,"Merchandise imports (current US$)",2023-12-31,,BH,TM.VAL.MRCH.CD.WT,15367000000.0,"current USD",,"{""country_name"": ""Bahrain"", ""source"": ""World Development Indicators""}",2026-08-19T10:55:41.969097+00:00
1138,9b8e32456c1d4ae229311d786f389dcc83479917c69773a3bb3cf651c3430121,world_bank_api,indicator,"Merchandise imports (current US$)",2025-12-31,,BD,TM.VAL.MRCH.CD.WT,69373000000.0,"current USD",,"{""country_name"": ""Bangladesh"", ""source"": ""World Development Indicators""}",2026-08-19T10:55:41.969097+00:00
1139,8e729343f5a15a9bb2bd4cc7ccc4785dc69565097765ccce9250a98a7ab93cb2,world_bank_api,indicator,"Merchandise imports (current US$)",2024-12-31,,BD,TM.VAL.MRCH.CD.WT,67880000000.0,"current USD",,"{""country_name"": ""Bangladesh"", ""source"": ""World Development Indicators""}",2026-08-19T10:55:41.969097+00:00
1140,4bffa66680296dfb9134d07ecdef3a22550099d6a8600b4a4a1a615b54f8f9a9,world_bank_api,indicator,"Merchandise imports (current US$)",2023-12-31,,BD,TM.VAL.MRCH.CD.WT,66863000000.0,"current USD",,"{""country_name"": ""Bangladesh"", ""source"": ""World Development Indicators""}",2026-08-19T10:55:41.969097+00:00
1141,05bc6fef87b71dbbe9d872151959ef3656553613e5c16e1600592cf3e3d2b63e,world_bank_api,indicator,"Merchandise imports (current US$)",2025-12-31,,BB,TM.VAL.MRCH.CD.WT,2229000000.0,"current USD",,"{""country_name"": ""Barbados"", ""source"": ""World Development Indicators""}",2026-08-19T10:55:41.969097+00:00
1142,cc4fda6507321247cbe08d11367150851a99f67e7c6aec0db185f43788654725,world_bank_api,indicator,"Merchandise imports (current US$)",2024-12-31,,BB,TM.VAL.MRCH.CD.WT,2154000000.0,"current USD",,"{""country_name"": ""Barbados"", ""source"": ""World Development Indicators""}",2026-08-19T10:55:41.969097+00:00
1143,7c052fd8c2199bfb1a133a076698d7403228ef368e359742100620e64cd62ace,world_bank_api,indicator,"Merchandise imports (current US$)",2023-12-31,,BB,TM.VAL.MRCH.CD.WT,2124000000.0,"current USD",,"{""country_name"": ""Barbados"", ""source"": ""World Development Indicators""}",2026-08-19T10:55:41.969097+00:00
1144,fc2e6c5d889910a993b3d0526923488ca8ed6cd0d6230523f40b3937c2971697,world_bank_api,indicator,"Merchandise imports (current US$)",2025-12-31,,BY,TM.VAL.MRCH.CD.WT,48370000000.0,"current USD",,"{""country_name"": ""Belarus"", ""source"": ""World Development Indicators""}",2026-08-19T10:55:41.969097+00:00
1145,b042f9fd57012f12794e390c2398245491630f937275de90cc2429dcd14bc730,world_bank_api,indicator,"Merchandise imports (current US$)",2024-12-31,,BY,TM.VAL.MRCH.CD.WT,45714000000.0,"current USD",,"{""country_name"": ""Belarus"", ""source"": ""World Development Indicators""}",2026-08-19T10:55:41.969097+00:00
1146,68b349ea163a64590f2136d2b8c55ebd10669341d28661c1ef1b1ea3c0db3161,world_bank_api,indicator,"Merchandise imports (current US$)",2023-12-31,,BY,TM.VAL.MRCH.CD.WT,43092000000.0,"current USD",,"{""country_name"": ""Belarus"", ""source"": ""World Development Indicators""}",2026-08-19T10:55:41.969097+00:00
1147,98e7458d7270ddaf0a5bf66e7858a1e9247d18b27023c4e830cc42c04c6d77b7,world_bank_api,indicator,"Merchandise imports (current US$)",2025-12-31,,BE,TM.VAL.MRCH.CD.WT,537701000000.0,"current USD",,"{""country_name"": ""Belgium"", ""source"": ""World Development Indicators""}",2026-08-19T10:55:41.969097+00:00
1148,1975cec9ed0a69e5180ec13a9773971ed9db235966b5fee1c1103a3a01a85372,world_bank_api,indicator,"Merchandise imports (current US$)",2024-12-31,,BE,TM.VAL.MRCH.CD.WT,525986000000.0,"current USD",,"{""country_name"": ""Belgium"", ""source"": ""World Development Indicators""}",2026-08-19T10:55:41.969097+00:00
1149,fad873e3a0bda50055f4b996f2dcf4f2613d481fa8477f939aeee4381ab87ea7,world_bank_api,indicator,"Merchandise imports (current US$)",2023-12-31,,BE,TM.VAL.MRCH.CD.WT,564974000000.0,"current USD",,"{""country_name"": ""Belgium"", ""source"": ""World Development Indicators""}",2026-08-19T10:55:41.969097+00:00
1150,fd9093668c576cc340787c06d60ec9c94422c270dcf8c10275f136dffc0e6bb2,world_bank_api,indicator,"Merchandise imports (current US$)",2025-12-31,,BZ,TM.VAL.MRCH.CD.WT,1431000000.0,"current USD",,"{""country_name"": ""Belize"", ""source"": ""World Development Indicators""}",2026-08-19T10:55:41.969097+00:00
1151,64763ba1d9a249406596d2885e57cef7db5827393f922385f4eff6a06f088aa7,world_bank_api,indicator,"Merchandise imports (current US$)",2024-12-31,,BZ,TM.VAL.MRCH.CD.WT,1455000000.0,"current USD",,"{""country_name"": ""Belize"", ""source"": ""World Development Indicators""}",2026-08-19T10:55:41.969097+00:00
1152,ad29510202e441f8a565eb3a4c808dba67f27d71dfc0022b3c5cda0910a7f09c,world_bank_api,indicator,"Merchandise imports (current US$)",2023-12-31,,BZ,TM.VAL.MRCH.CD.WT,1341000000.0,"current USD",,"{""country_name"": ""Belize"", ""source"": ""World Development Indicators""}",2026-08-19T10:55:41.969097+00:00
1153,a22e90b40ef97e7f2739173769739791af97bfa04cbebd6230c93c4533018cc2,world_bank_api,indicator,"Merchandise imports (current US$)",2025-12-31,,BJ,TM.VAL.MRCH.CD.WT,4951000000.0,"current USD",,"{""country_name"": ""Benin"", ""source"": ""World Development Indicators""}",2026-08-19T10:55:41.969097+00:00
1154,af10207c2a49eee647faa7658a4d45b5082241930b115d6b8807186db3f0ba05,world_bank_api,indicator,"Merchandise imports (current US$)",2024-12-31,,BJ,TM.VAL.MRCH.CD.WT,4835000000.0,"current USD",,"{""country_name"": ""Benin"", ""source"": ""World Development Indicators""}",2026-08-19T10:55:41.969097+00:00
1155,41ca1f56f806436cf0f42b0af2e89353530d30d9d4bbbb5f4f2e1e1e99ee9e38,world_bank_api,indicator,"Merchandise imports (current US$)",2023-12-31,,BJ,TM.VAL.MRCH.CD.WT,5252000000.0,"current USD",,"{""country_name"": ""Benin"", ""source"": ""World Development Indicators""}",2026-08-19T10:55:41.969097+00:00
1156,87c3eb8f0e706fc340325d9f71943f36f1b88f539fe84b486f551d0b610a86cd,world_bank_api,indicator,"Merchandise imports (current US$)",2025-12-31,,BM,TM.VAL.MRCH.CD.WT,1245000000.0,"current USD",,"{""country_name"": ""Bermuda"", ""source"": ""World Development Indicators""}",2026-08-19T10:55:41.969097+00:00
1157,2c0793c42438abb6a219cb637933011fa3847a270831ec73bb3fee2734a3524d,world_bank_api,indicator,"Merchandise imports (current US$)",2024-12-31,,BM,TM.VAL.MRCH.CD.WT,1270000000.0,"current USD",,"{""country_name"": ""Bermuda"", ""source"": ""World Development Indicators""}",2026-08-19T10:55:41.969097+00:00
1158,1b1c6a5a5ff8f6a0b0d84db2461b5e4a3186790c4a24c1e4c3603ed9a9d3f202,world_bank_api,indicator,"Merchandise imports (current US$)",2023-12-31,,BM,TM.VAL.MRCH.CD.WT,1179000000.0,"current USD",,"{""country_name"": ""Bermuda"", ""source"": ""World Development Indicators""}",2026-08-19T10:55:41.969097+00:00
1159,8de16193f6034314ac685c7a105f1be9cc7e6824d9907cb744af04e3b7ac73da,world_bank_api,indicator,"Merchandise imports (current US$)",2025-12-31,,BT,TM.VAL.MRCH.CD.WT,2181000000.0,"current USD",,"{""country_name"": ""Bhutan"", ""source"": ""World Development Indicators""}",2026-08-19T10:55:41.969097+00:00
1160,40d38d246f403220933aae2bea4f3687f564a265252b1b4436927203a8f9bb2b,world_bank_api,indicator,"Merchandise imports (current US$)",2024-12-31,,BT,TM.VAL.MRCH.CD.WT,1448000000.0,"current USD",,"{""country_name"": ""Bhutan"", ""source"": ""World Development Indicators""}",2026-08-19T10:55:41.969097+00:00
1161,2d97fb2feb7d00dcfd9b5e4baaa589a45217316f1dccb8259a038ec398d1b3bf,world_bank_api,indicator,"Merchandise imports (current US$)",2023-12-31,,BT,TM.VAL.MRCH.CD.WT,1313000000.0,"current USD",,"{""country_name"": ""Bhutan"", ""source"": ""World Development Indicators""}",2026-08-19T10:55:41.969097+00:00
1162,c6d01b7e76cc8314ec9cf4547a655ef739fc47e55f251d0e01ddcf6146eafb66,world_bank_api,indicator,"Merchandise imports (current US$)",2025-12-31,,BO,TM.VAL.MRCH.CD.WT,10029000000.0,"current USD",,"{""country_name"": ""Bolivia"", ""source"": ""World Development Indicators""}",2026-08-19T10:55:41.969097+00:00
1163,178b2c30c6873e98aa7026848a719947ed88f67850f5d38427dcd1f05cb41550,world_bank_api,indicator,"Merchandise imports (current US$)",2024-12-31,,BO,TM.VAL.MRCH.CD.WT,9904000000.0,"current USD",,"{""country_name"": ""Bolivia"", ""source"": ""World Development Indicators""}",2026-08-19T10:55:41.969097+00:00
1164,beb51ae7c89dde48daa8a30a59e2873437b1e4b70b40098527ed4642b15a72f7,world_bank_api,indicator,"Merchandise imports (current US$)",2023-12-31,,BO,TM.VAL.MRCH.CD.WT,11496000000.0,"current USD",,"{""country_name"": ""Bolivia"", ""source"": ""World Development Indicators""}",2026-08-19T10:55:41.969097+00:00
1165,4d6ceff9ea92f1d6f72dd3a03e4b360ebe368e5ed5314b462a93191270fd8ff5,world_bank_api,indicator,"Merchandise imports (current US$)",2025-12-31,,BA,TM.VAL.MRCH.CD.WT,17328000000.0,"current USD",,"{""country_name"": ""Bosnia and Herzegovina"", ""source"": ""World Development Indicators""}",2026-08-19T10:55:41.969097+00:00
1166,b086391ae278a82d905a8df4fd7340154ae6ec1ca8c8352a324603718346d8cb,world_bank_api,indicator,"Merchandise imports (current US$)",2024-12-31,,BA,TM.VAL.MRCH.CD.WT,15847000000.0,"current USD",,"{""country_name"": ""Bosnia and Herzegovina"", ""source"": ""World Development Indicators""}",2026-08-19T10:55:41.969097+00:00
1167,25a524bbc7372d8c63417c1e1ac683dd082da6911bd27bc97585b2f9286e330a,world_bank_api,indicator,"Merchandise imports (current US$)",2023-12-31,,BA,TM.VAL.MRCH.CD.WT,15355000000.0,"current USD",,"{""country_name"": ""Bosnia and Herzegovina"", ""source"": ""World Development Indicators""}",2026-08-19T10:55:41.969097+00:00
1168,33ae489fd595a7c96a8b98f15bcb8f83325951915aa0b50f78c89e538e249b50,world_bank_api,indicator,"Merchandise imports (current US$)",2025-12-31,,BW,TM.VAL.MRCH.CD.WT,6395000000.0,"current USD",,"{""country_name"": ""Botswana"", ""source"": ""World Development Indicators""}",2026-08-19T10:55:41.969097+00:00
1169,6f1cc60526edbc7aa79ecae2e58cc308dc5b3d5a45cd54db5b5c42cbaf857394,world_bank_api,indicator,"Merchandise imports (current US$)",2024-12-31,,BW,TM.VAL.MRCH.CD.WT,7216000000.0,"current USD",,"{""country_name"": ""Botswana"", ""source"": ""World Development Indicators""}",2026-08-19T10:55:41.969097+00:00
1170,a1c5d4a9031f755fee579608d753a9a6adbd2a0b17e279848bbef691c8c9bf84,world_bank_api,indicator,"Merchandise imports (current US$)",2023-12-31,,BW,TM.VAL.MRCH.CD.WT,6506000000.0,"current USD",,"{""country_name"": ""Botswana"", ""source"": ""World Development Indicators""}",2026-08-19T10:55:41.969097+00:00
1171,23e979c485accafe78e6368f6ec9e2c94007e447a07c743bf291a4b7ea136f0d,world_bank_api,indicator,"Merchandise imports (current US$)",2025-12-31,,BR,TM.VAL.MRCH.CD.WT,293696000000.0,"current USD",,"{""country_name"": ""Brazil"", ""source"": ""World Development Indicators""}",2026-08-19T10:55:41.969097+00:00
1172,750c59c0e2133c83293b45412f7c756b1f6fe1ebbadad79ddeae9d7e7bcfb0d1,world_bank_api,indicator,"Merchandise imports (current US$)",2024-12-31,,BR,TM.VAL.MRCH.CD.WT,277954000000.0,"current USD",,"{""country_name"": ""Brazil"", ""source"": ""World Development Indicators""}",2026-08-19T10:55:41.969097+00:00
1173,3ae1fc68ea4cf06e60fb8fa42741b7c356559a57502666c8df68b1e4fc5ddd44,world_bank_api,indicator,"Merchandise imports (current US$)",2023-12-31,,BR,TM.VAL.MRCH.CD.WT,252710000000.0,"current USD",,"{""country_name"": ""Brazil"", ""source"": ""World Development Indicators""}",2026-08-19T10:55:41.969097+00:00
1174,b0adf2f70e877fac9f5470fa063be27f9540f75220c3c8ba4e1b9ac757d1db2f,world_bank_api,indicator,"Merchandise imports (current US$)",2025-12-31,,BN,TM.VAL.MRCH.CD.WT,6036000000.0,"current USD",,"{""country_name"": ""Brunei Darussalam"", ""source"": ""World Development Indicators""}",2026-08-19T10:55:41.969097+00:00
1175,004c22aad863be13501cc68aa7fa95b7002ff6cd16d30daec3ec3481fd8c88cb,world_bank_api,indicator,"Merchandise imports (current US$)",2024-12-31,,BN,TM.VAL.MRCH.CD.WT,7295000000.0,"current USD",,"{""country_name"": ""Brunei Darussalam"", ""source"": ""World Development Indicators""}",2026-08-19T10:55:41.969097+00:00
1176,a4868fd5c9a1212f43a5b463709a01e748f13a697e73f7070426623b5c8e7d82,world_bank_api,indicator,"Merchandise imports (current US$)",2023-12-31,,BN,TM.VAL.MRCH.CD.WT,7484000000.0,"current USD",,"{""country_name"": ""Brunei Darussalam"", ""source"": ""World Development Indicators""}",2026-08-19T10:55:41.969097+00:00
1177,225eae7ab05cf790dc12246b5c45f8059501fc90fb8c9ac9f8486e86a7575380,world_bank_api,indicator,"Merchandise imports (current US$)",2025-12-31,,BG,TM.VAL.MRCH.CD.WT,60894000000.0,"current USD",,"{""country_name"": ""Bulgaria"", ""source"": ""World Development Indicators""}",2026-08-19T10:55:41.969097+00:00
1178,58b058d30c48f8baa418377a6040c13b8bcd00cb6a5662356ad468c4cd100ecd,world_bank_api,indicator,"Merchandise imports (current US$)",2024-12-31,,BG,TM.VAL.MRCH.CD.WT,55001000000.0,"current USD",,"{""country_name"": ""Bulgaria"", ""source"": ""World Development Indicators""}",2026-08-19T10:55:41.969097+00:00
1179,40463f93dbb229b0fb0546cbda482678d06401b76d644b5103b0d9176a9afa6d,world_bank_api,indicator,"Merchandise imports (current US$)",2023-12-31,,BG,TM.VAL.MRCH.CD.WT,53634000000.0,"current USD",,"{""country_name"": ""Bulgaria"", ""source"": ""World Development Indicators""}",2026-08-19T10:55:41.969097+00:00
1180,e785b6216061995a8ac621f2bab81e2759b919e9c096183ce93a8de684069f61,world_bank_api,indicator,"Merchandise imports (current US$)",2025-12-31,,BF,TM.VAL.MRCH.CD.WT,7572000000.0,"current USD",,"{""country_name"": ""Burkina Faso"", ""source"": ""World Development Indicators""}",2026-08-19T10:55:41.969097+00:00
1181,e44d837229e0e26589093c2156e56b5b91d2302bd3d36f3c1c3b95737df37a17,world_bank_api,indicator,"Merchandise imports (current US$)",2024-12-31,,BF,TM.VAL.MRCH.CD.WT,6433000000.0,"current USD",,"{""country_name"": ""Burkina Faso"", ""source"": ""World Development Indicators""}",2026-08-19T10:55:41.969097+00:00
1182,dd8a73f7f7be1be28df114cc01beebc80244249404856f3e7462f85a6d6c256b,world_bank_api,indicator,"Merchandise imports (current US$)",2023-12-31,,BF,TM.VAL.MRCH.CD.WT,5894000000.0,"current USD",,"{""country_name"": ""Burkina Faso"", ""source"": ""World Development Indicators""}",2026-08-19T10:55:41.969097+00:00
1183,5d71b822fff0e8e873f3ee4bea433626e990ab653e6fe2adb0cd8549fb67390e,world_bank_api,indicator,"Merchandise imports (current US$)",2025-12-31,,BI,TM.VAL.MRCH.CD.WT,1188000000.0,"current USD",,"{""country_name"": ""Burundi"", ""source"": ""World Development Indicators""}",2026-08-19T10:55:41.969097+00:00
1184,394644d1a3200c8b02a2ce8ff1ac62d7125426d83bd1037ac864598944645b27,world_bank_api,indicator,"Merchandise imports (current US$)",2024-12-31,,BI,TM.VAL.MRCH.CD.WT,1074000000.0,"current USD",,"{""country_name"": ""Burundi"", ""source"": ""World Development Indicators""}",2026-08-19T10:55:41.969097+00:00
1185,0f9f8a1605b70a26ee08df3464fb5eb0d275716fddd14a7422a4f749c0c78a16,world_bank_api,indicator,"Merchandise imports (current US$)",2023-12-31,,BI,TM.VAL.MRCH.CD.WT,1198000000.0,"current USD",,"{""country_name"": ""Burundi"", ""source"": ""World Development Indicators""}",2026-08-19T10:55:41.969097+00:00
1186,0d7dc83d0cfbc966fb561f23abf60a2f0671aa1294587c924b2bdd717fbf2fde,world_bank_api,indicator,"Merchandise imports (current US$)",2025-12-31,,CV,TM.VAL.MRCH.CD.WT,2043000000.0,"current USD",,"{""country_name"": ""Cabo Verde"", ""source"": ""World Development Indicators""}",2026-08-19T10:55:41.969097+00:00
1187,f5a7a5ac734f2ce38cefd887c10329100c18988dcffe8be9c48bfe4351498f66,world_bank_api,indicator,"Merchandise imports (current US$)",2024-12-31,,CV,TM.VAL.MRCH.CD.WT,1869000000.0,"current USD",,"{""country_name"": ""Cabo Verde"", ""source"": ""World Development Indicators""}",2026-08-19T10:55:41.969097+00:00
1188,b13755f042551623787478524796833d99e71192703a083e2e7e5f12aa176b3f,world_bank_api,indicator,"Merchandise imports (current US$)",2023-12-31,,CV,TM.VAL.MRCH.CD.WT,1705000000.0,"current USD",,"{""country_name"": ""Cabo Verde"", ""source"": ""World Development Indicators""}",2026-08-19T10:55:41.969097+00:00
1189,cdc4b3c44a60e48f370550508d661f7975541ebc84a631ba2c85d6b0d7ca5471,world_bank_api,indicator,"Merchandise imports (current US$)",2025-12-31,,KH,TM.VAL.MRCH.CD.WT,33885000000.0,"current USD",,"{""country_name"": ""Cambodia"", ""source"": ""World Development Indicators""}",2026-08-19T10:55:41.969097+00:00
1190,1013afb7b02d0631d77882a275de60e3593647b044723938ed4d137cdf6343ab,world_bank_api,indicator,"Merchandise imports (current US$)",2024-12-31,,KH,TM.VAL.MRCH.CD.WT,28699000000.0,"current USD",,"{""country_name"": ""Cambodia"", ""source"": ""World Development Indicators""}",2026-08-19T10:55:41.969097+00:00
1191,14d4e556600799c252b3b714ac13cec1d998d32bd61794d55f7b1d1ca41fe1f1,world_bank_api,indicator,"Merchandise imports (current US$)",2023-12-31,,KH,TM.VAL.MRCH.CD.WT,24381000000.0,"current USD",,"{""country_name"": ""Cambodia"", ""source"": ""World Development Indicators""}",2026-08-19T10:55:41.969097+00:00
1192,7944e507ca0052b81d21058b6b44550d64d459f9577ebce6851d1cc4bc11ba53,world_bank_api,indicator,"Merchandise imports (current US$)",2025-12-31,,CM,TM.VAL.MRCH.CD.WT,9400000000.0,"current USD",,"{""country_name"": ""Cameroon"", ""source"": ""World Development Indicators""}",2026-08-19T10:55:41.969097+00:00
1193,227018ebebc46186bd66a9d96dc5d3b5d34d757ccd408c5d55c4064dfece88fe,world_bank_api,indicator,"Merchandise imports (current US$)",2024-12-31,,CM,TM.VAL.MRCH.CD.WT,8245000000.0,"current USD",,"{""country_name"": ""Cameroon"", ""source"": ""World Development Indicators""}",2026-08-19T10:55:41.969097+00:00
1194,0a82904015cfa86c54d2db49d4081884c5d0377fb6aec01780a5a361969b26f8,world_bank_api,indicator,"Merchandise imports (current US$)",2023-12-31,,CM,TM.VAL.MRCH.CD.WT,8231000000.0,"current USD",,"{""country_name"": ""Cameroon"", ""source"": ""World Development Indicators""}",2026-08-19T10:55:41.969097+00:00
1195,98b4caa01b91c86701a348be2682f68adab0651e4acab177f1962bc479641173,world_bank_api,indicator,"Merchandise imports (current US$)",2025-12-31,,CA,TM.VAL.MRCH.CD.WT,577441000000.0,"current USD",,"{""country_name"": ""Canada"", ""source"": ""World Development Indicators""}",2026-08-19T10:55:41.969097+00:00
1196,be221667e821539eea24770674ac4c9476f416c734fb37c8e3ca71a752b6bcfd,world_bank_api,indicator,"Merchandise imports (current US$)",2024-12-31,,CA,TM.VAL.MRCH.CD.WT,573098000000.0,"current USD",,"{""country_name"": ""Canada"", ""source"": ""World Development Indicators""}",2026-08-19T10:55:41.969097+00:00
1197,f9b32c95cd5b36895bcb12ef9dddceafa50c09e805c8c204bb2a890d67a1650b,world_bank_api,indicator,"Merchandise imports (current US$)",2023-12-31,,CA,TM.VAL.MRCH.CD.WT,570873000000.0,"current USD",,"{""country_name"": ""Canada"", ""source"": ""World Development Indicators""}",2026-08-19T10:55:41.969097+00:00
1198,12168697784a5e660286b12560b0768986af66e68531ab28e64865c271f5dc64,world_bank_api,indicator,"Merchandise imports (current US$)",2025-12-31,,KY,TM.VAL.MRCH.CD.WT,2109000000.0,"current USD",,"{""country_name"": ""Cayman Islands"", ""source"": ""World Development Indicators""}",2026-08-19T10:55:41.969097+00:00
1199,af0212d2b1faf6445ffc37968fe2988bf53a96b0540ebf92151feae61583b111,world_bank_api,indicator,"Merchandise imports (current US$)",2024-12-31,,KY,TM.VAL.MRCH.CD.WT,1985000000.0,"current USD",,"{""country_name"": ""Cayman Islands"", ""source"": ""World Development Indicators""}",2026-08-19T10:55:41.969097+00:00
1200,dd1fcabe607aa29b8068121c54629e01bbb869e3fc19a4cb8c4b068b9fee1194,world_bank_api,indicator,"Merchandise imports (current US$)",2023-12-31,,KY,TM.VAL.MRCH.CD.WT,1832000000.0,"current USD",,"{""country_name"": ""Cayman Islands"", ""source"": ""World Development Indicators""}",2026-08-19T10:55:41.969097+00:00
1201,550c42f101a5672760c3bde3e878738e76cff5bcbb77dcc8407b402562fe12be,world_bank_api,indicator,"Merchandise imports (current US$)",2025-12-31,,CF,TM.VAL.MRCH.CD.WT,573000000.0,"current USD",,"{""country_name"": ""Central African Republic"", ""source"": ""World Development Indicators""}",2026-08-19T10:55:41.969097+00:00
1202,0407f2577edc1119620f33343520758dec832fdc237be147152ed0e186bbf9c9,world_bank_api,indicator,"Merchandise imports (current US$)",2024-12-31,,CF,TM.VAL.MRCH.CD.WT,533000000.0,"current USD",,"{""country_name"": ""Central African Republic"", ""source"": ""World Development Indicators""}",2026-08-19T10:55:41.969097+00:00
1203,d793e3a7c779a80741c77ab656d56ac4d939abcc7740f11d256e0b81641fedbf,world_bank_api,indicator,"Merchandise imports (current US$)",2023-12-31,,CF,TM.VAL.MRCH.CD.WT,435000000.0,"current USD",,"{""country_name"": ""Central African Republic"", ""source"": ""World Development Indicators""}",2026-08-19T10:55:41.969097+00:00
1204,03edf731b3443f2a274a166de15b20f92cac1b8d6cd55842d02f2271b7e3b369,world_bank_api,indicator,"Merchandise imports (current US$)",2025-12-31,,TD,TM.VAL.MRCH.CD.WT,2200000000.0,"current USD",,"{""country_name"": ""Chad"", ""source"": ""World Development Indicators""}",2026-08-19T10:55:41.969097+00:00
1205,52b5dd4bb407cda569f6e78d55f7ea05fafe83032ac2fa7884bee70b930b8139,world_bank_api,indicator,"Merchandise imports (current US$)",2024-12-31,,TD,TM.VAL.MRCH.CD.WT,2100000000.0,"current USD",,"{""country_name"": ""Chad"", ""source"": ""World Development Indicators""}",2026-08-19T10:55:41.969097+00:00
1206,41ff7b6e3873a70e6f6d643d74fe3d70a281863cb8abb09c91e8795aafea2826,world_bank_api,indicator,"Merchandise imports (current US$)",2023-12-31,,TD,TM.VAL.MRCH.CD.WT,2088000000.0,"current USD",,"{""country_name"": ""Chad"", ""source"": ""World Development Indicators""}",2026-08-19T10:55:41.969097+00:00
1207,a1278bd90790a8be8feef8c8eb3509415bc81b7ec1be9fb6aa04f3f449169c59,world_bank_api,indicator,"Merchandise imports (current US$)",2025-12-31,,CL,TM.VAL.MRCH.CD.WT,92663000000.0,"current USD",,"{""country_name"": ""Chile"", ""source"": ""World Development Indicators""}",2026-08-19T10:55:41.969097+00:00
1208,6e68aba393199482602ef567f1cd7960133f98a0c8df0b350221348e5a831126,world_bank_api,indicator,"Merchandise imports (current US$)",2024-12-31,,CL,TM.VAL.MRCH.CD.WT,84261000000.0,"current USD",,"{""country_name"": ""Chile"", ""source"": ""World Development Indicators""}",2026-08-19T10:55:41.969097+00:00
1209,f7efb65fbf3c0a4a6f089dcfe8c77fef91518a1d60a7532bb9ac39b9b6403794,world_bank_api,indicator,"Merchandise imports (current US$)",2023-12-31,,CL,TM.VAL.MRCH.CD.WT,85250000000.0,"current USD",,"{""country_name"": ""Chile"", ""source"": ""World Development Indicators""}",2026-08-19T10:55:41.969097+00:00
1210,d4d239eaebe38c62f1ef93bdb4b203aa792cc4e9fa4d8baa8019c071a969f1e1,world_bank_api,indicator,"Merchandise imports (current US$)",2025-12-31,,CO,TM.VAL.MRCH.CD.WT,70502000000.0,"current USD",,"{""country_name"": ""Colombia"", ""source"": ""World Development Indicators""}",2026-08-19T10:55:41.969097+00:00
1211,aabcdfc557fe15beae76601e3ed0ffa95bd41134c781f6a9cd656a0691cdd9cc,world_bank_api,indicator,"Merchandise imports (current US$)",2024-12-31,,CO,TM.VAL.MRCH.CD.WT,64105000000.0,"current USD",,"{""country_name"": ""Colombia"", ""source"": ""World Development Indicators""}",2026-08-19T10:55:41.969097+00:00
1212,41e172236c048312db31272e7d78ac83c32bd68a09f0fc5e4ec15db46e825b8c,world_bank_api,indicator,"Merchandise imports (current US$)",2023-12-31,,CO,TM.VAL.MRCH.CD.WT,62797000000.0,"current USD",,"{""country_name"": ""Colombia"", ""source"": ""World Development Indicators""}",2026-08-19T10:55:41.969097+00:00
1213,c2d315bdc6dae2eb5ceb2dc0368bd39f7fe187637bcf94d30531c01b2939222d,world_bank_api,indicator,"Merchandise imports (current US$)",2025-12-31,,KM,TM.VAL.MRCH.CD.WT,371000000.0,"current USD",,"{""country_name"": ""Comoros"", ""source"": ""World Development Indicators""}",2026-08-19T10:55:41.969097+00:00
1214,6b03c9afc4fa813cf93c303a165fddde88365deab7dee715f8dd3c0993df78a1,world_bank_api,indicator,"Merchandise imports (current US$)",2024-12-31,,KM,TM.VAL.MRCH.CD.WT,358000000.0,"current USD",,"{""country_name"": ""Comoros"", ""source"": ""World Development Indicators""}",2026-08-19T10:55:41.969097+00:00
1215,0dba371471f1c57c6181d050f5f0a8ccd1ae9f048131e4cdf444a3205f7c3ecc,world_bank_api,indicator,"Merchandise imports (current US$)",2023-12-31,,KM,TM.VAL.MRCH.CD.WT,358000000.0,"current USD",,"{""country_name"": ""Comoros"", ""source"": ""World Development Indicators""}",2026-08-19T10:55:41.969097+00:00
1216,adcf089514cdb557aabc331a905350c89ec134653c9da0848dfb952b7ccb55ee,world_bank_api,indicator,"Merchandise imports (current US$)",2025-12-31,,CD,TM.VAL.MRCH.CD.WT,28100000000.0,"current USD",,"{""country_name"": ""Congo, Dem. Rep."", ""source"": ""World Development Indicators""}",2026-08-19T10:55:41.969097+00:00
1217,79cfdfcce865831454b490b5a86d0bea5ed1eab03dfa40c1bfe95e061708b971,world_bank_api,indicator,"Merchandise imports (current US$)",2024-12-31,,CD,TM.VAL.MRCH.CD.WT,26600000000.0,"current USD",,"{""country_name"": ""Congo, Dem. Rep."", ""source"": ""World Development Indicators""}",2026-08-19T10:55:41.969097+00:00
1218,e714d815f549425191ae58c24b8fda14041e02b10ea156242fd5845bfe7b5a4a,world_bank_api,indicator,"Merchandise imports (current US$)",2023-12-31,,CD,TM.VAL.MRCH.CD.WT,25529000000.0,"current USD",,"{""country_name"": ""Congo, Dem. Rep."", ""source"": ""World Development Indicators""}",2026-08-19T10:55:41.969097+00:00
1219,47b0daee09d7491f88743ee700412966bbd02f386347801064cb9a1056fcbd9d,world_bank_api,indicator,"Merchandise imports (current US$)",2025-12-31,,CG,TM.VAL.MRCH.CD.WT,7900000000.0,"current USD",,"{""country_name"": ""Congo, Rep."", ""source"": ""World Development Indicators""}",2026-08-19T10:55:41.969097+00:00
1220,f92c6d54a49d8aa2d505ea98013d310ff20026f354e83af9fd53cec25f8f8a09,world_bank_api,indicator,"Merchandise imports (current US$)",2024-12-31,,CG,TM.VAL.MRCH.CD.WT,5218000000.0,"current USD",,"{""country_name"": ""Congo, Rep."", ""source"": ""World Development Indicators""}",2026-08-19T10:55:41.969097+00:00
1221,ca72ead5de961882a5f0c880aa4cda5b9c084ce40ba063002b78e640d23a4327,world_bank_api,indicator,"Merchandise imports (current US$)",2023-12-31,,CG,TM.VAL.MRCH.CD.WT,4698000000.0,"current USD",,"{""country_name"": ""Congo, Rep."", ""source"": ""World Development Indicators""}",2026-08-19T10:55:41.969097+00:00
1222,f7b71b058dc5fa16d92dc6472ad5c663b118294fef874b222174304194c1ae24,world_bank_api,indicator,"Merchandise imports (current US$)",2025-12-31,,CR,TM.VAL.MRCH.CD.WT,27482000000.0,"current USD",,"{""country_name"": ""Costa Rica"", ""source"": ""World Development Indicators""}",2026-08-19T10:55:41.969097+00:00
1223,d92488a2fac05ff647c8bda07418d9dc8ddda9de745cbf9de8b9224cd4df6757,world_bank_api,indicator,"Merchandise imports (current US$)",2024-12-31,,CR,TM.VAL.MRCH.CD.WT,26484000000.0,"current USD",,"{""country_name"": ""Costa Rica"", ""source"": ""World Development Indicators""}",2026-08-19T10:55:41.969097+00:00
1224,f822960e85550b5e648de5f38a6d52e3f731e480e7d73c47c0f5d31f1a0c1895,world_bank_api,indicator,"Merchandise imports (current US$)",2023-12-31,,CR,TM.VAL.MRCH.CD.WT,24039000000.0,"current USD",,"{""country_name"": ""Costa Rica"", ""source"": ""World Development Indicators""}",2026-08-19T10:55:41.969097+00:00
1225,2088e8803d54b75ab7b1ff466fc37a1d6042b596a390728748132c227160d9f0,world_bank_api,indicator,"Merchandise imports (current US$)",2025-12-31,,CI,TM.VAL.MRCH.CD.WT,19275000000.0,"current USD",,"{""country_name"": ""Cote d'Ivoire"", ""source"": ""World Development Indicators""}",2026-08-19T10:55:41.969097+00:00
1226,c698116d6dc1345cfc339c60b388b85596349be6847be7d3ea4347d0831c22b0,world_bank_api,indicator,"Merchandise imports (current US$)",2024-12-31,,CI,TM.VAL.MRCH.CD.WT,17219000000.0,"current USD",,"{""country_name"": ""Cote d'Ivoire"", ""source"": ""World Development Indicators""}",2026-08-19T10:55:41.969097+00:00
1227,fab5570c66981b438b2ab16c2551e7437876f6c8e190e00419b6dc4cabb291ce,world_bank_api,indicator,"Merchandise imports (current US$)",2023-12-31,,CI,TM.VAL.MRCH.CD.WT,18842000000.0,"current USD",,"{""country_name"": ""Cote d'Ivoire"", ""source"": ""World Development Indicators""}",2026-08-19T10:55:41.969097+00:00
1228,aa09f1f486c70d13986095fef647f7ee397f66d1f63d924683b6bcb93f2aee1c,world_bank_api,indicator,"Merchandise imports (current US$)",2025-12-31,,HR,TM.VAL.MRCH.CD.WT,50611000000.0,"current USD",,"{""country_name"": ""Croatia"", ""source"": ""World Development Indicators""}",2026-08-19T10:55:41.969097+00:00
1229,820ffdad14d02c5f637c42e4b1e62132b132235f55cffe7aa135fad115486551,world_bank_api,indicator,"Merchandise imports (current US$)",2024-12-31,,HR,TM.VAL.MRCH.CD.WT,46956000000.0,"current USD",,"{""country_name"": ""Croatia"", ""source"": ""World Development Indicators""}",2026-08-19T10:55:41.969097+00:00
1230,542e15e21a7b8ef94b53700919ece34faec222705b7d9872940266840007e2f7,world_bank_api,indicator,"Merchandise imports (current US$)",2023-12-31,,HR,TM.VAL.MRCH.CD.WT,43451000000.0,"current USD",,"{""country_name"": ""Croatia"", ""source"": ""World Development Indicators""}",2026-08-19T10:55:41.969097+00:00
1231,f29a57a6abad85b1feb5063765b7d7415bbbf365e045be715691e557be838cc6,world_bank_api,indicator,"Merchandise imports (current US$)",2025-12-31,,CU,TM.VAL.MRCH.CD.WT,8746000000.0,"current USD",,"{""country_name"": ""Cuba"", ""source"": ""World Development Indicators""}",2026-08-19T10:55:41.969097+00:00
1232,8a89ef25025d0f2f5e0ca7c0e598e62d3c4ba82323536c9cd2c355f8b25192ad,world_bank_api,indicator,"Merchandise imports (current US$)",2024-12-31,,CU,TM.VAL.MRCH.CD.WT,8757000000.0,"current USD",,"{""country_name"": ""Cuba"", ""source"": ""World Development Indicators""}",2026-08-19T10:55:41.969097+00:00
1233,6694f6c7c78c41b0eeb84c17f1e4d67bdae111582432f59c6437afb6e0770bc7,world_bank_api,indicator,"Merchandise imports (current US$)",2023-12-31,,CU,TM.VAL.MRCH.CD.WT,8973000000.0,"current USD",,"{""country_name"": ""Cuba"", ""source"": ""World Development Indicators""}",2026-08-19T10:55:41.969097+00:00
1234,f43ec6550285c672aab041c315a49627eeb683bc5b8d88eb683d1221c7bcedc5,world_bank_api,indicator,"Merchandise imports (current US$)",2025-12-31,,CW,TM.VAL.MRCH.CD.WT,2327000000.0,"current USD",,"{""country_name"": ""Curacao"", ""source"": ""World Development Indicators""}",2026-08-19T10:55:41.969097+00:00
1235,4a1c3642c38727ee6197ad241301a119ad0921454ac6e506e2138fc66da719b6,world_bank_api,indicator,"Merchandise imports (current US$)",2024-12-31,,CW,TM.VAL.MRCH.CD.WT,2057000000.0,"current USD",,"{""country_name"": ""Curacao"", ""source"": ""World Development Indicators""}",2026-08-19T10:55:41.969097+00:00
1236,579ca902a8310ffa3b461442f73da224c2c173b57aa19f72a3bea09b40ce0fd5,world_bank_api,indicator,"Merchandise imports (current US$)",2023-12-31,,CW,TM.VAL.MRCH.CD.WT,1828000000.0,"current USD",,"{""country_name"": ""Curacao"", ""source"": ""World Development Indicators""}",2026-08-19T10:55:41.969097+00:00
1237,46bf9aef170830dcf8d951ef99000bfec698e5b38a09e1d338b4a8752db8998c,world_bank_api,indicator,"Merchandise imports (current US$)",2025-12-31,,CY,TM.VAL.MRCH.CD.WT,15290000000.0,"current USD",,"{""country_name"": ""Cyprus"", ""source"": ""World Development Indicators""}",2026-08-19T10:55:41.969097+00:00
1238,52ca0b16a1478b35e48606e93803ab5f957641909701cb302aae9107a0a868ed,world_bank_api,indicator,"Merchandise imports (current US$)",2024-12-31,,CY,TM.VAL.MRCH.CD.WT,13521000000.0,"current USD",,"{""country_name"": ""Cyprus"", ""source"": ""World Development Indicators""}",2026-08-19T10:55:41.969097+00:00
1239,0ac27d9150b3f6f23eb3b28ba4077fb524de6f7b93be4676734ce2dde6160637,world_bank_api,indicator,"Merchandise imports (current US$)",2023-12-31,,CY,TM.VAL.MRCH.CD.WT,14146000000.0,"current USD",,"{""country_name"": ""Cyprus"", ""source"": ""World Development Indicators""}",2026-08-19T10:55:41.969097+00:00
1240,11cc3964497ee25b10a555c2ce03a6f643a465338afe67236cba825c17e32675,world_bank_api,indicator,"Merchandise imports (current US$)",2025-12-31,,CZ,TM.VAL.MRCH.CD.WT,253343000000.0,"current USD",,"{""country_name"": ""Czechia"", ""source"": ""World Development Indicators""}",2026-08-19T10:55:41.969097+00:00
1241,23c85927cc9bd80371b103735b4c05c73d6bea04af2866324b3353877c4f7e7d,world_bank_api,indicator,"Merchandise imports (current US$)",2024-12-31,,CZ,TM.VAL.MRCH.CD.WT,233176000000.0,"current USD",,"{""country_name"": ""Czechia"", ""source"": ""World Development Indicators""}",2026-08-19T10:55:41.969097+00:00
1242,116fd034e40ebabbc25b73c3197b122d6a21fae90bdc3470597c83baed84f47e,world_bank_api,indicator,"Merchandise imports (current US$)",2023-12-31,,CZ,TM.VAL.MRCH.CD.WT,231908000000.0,"current USD",,"{""country_name"": ""Czechia"", ""source"": ""World Development Indicators""}",2026-08-19T10:55:41.969097+00:00
1243,23e9dcadf01a209a3e6ad2acdda2273db4c9af5b11bcfa1230baa6da4727d455,world_bank_api,indicator,"Merchandise imports (current US$)",2025-12-31,,DK,TM.VAL.MRCH.CD.WT,136227000000.0,"current USD",,"{""country_name"": ""Denmark"", ""source"": ""World Development Indicators""}",2026-08-19T10:55:41.969097+00:00
1244,2d1b6fd2ef3803c05a81a2f34395d0af87e8156f475afa2005c71490a4b7f908,world_bank_api,indicator,"Merchandise imports (current US$)",2024-12-31,,DK,TM.VAL.MRCH.CD.WT,122842000000.0,"current USD",,"{""country_name"": ""Denmark"", ""source"": ""World Development Indicators""}",2026-08-19T10:55:41.969097+00:00
1245,048322fe014759ce18fd3e1634ddfef98051ea3978da1b753b33ab22002e7e22,world_bank_api,indicator,"Merchandise imports (current US$)",2023-12-31,,DK,TM.VAL.MRCH.CD.WT,120336000000.0,"current USD",,"{""country_name"": ""Denmark"", ""source"": ""World Development Indicators""}",2026-08-19T10:55:41.969097+00:00
1246,cc33181b6ed4e4fffab12428e0032d458218f84d397f12ce6ad16226e9c180d9,world_bank_api,indicator,"Merchandise imports (current US$)",2025-12-31,,DJ,TM.VAL.MRCH.CD.WT,6264000000.0,"current USD",,"{""country_name"": ""Djibouti"", ""source"": ""World Development Indicators""}",2026-08-19T10:55:41.969097+00:00
1247,491ec8ad2c5243d7a32be559f78afe4c11cc9375cba6087c88040c9b42332e04,world_bank_api,indicator,"Merchandise imports (current US$)",2024-12-31,,DJ,TM.VAL.MRCH.CD.WT,5546000000.0,"current USD",,"{""country_name"": ""Djibouti"", ""source"": ""World Development Indicators""}",2026-08-19T10:55:41.969097+00:00
1248,159cd0a57356048e7f738e1783cba9956a6c23d6df560467a9c6c3d3b26cfe55,world_bank_api,indicator,"Merchandise imports (current US$)",2023-12-31,,DJ,TM.VAL.MRCH.CD.WT,5295000000.0,"current USD",,"{""country_name"": ""Djibouti"", ""source"": ""World Development Indicators""}",2026-08-19T10:55:41.969097+00:00
1249,ec199cc264e9028b0f0ad0bd0d9e7e05da18aaa71ed908655688cf01b5fe4bf7,world_bank_api,indicator,"Merchandise imports (current US$)",2025-12-31,,DM,TM.VAL.MRCH.CD.WT,259000000.0,"current USD",,"{""country_name"": ""Dominica"", ""source"": ""World Development Indicators""}",2026-08-19T10:55:41.969097+00:00
1250,4a07d42ffea97c153170969b034eb8b4075fd712bac74830937026defa3417ee,world_bank_api,indicator,"Merchandise imports (current US$)",2024-12-31,,DM,TM.VAL.MRCH.CD.WT,262000000.0,"current USD",,"{""country_name"": ""Dominica"", ""source"": ""World Development Indicators""}",2026-08-19T10:55:41.969097+00:00
1251,32a09327e0b6eeaf1ba5341d2feca476b4d37da0f58f943b7e09e19a9e43a5c2,world_bank_api,indicator,"Merchandise imports (current US$)",2023-12-31,,DM,TM.VAL.MRCH.CD.WT,302000000.0,"current USD",,"{""country_name"": ""Dominica"", ""source"": ""World Development Indicators""}",2026-08-19T10:55:41.969097+00:00
1252,ff55004f33b8190423d42eafb803e0c3f80d0d58f2daa20fd85390c7a376e47d,world_bank_api,indicator,"Merchandise imports (current US$)",2025-12-31,,DO,TM.VAL.MRCH.CD.WT,29752000000.0,"current USD",,"{""country_name"": ""Dominican Republic"", ""source"": ""World Development Indicators""}",2026-08-19T10:55:41.969097+00:00
1253,cff10000e96c3dd7b263b5a72aa70aad4cb9c1ac45ce3ae588979ba384c7fecc,world_bank_api,indicator,"Merchandise imports (current US$)",2024-12-31,,DO,TM.VAL.MRCH.CD.WT,29808000000.0,"current USD",,"{""country_name"": ""Dominican Republic"", ""source"": ""World Development Indicators""}",2026-08-19T10:55:41.969097+00:00
1254,58b4be1d5b22c44f94f0f8c416c9168cbbd29b6f5f26b78ff176556e4a95e773,world_bank_api,indicator,"Merchandise imports (current US$)",2023-12-31,,DO,TM.VAL.MRCH.CD.WT,28813000000.0,"current USD",,"{""country_name"": ""Dominican Republic"", ""source"": ""World Development Indicators""}",2026-08-19T10:55:41.969097+00:00
1255,8862816e48c68b165d16c9fb4b9efd8abe87eb06a053ee5392a2e946137065e4,world_bank_api,indicator,"Merchandise imports (current US$)",2025-12-31,,EC,TM.VAL.MRCH.CD.WT,32648000000.0,"current USD",,"{""country_name"": ""Ecuador"", ""source"": ""World Development Indicators""}",2026-08-19T10:55:41.969097+00:00
1256,d0216bbec804f2cbedf350181eaa939a73f4b859f5215fa13db77a75a9372397,world_bank_api,indicator,"Merchandise imports (current US$)",2024-12-31,,EC,TM.VAL.MRCH.CD.WT,29491000000.0,"current USD",,"{""country_name"": ""Ecuador"", ""source"": ""World Development Indicators""}",2026-08-19T10:55:41.969097+00:00
1257,237c3d75d783dcd4c418a67bc2fc4e0be3b38605258ba1f7d6002b52df79f471,world_bank_api,indicator,"Merchandise imports (current US$)",2023-12-31,,EC,TM.VAL.MRCH.CD.WT,30902000000.0,"current USD",,"{""country_name"": ""Ecuador"", ""source"": ""World Development Indicators""}",2026-08-19T10:55:41.969097+00:00
1258,950ccb06a926d6566ac90e911d3ddf17f7a93f1f7cf070e091cb1b7014e4af01,world_bank_api,indicator,"Merchandise imports (current US$)",2025-12-31,,EG,TM.VAL.MRCH.CD.WT,97539000000.0,"current USD",,"{""country_name"": ""Egypt, Arab Rep."", ""source"": ""World Development Indicators""}",2026-08-19T10:55:41.969097+00:00
1259,965b6473b89a644f69ab4f1adcddfe02c5c3dff1c5a976fd4297d9b6bee9f208,world_bank_api,indicator,"Merchandise imports (current US$)",2024-12-31,,EG,TM.VAL.MRCH.CD.WT,86083000000.0,"current USD",,"{""country_name"": ""Egypt, Arab Rep."", ""source"": ""World Development Indicators""}",2026-08-19T10:55:41.969097+00:00
1260,43bbc2010d3ee5b97a296e7035ee8ad41dd1e6a29f57dd64712e4421e4fc4a06,world_bank_api,indicator,"Merchandise imports (current US$)",2023-12-31,,EG,TM.VAL.MRCH.CD.WT,83210000000.0,"current USD",,"{""country_name"": ""Egypt, Arab Rep."", ""source"": ""World Development Indicators""}",2026-08-19T10:55:41.969097+00:00
1261,42b1372c6eb91677fcbe1b211696159e02b2952855e6139c7bf0fa3c7d7cebc8,world_bank_api,indicator,"Merchandise imports (current US$)",2025-12-31,,SV,TM.VAL.MRCH.CD.WT,17848000000.0,"current USD",,"{""country_name"": ""El Salvador"", ""source"": ""World Development Indicators""}",2026-08-19T10:55:41.969097+00:00
1262,4e0332fd09f61da7f4186a5728394931c79bc25e8d9051e0dc3854de9228b047,world_bank_api,indicator,"Merchandise imports (current US$)",2024-12-31,,SV,TM.VAL.MRCH.CD.WT,15804000000.0,"current USD",,"{""country_name"": ""El Salvador"", ""source"": ""World Development Indicators""}",2026-08-19T10:55:41.969097+00:00
1263,96f46034ed3cc26256a6590a152c22a7eca574a9d68dbf8033326010b4839baa,world_bank_api,indicator,"Merchandise imports (current US$)",2023-12-31,,SV,TM.VAL.MRCH.CD.WT,15648000000.0,"current USD",,"{""country_name"": ""El Salvador"", ""source"": ""World Development Indicators""}",2026-08-19T10:55:41.969097+00:00
1264,ea76bbecc716b86bff552b446c2dee890b5829e36bfc12798e66b53d6d4cf868,world_bank_api,indicator,"Merchandise imports (current US$)",2025-12-31,,GQ,TM.VAL.MRCH.CD.WT,1700000000.0,"current USD",,"{""country_name"": ""Equatorial Guinea"", ""source"": ""World Development Indicators""}",2026-08-19T10:55:41.969097+00:00
1265,95892230c71fb4d1b77d4bbf15e6ed5ae791c154a9f298a609e3a07fbf6baebb,world_bank_api,indicator,"Merchandise imports (current US$)",2024-12-31,,GQ,TM.VAL.MRCH.CD.WT,1517000000.0,"current USD",,"{""country_name"": ""Equatorial Guinea"", ""source"": ""World Development Indicators""}",2026-08-19T10:55:41.969097+00:00
1266,ac9b9ea18967b74798512b38cf47632d09925c6fbed2c53b0abbb86942eb184e,world_bank_api,indicator,"Merchandise imports (current US$)",2023-12-31,,GQ,TM.VAL.MRCH.CD.WT,1538000000.0,"current USD",,"{""country_name"": ""Equatorial Guinea"", ""source"": ""World Development Indicators""}",2026-08-19T10:55:41.969097+00:00
1267,0a040ff242fa1ee54f01dc6472250342f604659c4c7a2997feebd8d9016c52df,world_bank_api,indicator,"Merchandise imports (current US$)",2025-12-31,,ER,TM.VAL.MRCH.CD.WT,524000000.0,"current USD",,"{""country_name"": ""Eritrea"", ""source"": ""World Development Indicators""}",2026-08-19T10:55:41.969097+00:00
1268,9d8e6988b732b6d2c634e77e7d58b954092716c35d69fc84bd33bd722a8de836,world_bank_api,indicator,"Merchandise imports (current US$)",2024-12-31,,ER,TM.VAL.MRCH.CD.WT,533000000.0,"current USD",,"{""country_name"": ""Eritrea"", ""source"": ""World Development Indicators""}",2026-08-19T10:55:41.969097+00:00
1269,2bc6eb320114cc7758a3b9257e4366f66f41c7d02a9112f1beb7ba3de87a0382,world_bank_api,indicator,"Merchandise imports (current US$)",2023-12-31,,ER,TM.VAL.MRCH.CD.WT,499000000.0,"current USD",,"{""country_name"": ""Eritrea"", ""source"": ""World Development Indicators""}",2026-08-19T10:55:41.969097+00:00
1270,1d623c1530563c0579ab251dbfcd7f1d22b5d8ed680c1d4a4920669cb75ef60f,world_bank_api,indicator,"Merchandise imports (current US$)",2025-12-31,,EE,TM.VAL.MRCH.CD.WT,25298000000.0,"current USD",,"{""country_name"": ""Estonia"", ""source"": ""World Development Indicators""}",2026-08-19T10:55:41.969097+00:00
1271,3d663ed4205df1ea1b5135cd5d931a2f2b336798e23991222cb3e4c6587b0399,world_bank_api,indicator,"Merchandise imports (current US$)",2024-12-31,,EE,TM.VAL.MRCH.CD.WT,22451000000.0,"current USD",,"{""country_name"": ""Estonia"", ""source"": ""World Development Indicators""}",2026-08-19T10:55:41.969097+00:00
1272,c80f338857053574ccff9f39310899159e6cbc78d24f75f98ff514844fa84ae3,world_bank_api,indicator,"Merchandise imports (current US$)",2023-12-31,,EE,TM.VAL.MRCH.CD.WT,22858000000.0,"current USD",,"{""country_name"": ""Estonia"", ""source"": ""World Development Indicators""}",2026-08-19T10:55:41.969097+00:00
1273,c91330a16d5e1fbb8593b7c2c6fa36f67fb31bbff3bb7d84917e00d3e9d3b3e4,world_bank_api,indicator,"Merchandise imports (current US$)",2025-12-31,,SZ,TM.VAL.MRCH.CD.WT,2090000000.0,"current USD",,"{""country_name"": ""Eswatini"", ""source"": ""World Development Indicators""}",2026-08-19T10:55:41.969097+00:00
1274,b4c56521c47041449fdbdf38b34b4e5f10beae1df22a996fc01fafe61775dfd4,world_bank_api,indicator,"Merchandise imports (current US$)",2024-12-31,,SZ,TM.VAL.MRCH.CD.WT,2072000000.0,"current USD",,"{""country_name"": ""Eswatini"", ""source"": ""World Development Indicators""}",2026-08-19T10:55:41.969097+00:00
1275,ad9ae546e5463b9f281707df6e1c6523a54dfcd9720cc5f2d29d68676b07a0b7,world_bank_api,indicator,"Merchandise imports (current US$)",2023-12-31,,SZ,TM.VAL.MRCH.CD.WT,2039000000.0,"current USD",,"{""country_name"": ""Eswatini"", ""source"": ""World Development Indicators""}",2026-08-19T10:55:41.969097+00:00
1276,5372ce63cb7943c951cea9fbacf18b56be1e7362c9c48cb439d204586cc8825b,world_bank_api,indicator,"Merchandise imports (current US$)",2025-12-31,,ET,TM.VAL.MRCH.CD.WT,23012000000.0,"current USD",,"{""country_name"": ""Ethiopia"", ""source"": ""World Development Indicators""}",2026-08-19T10:55:41.969097+00:00
1277,0e2dc7b88569db0f44e94c689cf2fda5f3c10a9b1a3d528790060081e161c5a1,world_bank_api,indicator,"Merchandise imports (current US$)",2024-12-31,,ET,TM.VAL.MRCH.CD.WT,18605000000.0,"current USD",,"{""country_name"": ""Ethiopia"", ""source"": ""World Development Indicators""}",2026-08-19T10:55:41.969097+00:00
1278,5729df03455cc8e1e54be7732126c0cac235ef307dd9430fc424da2172141185,world_bank_api,indicator,"Merchandise imports (current US$)",2023-12-31,,ET,TM.VAL.MRCH.CD.WT,17251000000.0,"current USD",,"{""country_name"": ""Ethiopia"", ""source"": ""World Development Indicators""}",2026-08-19T10:55:41.969097+00:00
1279,d0b21f5c4326a01100b08df554ee7a7cfb29e2b7c3d0f37779037d84d2be6c47,world_bank_api,indicator,"Merchandise imports (current US$)",2025-12-31,,FO,TM.VAL.MRCH.CD.WT,1666000000.0,"current USD",,"{""country_name"": ""Faroe Islands"", ""source"": ""World Development Indicators""}",2026-08-19T10:55:41.969097+00:00
1280,c2f7d836764c6c09126bd2fe08dd3c0a933e2471dc28ffa22c792a79a3c1162d,world_bank_api,indicator,"Merchandise imports (current US$)",2024-12-31,,FO,TM.VAL.MRCH.CD.WT,1495000000.0,"current USD",,"{""country_name"": ""Faroe Islands"", ""source"": ""World Development Indicators""}",2026-08-19T10:55:41.969097+00:00
1281,53db351b42cf8ddbe55619388dc96459fb1fbddc61bfe0a7784b089c60b57a7d,world_bank_api,indicator,"Merchandise imports (current US$)",2023-12-31,,FO,TM.VAL.MRCH.CD.WT,1704000000.0,"current USD",,"{""country_name"": ""Faroe Islands"", ""source"": ""World Development Indicators""}",2026-08-19T10:55:41.969097+00:00
1282,8cfed2e914785acbb32718e7fd0d0b84de6454f1d028ce796f88d55aa419f5e2,world_bank_api,indicator,"Merchandise imports (current US$)",2025-12-31,,FJ,TM.VAL.MRCH.CD.WT,3251000000.0,"current USD",,"{""country_name"": ""Fiji"", ""source"": ""World Development Indicators""}",2026-08-19T10:55:41.969097+00:00
1283,a157ee81425d131a6351ddf154dc7c8c83caf61ef0426d9e7893a25691b9c8ec,world_bank_api,indicator,"Merchandise imports (current US$)",2024-12-31,,FJ,TM.VAL.MRCH.CD.WT,3096000000.0,"current USD",,"{""country_name"": ""Fiji"", ""source"": ""World Development Indicators""}",2026-08-19T10:55:41.969097+00:00
1284,4ba9a3d7da56c66bba3c4c2376ce11b2b4e435c38e7c16dc564efb8fd842c719,world_bank_api,indicator,"Merchandise imports (current US$)",2023-12-31,,FJ,TM.VAL.MRCH.CD.WT,3100000000.0,"current USD",,"{""country_name"": ""Fiji"", ""source"": ""World Development Indicators""}",2026-08-19T10:55:41.969097+00:00
1285,67387055249a7a96202e1c776cc35c54ce72fb37111b770d8d77344ce5f25053,world_bank_api,indicator,"Merchandise imports (current US$)",2025-12-31,,FI,TM.VAL.MRCH.CD.WT,84865000000.0,"current USD",,"{""country_name"": ""Finland"", ""source"": ""World Development Indicators""}",2026-08-19T10:55:41.969097+00:00
1286,fafd73ef53c8c3a50d9a8878c8c14642ac27e7ed270cebaa05ae468f15c3f6fd,world_bank_api,indicator,"Merchandise imports (current US$)",2024-12-31,,FI,TM.VAL.MRCH.CD.WT,80985000000.0,"current USD",,"{""country_name"": ""Finland"", ""source"": ""World Development Indicators""}",2026-08-19T10:55:41.969097+00:00
1287,7c5c98cf95e441d643263756b0bb683aca6bb6a93d23fb61301f4d874f17af22,world_bank_api,indicator,"Merchandise imports (current US$)",2023-12-31,,FI,TM.VAL.MRCH.CD.WT,83102000000.0,"current USD",,"{""country_name"": ""Finland"", ""source"": ""World Development Indicators""}",2026-08-19T10:55:41.969097+00:00
1288,9ef49e991df81fb9d474dc3510ce5335cc97e7199ba1f0a687212a80aff691ad,world_bank_api,indicator,"Merchandise imports (current US$)",2025-12-31,,FR,TM.VAL.MRCH.CD.WT,786434000000.0,"current USD",,"{""country_name"": ""France"", ""source"": ""World Development Indicators""}",2026-08-19T10:55:41.969097+00:00
1289,3f24c61239e800941a61122fa9d8f0b6b227b70619804321364a4b28dbadc30a,world_bank_api,indicator,"Merchandise imports (current US$)",2024-12-31,,FR,TM.VAL.MRCH.CD.WT,751836000000.0,"current USD",,"{""country_name"": ""France"", ""source"": ""World Development Indicators""}",2026-08-19T10:55:41.969097+00:00
1290,f3418227658d356611b72a93c5d2a817d723065fc57012db97132867b744ebaf,world_bank_api,indicator,"Merchandise imports (current US$)",2023-12-31,,FR,TM.VAL.MRCH.CD.WT,788177000000.0,"current USD",,"{""country_name"": ""France"", ""source"": ""World Development Indicators""}",2026-08-19T10:55:41.969097+00:00
1291,ce6c2f7800e333eb7a2b2e1f084f2459aedefe3f05844002aa3926bb6db1683b,world_bank_api,indicator,"Merchandise imports (current US$)",2025-12-31,,PF,TM.VAL.MRCH.CD.WT,2453000000.0,"current USD",,"{""country_name"": ""French Polynesia"", ""source"": ""World Development Indicators""}",2026-08-19T10:55:41.969097+00:00
1292,93af70875fed51225b33f6627e935bdb34f20f149222be6fe38d27f1cc4dd03e,world_bank_api,indicator,"Merchandise imports (current US$)",2024-12-31,,PF,TM.VAL.MRCH.CD.WT,2291000000.0,"current USD",,"{""country_name"": ""French Polynesia"", ""source"": ""World Development Indicators""}",2026-08-19T10:55:41.969097+00:00
1293,e1d863f7636e4ce3fe820de49e94e93cdbdfb3c2dc89c0cc7bbe7b75fdecd3fd,world_bank_api,indicator,"Merchandise imports (current US$)",2023-12-31,,PF,TM.VAL.MRCH.CD.WT,2302000000.0,"current USD",,"{""country_name"": ""French Polynesia"", ""source"": ""World Development Indicators""}",2026-08-19T10:55:41.969097+00:00
1294,556815b9bc84d21f6b6a9a360dda4f38c3ffddae0d143e1dcad76acbc3c9bca9,world_bank_api,indicator,"Merchandise imports (current US$)",2025-12-31,,GA,TM.VAL.MRCH.CD.WT,4000000000.0,"current USD",,"{""country_name"": ""Gabon"", ""source"": ""World Development Indicators""}",2026-08-19T10:55:41.969097+00:00
1295,d026419ac91a478b2424486da8b098e3d9e5b0d1e9332cae76e7664a312f2e3d,world_bank_api,indicator,"Merchandise imports (current US$)",2024-12-31,,GA,TM.VAL.MRCH.CD.WT,4000000000.0,"current USD",,"{""country_name"": ""Gabon"", ""source"": ""World Development Indicators""}",2026-08-19T10:55:41.969097+00:00
1296,2eed7451869815c057074d128fed5799554002014429f93bda6d1273e7384493,world_bank_api,indicator,"Merchandise imports (current US$)",2023-12-31,,GA,TM.VAL.MRCH.CD.WT,4217000000.0,"current USD",,"{""country_name"": ""Gabon"", ""source"": ""World Development Indicators""}",2026-08-19T10:55:41.969097+00:00
1297,6857227367c6e68721bbe7b0e05487b65def5bbafb70112b7f4cf37aafd502ff,world_bank_api,indicator,"Merchandise imports (current US$)",2025-12-31,,GM,TM.VAL.MRCH.CD.WT,894000000.0,"current USD",,"{""country_name"": ""Gambia, The"", ""source"": ""World Development Indicators""}",2026-08-19T10:55:41.969097+00:00
1298,1d5089af6d5c9592f1373693494022047142c1a71917b9819148ab79025a216c,world_bank_api,indicator,"Merchandise imports (current US$)",2024-12-31,,GM,TM.VAL.MRCH.CD.WT,988000000.0,"current USD",,"{""country_name"": ""Gambia, The"", ""source"": ""World Development Indicators""}",2026-08-19T10:55:41.969097+00:00
1299,0b25524deef40a468dae28668643c6313349d2cae8f359c656f9a9e6c5c6afe7,world_bank_api,indicator,"Merchandise imports (current US$)",2023-12-31,,GM,TM.VAL.MRCH.CD.WT,2448000000.0,"current USD",,"{""country_name"": ""Gambia, The"", ""source"": ""World Development Indicators""}",2026-08-19T10:55:41.969097+00:00
1300,e82136194d761b9cf194d98f814e7e0b6bb974664c0a2f64b8d071a13c498cc4,world_bank_api,indicator,"Merchandise imports (current US$)",2025-12-31,,GE,TM.VAL.MRCH.CD.WT,18530000000.0,"current USD",,"{""country_name"": ""Georgia"", ""source"": ""World Development Indicators""}",2026-08-19T10:55:41.969097+00:00
1301,269425dbbfc8127bf11abf6debbe3ffd30db0a2efbff2d9b922c52cbc7e6f77f,world_bank_api,indicator,"Merchandise imports (current US$)",2024-12-31,,GE,TM.VAL.MRCH.CD.WT,16889000000.0,"current USD",,"{""country_name"": ""Georgia"", ""source"": ""World Development Indicators""}",2026-08-19T10:55:41.969097+00:00
1302,61d4ad21fd91c1a9785f1736d5bac822101f8bd2a29d7a3fa27a166fe100f5fe,world_bank_api,indicator,"Merchandise imports (current US$)",2023-12-31,,GE,TM.VAL.MRCH.CD.WT,15611000000.0,"current USD",,"{""country_name"": ""Georgia"", ""source"": ""World Development Indicators""}",2026-08-19T10:55:41.969097+00:00
1303,06228c800a3fbd9419a39d0166cd76680f7dd22b4417a8c89707d4ccfc66046d,world_bank_api,indicator,"Merchandise imports (current US$)",2025-12-31,,GH,TM.VAL.MRCH.CD.WT,17452000000.0,"current USD",,"{""country_name"": ""Ghana"", ""source"": ""World Development Indicators""}",2026-08-19T10:55:41.969097+00:00
1304,82ef910bb228310ee990f0ba511e9b2d1a27e345bbfb0fcc34da79dc7e7bc87c,world_bank_api,indicator,"Merchandise imports (current US$)",2024-12-31,,GH,TM.VAL.MRCH.CD.WT,15392000000.0,"current USD",,"{""country_name"": ""Ghana"", ""source"": ""World Development Indicators""}",2026-08-19T10:55:41.969097+00:00
1305,73b6944a5b337770bd62702e442ae626a07e83e741f260b05280188ccf229b60,world_bank_api,indicator,"Merchandise imports (current US$)",2023-12-31,,GH,TM.VAL.MRCH.CD.WT,14009000000.0,"current USD",,"{""country_name"": ""Ghana"", ""source"": ""World Development Indicators""}",2026-08-19T10:55:41.969097+00:00
1306,c9cd927500b727c79a77eb18a21b2383e075b0b9983c7759dd866b688151f565,world_bank_api,indicator,"Merchandise imports (current US$)",2025-12-31,,GR,TM.VAL.MRCH.CD.WT,92565000000.0,"current USD",,"{""country_name"": ""Greece"", ""source"": ""World Development Indicators""}",2026-08-19T10:55:41.969097+00:00
1307,95c705fdc850c393e3d542f9100d51ec39ab6950e39b6bb72e0cd26b87c98aa2,world_bank_api,indicator,"Merchandise imports (current US$)",2024-12-31,,GR,TM.VAL.MRCH.CD.WT,92588000000.0,"current USD",,"{""country_name"": ""Greece"", ""source"": ""World Development Indicators""}",2026-08-19T10:55:41.969097+00:00
1308,21e2bb30f33c209715833a0737f0d0d5d0926237b0a764f739dd37a926aa826a,world_bank_api,indicator,"Merchandise imports (current US$)",2023-12-31,,GR,TM.VAL.MRCH.CD.WT,89840000000.0,"current USD",,"{""country_name"": ""Greece"", ""source"": ""World Development Indicators""}",2026-08-19T10:55:41.969097+00:00
1309,dae484dc09e051594368cfcc136a88cfa4bfbea8fe5d6b3ec340a3e642797951,world_bank_api,indicator,"Merchandise imports (current US$)",2025-12-31,,GL,TM.VAL.MRCH.CD.WT,1022000000.0,"current USD",,"{""country_name"": ""Greenland"", ""source"": ""World Development Indicators""}",2026-08-19T10:55:41.969097+00:00
1310,bff7fdf1916391fb7ff774a1554e03202e997f495464fa64cbcdc7ff430e1d61,world_bank_api,indicator,"Merchandise imports (current US$)",2024-12-31,,GL,TM.VAL.MRCH.CD.WT,992000000.0,"current USD",,"{""country_name"": ""Greenland"", ""source"": ""World Development Indicators""}",2026-08-19T10:55:41.969097+00:00
1311,572e0132cf9c780d42da2d5130d3f91fd67e93e4f107573db93b8dc1234b913e,world_bank_api,indicator,"Merchandise imports (current US$)",2023-12-31,,GL,TM.VAL.MRCH.CD.WT,1155000000.0,"current USD",,"{""country_name"": ""Greenland"", ""source"": ""World Development Indicators""}",2026-08-19T10:55:41.969097+00:00
1312,3b80a8e1487e9e85c23502c4ce2c6a46d35931bbcb7859ba66b11ad7c2f5d016,world_bank_api,indicator,"Merchandise imports (current US$)",2025-12-31,,GD,TM.VAL.MRCH.CD.WT,653000000.0,"current USD",,"{""country_name"": ""Grenada"", ""source"": ""World Development Indicators""}",2026-08-19T10:55:41.969097+00:00
1313,ef972b533fc9a4828762dfd33829171ad49bbbb61f3dac0c053e06e5fe407d85,world_bank_api,indicator,"Merchandise imports (current US$)",2024-12-31,,GD,TM.VAL.MRCH.CD.WT,635000000.0,"current USD",,"{""country_name"": ""Grenada"", ""source"": ""World Development Indicators""}",2026-08-19T10:55:41.969097+00:00
1314,19f1e31f8fdcc2b0058c369d396fbbec9b024add55bf944ece8dbd8ba363991c,world_bank_api,indicator,"Merchandise imports (current US$)",2023-12-31,,GD,TM.VAL.MRCH.CD.WT,609000000.0,"current USD",,"{""country_name"": ""Grenada"", ""source"": ""World Development Indicators""}",2026-08-19T10:55:41.969097+00:00
1315,7676ef466a51a69df6f3072139999444273dc19e7598a3c8e4bd4359e62237cc,world_bank_api,indicator,"Merchandise imports (current US$)",2025-12-31,,GU,TM.VAL.MRCH.CD.WT,937000000.0,"current USD",,"{""country_name"": ""Guam"", ""source"": ""World Development Indicators""}",2026-08-19T10:55:41.969097+00:00
1316,10819ac008eed2caccf36d1802fba1f16c74ec4816c11bd80cf668f6f41e1ef9,world_bank_api,indicator,"Merchandise imports (current US$)",2024-12-31,,GU,TM.VAL.MRCH.CD.WT,887000000.0,"current USD",,"{""country_name"": ""Guam"", ""source"": ""World Development Indicators""}",2026-08-19T10:55:41.969097+00:00
1317,cdeed9343d5d989408b2d60ba432072194b52aeb05c419929a0f2e1cc8389873,world_bank_api,indicator,"Merchandise imports (current US$)",2023-12-31,,GU,TM.VAL.MRCH.CD.WT,1308000000.0,"current USD",,"{""country_name"": ""Guam"", ""source"": ""World Development Indicators""}",2026-08-19T10:55:41.969097+00:00
1318,052f8b094020605502e00fa35b1b59ee66936e639c5283461effa91a1d01a24a,world_bank_api,indicator,"Merchandise imports (current US$)",2025-12-31,,GT,TM.VAL.MRCH.CD.WT,34609000000.0,"current USD",,"{""country_name"": ""Guatemala"", ""source"": ""World Development Indicators""}",2026-08-19T10:55:41.969097+00:00
1319,7b88fba5d53750e072f9e386dfe9fe713d38b1ae84b229930a7597c7f3c51b29,world_bank_api,indicator,"Merchandise imports (current US$)",2024-12-31,,GT,TM.VAL.MRCH.CD.WT,32488000000.0,"current USD",,"{""country_name"": ""Guatemala"", ""source"": ""World Development Indicators""}",2026-08-19T10:55:41.969097+00:00
1320,ca7bbb15bce4471f485b2e45d969652c8187288984cbab3ca95ac9ce25a0b6d5,world_bank_api,indicator,"Merchandise imports (current US$)",2023-12-31,,GT,TM.VAL.MRCH.CD.WT,30318000000.0,"current USD",,"{""country_name"": ""Guatemala"", ""source"": ""World Development Indicators""}",2026-08-19T10:55:41.969097+00:00
1321,634a11e26e8a9987f398266e2717595651dfd197c5e5549e5c3439dba7e098b7,world_bank_api,indicator,"Merchandise imports (current US$)",2025-12-31,,GN,TM.VAL.MRCH.CD.WT,8344000000.0,"current USD",,"{""country_name"": ""Guinea"", ""source"": ""World Development Indicators""}",2026-08-19T10:55:41.969097+00:00
1322,7c3e651407702cae3a5cb50266402e48af0686ac4d867c60af352e04f9cf07d5,world_bank_api,indicator,"Merchandise imports (current US$)",2024-12-31,,GN,TM.VAL.MRCH.CD.WT,5881000000.0,"current USD",,"{""country_name"": ""Guinea"", ""source"": ""World Development Indicators""}",2026-08-19T10:55:41.969097+00:00
1323,fe92770d2d5a934dea58ff21349ff778ffe7a47b0fc433e25a683851b12163fe,world_bank_api,indicator,"Merchandise imports (current US$)",2023-12-31,,GN,TM.VAL.MRCH.CD.WT,4844000000.0,"current USD",,"{""country_name"": ""Guinea"", ""source"": ""World Development Indicators""}",2026-08-19T10:55:41.969097+00:00
1324,2799c1bd166518b0baeace1d984d10e7aa49358f1068bc2d9adb81b2b6a59bee,world_bank_api,indicator,"Merchandise imports (current US$)",2025-12-31,,GW,TM.VAL.MRCH.CD.WT,489000000.0,"current USD",,"{""country_name"": ""Guinea-Bissau"", ""source"": ""World Development Indicators""}",2026-08-19T10:55:41.969097+00:00
1325,83dd830063daac86376e6bb1ed4ceaeb973c74c75d452a713fab15a29412c48f,world_bank_api,indicator,"Merchandise imports (current US$)",2024-12-31,,GW,TM.VAL.MRCH.CD.WT,486000000.0,"current USD",,"{""country_name"": ""Guinea-Bissau"", ""source"": ""World Development Indicators""}",2026-08-19T10:55:41.969097+00:00
1326,1e85e2194d5fcec0b8275fb1b47eeea83b0324e6037f9b1aa2f6fb056201e878,world_bank_api,indicator,"Merchandise imports (current US$)",2023-12-31,,GW,TM.VAL.MRCH.CD.WT,474000000.0,"current USD",,"{""country_name"": ""Guinea-Bissau"", ""source"": ""World Development Indicators""}",2026-08-19T10:55:41.969097+00:00
1327,79bdebbcb00c48889456b685409754c39419b65194d4aa4aed252d3ed9445362,world_bank_api,indicator,"Merchandise imports (current US$)",2025-12-31,,GY,TM.VAL.MRCH.CD.WT,10217000000.0,"current USD",,"{""country_name"": ""Guyana"", ""source"": ""World Development Indicators""}",2026-08-19T10:55:41.969097+00:00
1328,4abd2255f79cce35f0ba6ad1c37d7b2612abc8624eee8ba062ea5c40249bf92b,world_bank_api,indicator,"Merchandise imports (current US$)",2024-12-31,,GY,TM.VAL.MRCH.CD.WT,6825000000.0,"current USD",,"{""country_name"": ""Guyana"", ""source"": ""World Development Indicators""}",2026-08-19T10:55:41.969097+00:00
1329,dd2970329e0c0ffbf027f0191c846f60676778958374c5579209ee6a27734763,world_bank_api,indicator,"Merchandise imports (current US$)",2023-12-31,,GY,TM.VAL.MRCH.CD.WT,6636000000.0,"current USD",,"{""country_name"": ""Guyana"", ""source"": ""World Development Indicators""}",2026-08-19T10:55:41.969097+00:00
1330,87c0b5892c178c42a38ea72b3dce4d2a0c781f632246442b22f9e27195bcd2f3,world_bank_api,indicator,"Merchandise imports (current US$)",2025-12-31,,HT,TM.VAL.MRCH.CD.WT,4628000000.0,"current USD",,"{""country_name"": ""Haiti"", ""source"": ""World Development Indicators""}",2026-08-19T10:55:41.969097+00:00
1331,60a4f2a6d303521503952ab1fc9f61c88736930dcc97b65f0be7ddef4ed1e192,world_bank_api,indicator,"Merchandise imports (current US$)",2024-12-31,,HT,TM.VAL.MRCH.CD.WT,4246000000.0,"current USD",,"{""country_name"": ""Haiti"", ""source"": ""World Development Indicators""}",2026-08-19T10:55:41.969097+00:00
1332,619629f1e437b7d1eab0f0463cc6798f038404a4e9cdf7016d3a14363d3fb21b,world_bank_api,indicator,"Merchandise imports (current US$)",2023-12-31,,HT,TM.VAL.MRCH.CD.WT,4715000000.0,"current USD",,"{""country_name"": ""Haiti"", ""source"": ""World Development Indicators""}",2026-08-19T10:55:41.969097+00:00
1333,22634e487206adeb83c86a7ed833f672e5fcc1edc4ef6701e423d0f2b87616bd,world_bank_api,indicator,"Merchandise imports (current US$)",2025-12-31,,HN,TM.VAL.MRCH.CD.WT,18636000000.0,"current USD",,"{""country_name"": ""Honduras"", ""source"": ""World Development Indicators""}",2026-08-19T10:55:41.969097+00:00
1334,47d893132cb6e64746e72aad432fa739558587604890ea11d9247d4c40a50fa5,world_bank_api,indicator,"Merchandise imports (current US$)",2024-12-31,,HN,TM.VAL.MRCH.CD.WT,17754000000.0,"current USD",,"{""country_name"": ""Honduras"", ""source"": ""World Development Indicators""}",2026-08-19T10:55:41.969097+00:00
1335,88d002dc4dc629e8178797176827b8bf3c5f426174fc3a6cba21e36934b04ef4,world_bank_api,indicator,"Merchandise imports (current US$)",2023-12-31,,HN,TM.VAL.MRCH.CD.WT,17351000000.0,"current USD",,"{""country_name"": ""Honduras"", ""source"": ""World Development Indicators""}",2026-08-19T10:55:41.969097+00:00
1336,34cf2bbec1d4c9ad496bcb4c827ed506ac7ab0cfae8c50bc6794359094306eb1,world_bank_api,indicator,"Merchandise imports (current US$)",2025-12-31,,HK,TM.VAL.MRCH.CD.WT,831832000000.0,"current USD",,"{""country_name"": ""Hong Kong SAR, China"", ""source"": ""World Development Indicators""}",2026-08-19T10:55:41.969097+00:00
1337,d3f9fda672f07ec280de1ea448220bd63457f21bd5632e9bf54fda32aa17d4e8,world_bank_api,indicator,"Merchandise imports (current US$)",2024-12-31,,HK,TM.VAL.MRCH.CD.WT,704141000000.0,"current USD",,"{""country_name"": ""Hong Kong SAR, China"", ""source"": ""World Development Indicators""}",2026-08-19T10:55:41.969097+00:00
1338,6d2d4a3a228512628de8fa642ca1b11ded8e24a05cb46c50dedb9e6a44827c01,world_bank_api,indicator,"Merchandise imports (current US$)",2023-12-31,,HK,TM.VAL.MRCH.CD.WT,653696000000.0,"current USD",,"{""country_name"": ""Hong Kong SAR, China"", ""source"": ""World Development Indicators""}",2026-08-19T10:55:41.969097+00:00
1339,6cee75516693667b42611c5dc0081fed099e21566930a5637ffc0e6c902962f1,world_bank_api,indicator,"Merchandise imports (current US$)",2025-12-31,,HU,TM.VAL.MRCH.CD.WT,159200000000.0,"current USD",,"{""country_name"": ""Hungary"", ""source"": ""World Development Indicators""}",2026-08-19T10:55:41.969097+00:00
1340,957a6db01b353fa122f772c460e65d04888d90f20e662f9d1db255460a59eae6,world_bank_api,indicator,"Merchandise imports (current US$)",2024-12-31,,HU,TM.VAL.MRCH.CD.WT,149805000000.0,"current USD",,"{""country_name"": ""Hungary"", ""source"": ""World Development Indicators""}",2026-08-19T10:55:41.969097+00:00
1341,00989e878a1e90e02dc75c81c55db2ca9d6ac1ad65bf71c74aee55e65d594ad8,world_bank_api,indicator,"Merchandise imports (current US$)",2023-12-31,,HU,TM.VAL.MRCH.CD.WT,155650000000.0,"current USD",,"{""country_name"": ""Hungary"", ""source"": ""World Development Indicators""}",2026-08-19T10:55:41.969097+00:00
1342,f8d07585787e17fcf62879a36f397e4e18f477f0a82cc652488318be9feef174,world_bank_api,indicator,"Merchandise imports (current US$)",2025-12-31,,IS,TM.VAL.MRCH.CD.WT,10944000000.0,"current USD",,"{""country_name"": ""Iceland"", ""source"": ""World Development Indicators""}",2026-08-19T10:55:41.969097+00:00
1343,ee396a3b1d312c3d7f5212005067fb8ee2485fad0ee43b5b220615d58a29bf93,world_bank_api,indicator,"Merchandise imports (current US$)",2024-12-31,,IS,TM.VAL.MRCH.CD.WT,9809000000.0,"current USD",,"{""country_name"": ""Iceland"", ""source"": ""World Development Indicators""}",2026-08-19T10:55:41.969097+00:00
1344,11b375d4b0203d07fd5670e0facec74aeac36d8708b79f66e72375d17c543405,world_bank_api,indicator,"Merchandise imports (current US$)",2023-12-31,,IS,TM.VAL.MRCH.CD.WT,9460000000.0,"current USD",,"{""country_name"": ""Iceland"", ""source"": ""World Development Indicators""}",2026-08-19T10:55:41.969097+00:00
1345,86f43ebae12bb5432f3a3b344506f1597e2551387719af19151066e3ecb0090f,world_bank_api,indicator,"Merchandise imports (current US$)",2025-12-31,,ID,TM.VAL.MRCH.CD.WT,241857000000.0,"current USD",,"{""country_name"": ""Indonesia"", ""source"": ""World Development Indicators""}",2026-08-19T10:55:41.969097+00:00
1346,d543f5a4164762cff1022383e8be69d854487d81a43293f3be80885abd0c4b8b,world_bank_api,indicator,"Merchandise imports (current US$)",2024-12-31,,ID,TM.VAL.MRCH.CD.WT,233659000000.0,"current USD",,"{""country_name"": ""Indonesia"", ""source"": ""World Development Indicators""}",2026-08-19T10:55:41.969097+00:00
1347,e5efa879cd9c8fe88d344486762ffab31657827391065e4fe71e7396c907f8c2,world_bank_api,indicator,"Merchandise imports (current US$)",2023-12-31,,ID,TM.VAL.MRCH.CD.WT,221886000000.0,"current USD",,"{""country_name"": ""Indonesia"", ""source"": ""World Development Indicators""}",2026-08-19T10:55:41.969097+00:00
1348,73d71027240de454bece648ced5725355b1119d1af2e0d476b36faf09800b79e,world_bank_api,indicator,"Merchandise imports (current US$)",2025-12-31,,IR,TM.VAL.MRCH.CD.WT,65632000000.0,"current USD",,"{""country_name"": ""Iran, Islamic Rep."", ""source"": ""World Development Indicators""}",2026-08-19T10:55:41.969097+00:00
1349,7f3cd05305656f5677dffaee13a565e7f09f043d9c08e8c9a7559f7e92335e44,world_bank_api,indicator,"Merchandise imports (current US$)",2024-12-31,,IR,TM.VAL.MRCH.CD.WT,69414000000.0,"current USD",,"{""country_name"": ""Iran, Islamic Rep."", ""source"": ""World Development Indicators""}",2026-08-19T10:55:41.969097+00:00
1350,436af1f6c3bc61efb2b41500cb405961b8d0edbd864aebc7b85cfa19476576a7,world_bank_api,indicator,"Merchandise imports (current US$)",2023-12-31,,IR,TM.VAL.MRCH.CD.WT,65826000000.0,"current USD",,"{""country_name"": ""Iran, Islamic Rep."", ""source"": ""World Development Indicators""}",2026-08-19T10:55:41.969097+00:00
1351,2b5734a3f9311deda7eb6536c2f2781a41debcb1b5501407aed2e8f02e98b3a9,world_bank_api,indicator,"Merchandise imports (current US$)",2025-12-31,,IQ,TM.VAL.MRCH.CD.WT,85185000000.0,"current USD",,"{""country_name"": ""Iraq"", ""source"": ""World Development Indicators""}",2026-08-19T10:55:41.969097+00:00
1352,8daac0742bca3a60ff09ab9633a059d5c33b1b41268016b39d823d9dc73e29af,world_bank_api,indicator,"Merchandise imports (current US$)",2024-12-31,,IQ,TM.VAL.MRCH.CD.WT,87410000000.0,"current USD",,"{""country_name"": ""Iraq"", ""source"": ""World Development Indicators""}",2026-08-19T10:55:41.969097+00:00
1353,661ea7ddb3bbc59b54b75fc60d159cddaed37a0aebe9ff0841833691cf8ebe0c,world_bank_api,indicator,"Merchandise imports (current US$)",2023-12-31,,IQ,TM.VAL.MRCH.CD.WT,65826000000.0,"current USD",,"{""country_name"": ""Iraq"", ""source"": ""World Development Indicators""}",2026-08-19T10:55:41.969097+00:00
1354,8346074a1dcd74816bc356b385e5f99e160cfe5390bc16c9bfc291a419c74ba0,world_bank_api,indicator,"Merchandise imports (current US$)",2025-12-31,,IE,TM.VAL.MRCH.CD.WT,159218000000.0,"current USD",,"{""country_name"": ""Ireland"", ""source"": ""World Development Indicators""}",2026-08-19T10:55:41.969097+00:00
1355,24ba699dcf195a9d547b034a2c66afc2212ddc748051de98eb1728b03e70c3de,world_bank_api,indicator,"Merchandise imports (current US$)",2024-12-31,,IE,TM.VAL.MRCH.CD.WT,144018000000.0,"current USD",,"{""country_name"": ""Ireland"", ""source"": ""World Development Indicators""}",2026-08-19T10:55:41.969097+00:00
1356,b2523b4e40a990b4510ddd5e85c10926aaea85e9189e06d27acc2f5e9263e59e,world_bank_api,indicator,"Merchandise imports (current US$)",2023-12-31,,IE,TM.VAL.MRCH.CD.WT,151097000000.0,"current USD",,"{""country_name"": ""Ireland"", ""source"": ""World Development Indicators""}",2026-08-19T10:55:41.969097+00:00
1357,a265ed084a365c19544aaa5b5e964706c3615413217f758518dc021e2db1e2cc,world_bank_api,indicator,"Merchandise imports (current US$)",2025-12-31,,IL,TM.VAL.MRCH.CD.WT,95481000000.0,"current USD",,"{""country_name"": ""Israel"", ""source"": ""World Development Indicators""}",2026-08-19T10:55:41.969097+00:00
1358,04211afa81f33b5c1e5e933e0ffaa8198a8bc71848c8f08d90524db05a7853d1,world_bank_api,indicator,"Merchandise imports (current US$)",2024-12-31,,IL,TM.VAL.MRCH.CD.WT,91865000000.0,"current USD",,"{""country_name"": ""Israel"", ""source"": ""World Development Indicators""}",2026-08-19T10:55:41.969097+00:00
1359,6072f7f032336e6e088c475771b935e358a17f4972f321eeec96a33b37345a4a,world_bank_api,indicator,"Merchandise imports (current US$)",2023-12-31,,IL,TM.VAL.MRCH.CD.WT,91889000000.0,"current USD",,"{""country_name"": ""Israel"", ""source"": ""World Development Indicators""}",2026-08-19T10:55:41.969097+00:00
1360,e1eee42cdb4c4a1c481609d10713f676a85bb16f885ca15ee9d6c5a9aba0475c,world_bank_api,indicator,"Merchandise imports (current US$)",2025-12-31,,IT,TM.VAL.MRCH.CD.WT,668672000000.0,"current USD",,"{""country_name"": ""Italy"", ""source"": ""World Development Indicators""}",2026-08-19T10:55:41.969097+00:00
1361,3f2596e3005ab16c4a0f25251d3a003eb5e31402492442f803150381f6adf304,world_bank_api,indicator,"Merchandise imports (current US$)",2024-12-31,,IT,TM.VAL.MRCH.CD.WT,621388000000.0,"current USD",,"{""country_name"": ""Italy"", ""source"": ""World Development Indicators""}",2026-08-19T10:55:41.969097+00:00
1362,6ac2f1723ded5a06a3b0108ec26e266ba4dcbe38c5f3d4393c41cfa4acfdc4a7,world_bank_api,indicator,"Merchandise imports (current US$)",2023-12-31,,IT,TM.VAL.MRCH.CD.WT,639879000000.0,"current USD",,"{""country_name"": ""Italy"", ""source"": ""World Development Indicators""}",2026-08-19T10:55:41.969097+00:00
1363,5d11496262f5b68c0f99e3b1b006f0ac500cb73f05b352b9e19f86aa061c9a9a,world_bank_api,indicator,"Merchandise imports (current US$)",2025-12-31,,JM,TM.VAL.MRCH.CD.WT,7684000000.0,"current USD",,"{""country_name"": ""Jamaica"", ""source"": ""World Development Indicators""}",2026-08-19T10:55:41.969097+00:00
1364,c765d430f987ad536f04f8d44c2dad8989debc6d8b244eebbbc49af70f065377,world_bank_api,indicator,"Merchandise imports (current US$)",2024-12-31,,JM,TM.VAL.MRCH.CD.WT,7288000000.0,"current USD",,"{""country_name"": ""Jamaica"", ""source"": ""World Development Indicators""}",2026-08-19T10:55:41.969097+00:00
1365,88a41495dc2e7b124ef69615a00b8b90af3285492bd81c2a295dd9c72b8c1eef,world_bank_api,indicator,"Merchandise imports (current US$)",2023-12-31,,JM,TM.VAL.MRCH.CD.WT,7592000000.0,"current USD",,"{""country_name"": ""Jamaica"", ""source"": ""World Development Indicators""}",2026-08-19T10:55:41.969097+00:00
1366,f541066eb4a5a2c4138834fda7f48b075dd25ae6c909fa4934d15f763a5b47b3,world_bank_api,indicator,"Merchandise imports (current US$)",2025-12-31,,JO,TM.VAL.MRCH.CD.WT,28945000000.0,"current USD",,"{""country_name"": ""Jordan"", ""source"": ""World Development Indicators""}",2026-08-19T10:55:41.969097+00:00
1367,e6c19e61a894b7c3a9bb1e1d4e8217c0ecfd4c5d00e8b5b59836a722da3b232f,world_bank_api,indicator,"Merchandise imports (current US$)",2024-12-31,,JO,TM.VAL.MRCH.CD.WT,26895000000.0,"current USD",,"{""country_name"": ""Jordan"", ""source"": ""World Development Indicators""}",2026-08-19T10:55:41.969097+00:00
1368,e704786359ee2e6ca17cfacedc0b8958326eea87ad967756d8552a69346fcefb,world_bank_api,indicator,"Merchandise imports (current US$)",2023-12-31,,JO,TM.VAL.MRCH.CD.WT,25757000000.0,"current USD",,"{""country_name"": ""Jordan"", ""source"": ""World Development Indicators""}",2026-08-19T10:55:41.969097+00:00
1369,8ecddba074f13454822b4b617fcf860cc73f2d5b49dd029eae5b9120b928204d,world_bank_api,indicator,"Merchandise imports (current US$)",2025-12-31,,KZ,TM.VAL.MRCH.CD.WT,64459000000.0,"current USD",,"{""country_name"": ""Kazakhstan"", ""source"": ""World Development Indicators""}",2026-08-19T10:55:41.969097+00:00
1370,3391216151b002c0c00e7c1b566f2396898045c1f2189d4ae0651c84d61e7ab2,world_bank_api,indicator,"Merchandise imports (current US$)",2024-12-31,,KZ,TM.VAL.MRCH.CD.WT,59133000000.0,"current USD",,"{""country_name"": ""Kazakhstan"", ""source"": ""World Development Indicators""}",2026-08-19T10:55:41.969097+00:00
1371,ed36de6a247f97416fbcf747b0ddb455117c108de7e038334e960307e6587c0e,world_bank_api,indicator,"Merchandise imports (current US$)",2023-12-31,,KZ,TM.VAL.MRCH.CD.WT,60655000000.0,"current USD",,"{""country_name"": ""Kazakhstan"", ""source"": ""World Development Indicators""}",2026-08-19T10:55:41.969097+00:00
1372,43fd3176ccd9bd7f7ba816769a47aaa0c48b622a1a29a2363514b4ebe65c4220,world_bank_api,indicator,"Merchandise imports (current US$)",2025-12-31,,KE,TM.VAL.MRCH.CD.WT,21614000000.0,"current USD",,"{""country_name"": ""Kenya"", ""source"": ""World Development Indicators""}",2026-08-19T10:55:41.969097+00:00
1373,cc7d63af1cd3163a2722e9a8dfcd94f659ffe0a1130f9937803b9ea6c764c601,world_bank_api,indicator,"Merchandise imports (current US$)",2024-12-31,,KE,TM.VAL.MRCH.CD.WT,20088000000.0,"current USD",,"{""country_name"": ""Kenya"", ""source"": ""World Development Indicators""}",2026-08-19T10:55:41.969097+00:00
1374,a1216e765698af6fd5079661f6447f47092803db788e50ba7868d0519928a17a,world_bank_api,indicator,"Merchandise imports (current US$)",2023-12-31,,KE,TM.VAL.MRCH.CD.WT,18585000000.0,"current USD",,"{""country_name"": ""Kenya"", ""source"": ""World Development Indicators""}",2026-08-19T10:55:41.969097+00:00
1375,5d25aa88e5914376bad39bce740ca06f6e8aa6db43e783da410ae62389654fa0,world_bank_api,indicator,"Merchandise imports (current US$)",2025-12-31,,KI,TM.VAL.MRCH.CD.WT,496000000.0,"current USD",,"{""country_name"": ""Kiribati"", ""source"": ""World Development Indicators""}",2026-08-19T10:55:41.969097+00:00
1376,bf164c26b227108b85de8c3db3e33dc357bd8269738906c8994349a58792f17d,world_bank_api,indicator,"Merchandise imports (current US$)",2024-12-31,,KI,TM.VAL.MRCH.CD.WT,334000000.0,"current USD",,"{""country_name"": ""Kiribati"", ""source"": ""World Development Indicators""}",2026-08-19T10:55:41.969097+00:00
1377,a345a206f68ebdbdba5bb38acd924de53029506b1ab99a09091502ccba7e282d,world_bank_api,indicator,"Merchandise imports (current US$)",2023-12-31,,KI,TM.VAL.MRCH.CD.WT,308000000.0,"current USD",,"{""country_name"": ""Kiribati"", ""source"": ""World Development Indicators""}",2026-08-19T10:55:41.969097+00:00
1378,3694bb94f96478888ce175f0dade974322d36d87278d90bba5fcbfc51d045716,world_bank_api,indicator,"Merchandise imports (current US$)",2025-12-31,,KP,TM.VAL.MRCH.CD.WT,2869000000.0,"current USD",,"{""country_name"": ""Korea, Dem. People's Rep."", ""source"": ""World Development Indicators""}",2026-08-19T10:55:41.969097+00:00
1379,ec7c81349c99b5859ce9b28b4d2d5b3f1a04b88a423ab90d110f6b28418e42d4,world_bank_api,indicator,"Merchandise imports (current US$)",2024-12-31,,KP,TM.VAL.MRCH.CD.WT,2340000000.0,"current USD",,"{""country_name"": ""Korea, Dem. People's Rep."", ""source"": ""World Development Indicators""}",2026-08-19T10:55:41.969097+00:00
1380,48ae640b6656606f4add8e89eb389720bd8670b2b6509a6f66cb1883ec86252d,world_bank_api,indicator,"Merchandise imports (current US$)",2023-12-31,,KP,TM.VAL.MRCH.CD.WT,2440000000.0,"current USD",,"{""country_name"": ""Korea, Dem. People's Rep."", ""source"": ""World Development Indicators""}",2026-08-19T10:55:41.969097+00:00
1381,1613b837a151bcd85c6c9545c2abdc389f608ec52595fb5a0151ea52b0318b8a,world_bank_api,indicator,"Merchandise imports (current US$)",2025-12-31,,KR,TM.VAL.MRCH.CD.WT,631895000000.0,"current USD",,"{""country_name"": ""Korea, Rep."", ""source"": ""World Development Indicators""}",2026-08-19T10:55:41.969097+00:00
1382,f1ff60f34797dce7a9814bedc99ae3e0296fcfa8e32a457c993e8b16705d3e1f,world_bank_api,indicator,"Merchandise imports (current US$)",2024-12-31,,KR,TM.VAL.MRCH.CD.WT,631767000000.0,"current USD",,"{""country_name"": ""Korea, Rep."", ""source"": ""World Development Indicators""}",2026-08-19T10:55:41.969097+00:00
1383,35bbf9b3f23910a0dc5a0ce66ff43f054ca29583b66b8063bb9907a099733cba,world_bank_api,indicator,"Merchandise imports (current US$)",2023-12-31,,KR,TM.VAL.MRCH.CD.WT,642572000000.0,"current USD",,"{""country_name"": ""Korea, Rep."", ""source"": ""World Development Indicators""}",2026-08-19T10:55:41.969097+00:00
1384,45b1d0ba6c07b5dc427e1adf0db3f3deab5acecb4bc2fc5078eff76583a7f5de,world_bank_api,indicator,"Merchandise imports (current US$)",2025-12-31,,KW,TM.VAL.MRCH.CD.WT,41612000000.0,"current USD",,"{""country_name"": ""Kuwait"", ""source"": ""World Development Indicators""}",2026-08-19T10:55:41.969097+00:00
1385,680fc51fd1f1433fc7b37929ebb2a76696645b62bb3a25e3ad7b793dfe227e75,world_bank_api,indicator,"Merchandise imports (current US$)",2024-12-31,,KW,TM.VAL.MRCH.CD.WT,38061000000.0,"current USD",,"{""country_name"": ""Kuwait"", ""source"": ""World Development Indicators""}",2026-08-19T10:55:41.969097+00:00
1386,f1c9012b2e19489ed0bd0ab523743d7f591a9cb03e2ee49de54ba842426f496e,world_bank_api,indicator,"Merchandise imports (current US$)",2023-12-31,,KW,TM.VAL.MRCH.CD.WT,37490000000.0,"current USD",,"{""country_name"": ""Kuwait"", ""source"": ""World Development Indicators""}",2026-08-19T10:55:41.969097+00:00
1387,b89da04f7137fa4ad8b0680f5b19786a6355f6c915b85e0516df60840bc47095,world_bank_api,indicator,"Merchandise imports (current US$)",2025-12-31,,KG,TM.VAL.MRCH.CD.WT,12973000000.0,"current USD",,"{""country_name"": ""Kyrgyz Republic"", ""source"": ""World Development Indicators""}",2026-08-19T10:55:41.969097+00:00
1388,f621720d2f5d36d6a62d861c8dcde1afa5b3d0c47fa2035c6b2189e2a5bc0621,world_bank_api,indicator,"Merchandise imports (current US$)",2024-12-31,,KG,TM.VAL.MRCH.CD.WT,12489000000.0,"current USD",,"{""country_name"": ""Kyrgyz Republic"", ""source"": ""World Development Indicators""}",2026-08-19T10:55:41.969097+00:00
1389,31cbfd7b4331b5b39c1a22240d620e118595e7ed4a84a19662b03b12ef1d8f72,world_bank_api,indicator,"Merchandise imports (current US$)",2023-12-31,,KG,TM.VAL.MRCH.CD.WT,12518000000.0,"current USD",,"{""country_name"": ""Kyrgyz Republic"", ""source"": ""World Development Indicators""}",2026-08-19T10:55:41.969097+00:00
1390,1555541dedc424a537ae4e7890763116ec4859fd80fc8d3b5e173ebdc0f737c9,world_bank_api,indicator,"Merchandise imports (current US$)",2025-12-31,,LA,TM.VAL.MRCH.CD.WT,10342000000.0,"current USD",,"{""country_name"": ""Lao PDR"", ""source"": ""World Development Indicators""}",2026-08-19T10:55:41.969097+00:00
1391,d3c1878a273b6864e0465b4f7638f1b93a31103188b94e57a4f4e64c2c44e5d5,world_bank_api,indicator,"Merchandise imports (current US$)",2024-12-31,,LA,TM.VAL.MRCH.CD.WT,8663000000.0,"current USD",,"{""country_name"": ""Lao PDR"", ""source"": ""World Development Indicators""}",2026-08-19T10:55:41.969097+00:00
1392,814af101700fba1ed770383d6ae36496682776d570b0c389d15cc920648dca8c,world_bank_api,indicator,"Merchandise imports (current US$)",2023-12-31,,LA,TM.VAL.MRCH.CD.WT,7649000000.0,"current USD",,"{""country_name"": ""Lao PDR"", ""source"": ""World Development Indicators""}",2026-08-19T10:55:41.969097+00:00
1393,01c11e4d16e4ba26d3741d68b9a3e00761501e4205ae03eeb690e78822e09bab,world_bank_api,indicator,"Merchandise imports (current US$)",2025-12-31,,LV,TM.VAL.MRCH.CD.WT,26284000000.0,"current USD",,"{""country_name"": ""Latvia"", ""source"": ""World Development Indicators""}",2026-08-19T10:55:41.969097+00:00
1394,a723ec8d4ffd00c41cba496aacbcbf3301dfc5ca11ec8ef72d46ea9506bd9fae,world_bank_api,indicator,"Merchandise imports (current US$)",2024-12-31,,LV,TM.VAL.MRCH.CD.WT,23718000000.0,"current USD",,"{""country_name"": ""Latvia"", ""source"": ""World Development Indicators""}",2026-08-19T10:55:41.969097+00:00
1395,4f41e05c5593db88e082574be75469d3abdacfab87c35bd5d8e91961173115bf,world_bank_api,indicator,"Merchandise imports (current US$)",2023-12-31,,LV,TM.VAL.MRCH.CD.WT,26617000000.0,"current USD",,"{""country_name"": ""Latvia"", ""source"": ""World Development Indicators""}",2026-08-19T10:55:41.969097+00:00
1396,297f53d65c6d268444b86b4649cb8cf230183a17b5755c42f4d9529c14d4d733,world_bank_api,indicator,"Merchandise imports (current US$)",2025-12-31,,LB,TM.VAL.MRCH.CD.WT,21672000000.0,"current USD",,"{""country_name"": ""Lebanon"", ""source"": ""World Development Indicators""}",2026-08-19T10:55:41.969097+00:00
1397,2b037fba87ab4f9d0851445b3dd6dc42e0e4a5881c231e3c50e9c62ba1cb170a,world_bank_api,indicator,"Merchandise imports (current US$)",2024-12-31,,LB,TM.VAL.MRCH.CD.WT,17309000000.0,"current USD",,"{""country_name"": ""Lebanon"", ""source"": ""World Development Indicators""}",2026-08-19T10:55:41.969097+00:00
1398,0f01629f6361339f6fcaa2346cff76b07dfd65cd60bb093776bc36d4aba29325,world_bank_api,indicator,"Merchandise imports (current US$)",2023-12-31,,LB,TM.VAL.MRCH.CD.WT,18125000000.0,"current USD",,"{""country_name"": ""Lebanon"", ""source"": ""World Development Indicators""}",2026-08-19T10:55:41.969097+00:00
1399,f64637cca188349534d23b0f34d996378483340adea38c8063fdfa82589396ac,world_bank_api,indicator,"Merchandise imports (current US$)",2025-12-31,,LS,TM.VAL.MRCH.CD.WT,1875000000.0,"current USD",,"{""country_name"": ""Lesotho"", ""source"": ""World Development Indicators""}",2026-08-19T10:55:41.969097+00:00
1400,0d3001453dff6dbc1d0639b590c2108fbd6de90b0532bc8721f8439a56816685,world_bank_api,indicator,"Merchandise imports (current US$)",2024-12-31,,LS,TM.VAL.MRCH.CD.WT,1853000000.0,"current USD",,"{""country_name"": ""Lesotho"", ""source"": ""World Development Indicators""}",2026-08-19T10:55:41.969097+00:00
1401,92d290dec994ce52764c7c734a7bfe9fc80f1993053f26f5707fe43548d2d7fd,world_bank_api,indicator,"Merchandise imports (current US$)",2023-12-31,,LS,TM.VAL.MRCH.CD.WT,1724000000.0,"current USD",,"{""country_name"": ""Lesotho"", ""source"": ""World Development Indicators""}",2026-08-19T10:55:41.969097+00:00
1402,270dcf792c2105cf16b5aa0c72c338b131ba93bcd37fbc28ec71fc6cc62a573d,world_bank_api,indicator,"Merchandise imports (current US$)",2025-12-31,,LR,TM.VAL.MRCH.CD.WT,2494000000.0,"current USD",,"{""country_name"": ""Liberia"", ""source"": ""World Development Indicators""}",2026-08-19T10:55:41.969097+00:00
1403,8aa99c4310eefd483fd0454cd2ecbf51556e34ddfdccebd20466844bdeae8a4b,world_bank_api,indicator,"Merchandise imports (current US$)",2024-12-31,,LR,TM.VAL.MRCH.CD.WT,1677000000.0,"current USD",,"{""country_name"": ""Liberia"", ""source"": ""World Development Indicators""}",2026-08-19T10:55:41.969097+00:00
1404,ac80f0b9fc731ed60c301b8eb08483bf2c73aed958735d2a60bdf3fd77dbe383,world_bank_api,indicator,"Merchandise imports (current US$)",2023-12-31,,LR,TM.VAL.MRCH.CD.WT,2076000000.0,"current USD",,"{""country_name"": ""Liberia"", ""source"": ""World Development Indicators""}",2026-08-19T10:55:41.969097+00:00
1405,8f9465e534111e937802964bd3b9142adf3654968b51a649cff81b33f39e89d1,world_bank_api,indicator,"Merchandise imports (current US$)",2025-12-31,,LY,TM.VAL.MRCH.CD.WT,19312000000.0,"current USD",,"{""country_name"": ""Libya"", ""source"": ""World Development Indicators""}",2026-08-19T10:55:41.969097+00:00
1406,debc4242a95f4a964694d31a4f777188e3342b36d273b9bbdd0a5ce988014e1a,world_bank_api,indicator,"Merchandise imports (current US$)",2024-12-31,,LY,TM.VAL.MRCH.CD.WT,18500000000.0,"current USD",,"{""country_name"": ""Libya"", ""source"": ""World Development Indicators""}",2026-08-19T10:55:41.969097+00:00
1407,6955f4b769b508aa02d5b92bcb1f64590d230621b4bc148967fe56ef207e9902,world_bank_api,indicator,"Merchandise imports (current US$)",2023-12-31,,LY,TM.VAL.MRCH.CD.WT,18195000000.0,"current USD",,"{""country_name"": ""Libya"", ""source"": ""World Development Indicators""}",2026-08-19T10:55:41.969097+00:00
1408,b628bfe7a61ee6442d11d5fd2c20827d43e366140d432647a277b0dd1ab3a6e0,world_bank_api,indicator,"Merchandise imports (current US$)",2025-12-31,,LT,TM.VAL.MRCH.CD.WT,49006000000.0,"current USD",,"{""country_name"": ""Lithuania"", ""source"": ""World Development Indicators""}",2026-08-19T10:55:41.969097+00:00
1409,b1a49c114e2d044125a99b90e8856d04d9b5f973a9f301bf4148730a8da25d67,world_bank_api,indicator,"Merchandise imports (current US$)",2024-12-31,,LT,TM.VAL.MRCH.CD.WT,44772000000.0,"current USD",,"{""country_name"": ""Lithuania"", ""source"": ""World Development Indicators""}",2026-08-19T10:55:41.969097+00:00
1410,5c3a8e2a4689512d8f10497ad270b5d884dcff909d52655b4b848e04085892b8,world_bank_api,indicator,"Merchandise imports (current US$)",2023-12-31,,LT,TM.VAL.MRCH.CD.WT,48489000000.0,"current USD",,"{""country_name"": ""Lithuania"", ""source"": ""World Development Indicators""}",2026-08-19T10:55:41.969097+00:00
1411,e4e4bc204a006a9733c272ceb8c7d27268bb754455f07d28404b4f98141696d6,world_bank_api,indicator,"Merchandise imports (current US$)",2025-12-31,,LU,TM.VAL.MRCH.CD.WT,28171000000.0,"current USD",,"{""country_name"": ""Luxembourg"", ""source"": ""World Development Indicators""}",2026-08-19T10:55:41.969097+00:00
1412,80a170631d1e642ceba376714519e90e390c53a125250650e17475101767b527,world_bank_api,indicator,"Merchandise imports (current US$)",2024-12-31,,LU,TM.VAL.MRCH.CD.WT,26046000000.0,"current USD",,"{""country_name"": ""Luxembourg"", ""source"": ""World Development Indicators""}",2026-08-19T10:55:41.969097+00:00
1413,d04e366d7be0949d61d061daf96446a8845a677e85df11b8061487ac8722c492,world_bank_api,indicator,"Merchandise imports (current US$)",2023-12-31,,LU,TM.VAL.MRCH.CD.WT,26295000000.0,"current USD",,"{""country_name"": ""Luxembourg"", ""source"": ""World Development Indicators""}",2026-08-19T10:55:41.969097+00:00
1414,54bd69824da45ab39c3c9f90eb40f3282dd2bc5937bec90c8435920ed30019bc,world_bank_api,indicator,"Merchandise imports (current US$)",2025-12-31,,MO,TM.VAL.MRCH.CD.WT,15541000000.0,"current USD",,"{""country_name"": ""Macao SAR, China"", ""source"": ""World Development Indicators""}",2026-08-19T10:55:41.969097+00:00
1415,52b5a7227ec540134cc4f9377bfdb42aeb184ed950b9ef24cfc8ef6ba77361a7,world_bank_api,indicator,"Merchandise imports (current US$)",2024-12-31,,MO,TM.VAL.MRCH.CD.WT,16011000000.0,"current USD",,"{""country_name"": ""Macao SAR, China"", ""source"": ""World Development Indicators""}",2026-08-19T10:55:41.969097+00:00
1416,9a42554fc5d03193b2adaac1cdc209b93591aad615050bf7f7a792cc34a2be25,world_bank_api,indicator,"Merchandise imports (current US$)",2023-12-31,,MO,TM.VAL.MRCH.CD.WT,17542000000.0,"current USD",,"{""country_name"": ""Macao SAR, China"", ""source"": ""World Development Indicators""}",2026-08-19T10:55:41.969097+00:00
1417,75e75fa3ae8d687dd512c269de669ebc67e0fbb7b134b1f105411a34d3c54891,world_bank_api,indicator,"Merchandise imports (current US$)",2025-12-31,,MG,TM.VAL.MRCH.CD.WT,5240000000.0,"current USD",,"{""country_name"": ""Madagascar"", ""source"": ""World Development Indicators""}",2026-08-19T10:55:41.969097+00:00
1418,5c827c9e191ea1d5f6ea9d54574d398cf836ce53e559e9b1a614cfb0b5365cb4,world_bank_api,indicator,"Merchandise imports (current US$)",2024-12-31,,MG,TM.VAL.MRCH.CD.WT,4833000000.0,"current USD",,"{""country_name"": ""Madagascar"", ""source"": ""World Development Indicators""}",2026-08-19T10:55:41.969097+00:00
1419,eac2c9fec5140506cd7efdf39b0da0ba33fe8e9feddaafe6da89700534b25115,world_bank_api,indicator,"Merchandise imports (current US$)",2023-12-31,,MG,TM.VAL.MRCH.CD.WT,4750000000.0,"current USD",,"{""country_name"": ""Madagascar"", ""source"": ""World Development Indicators""}",2026-08-19T10:55:41.969097+00:00
1420,72df3cdb085a70656662bd195d16d7baab19209b4c8f9c683a79e20ac52df90e,world_bank_api,indicator,"Merchandise imports (current US$)",2025-12-31,,MW,TM.VAL.MRCH.CD.WT,3661000000.0,"current USD",,"{""country_name"": ""Malawi"", ""source"": ""World Development Indicators""}",2026-08-19T10:55:41.969097+00:00
1421,89151761f8fae3da0087ca35289a5d4ad1c2fb3b39180938f49f1543b9d4431c,world_bank_api,indicator,"Merchandise imports (current US$)",2024-12-31,,MW,TM.VAL.MRCH.CD.WT,3315000000.0,"current USD",,"{""country_name"": ""Malawi"", ""source"": ""World Development Indicators""}",2026-08-19T10:55:41.969097+00:00
1422,0ac68b6e5fb63a3a1198471a7e141dab37a46808faeb4797d1c9aee17c80660a,world_bank_api,indicator,"Merchandise imports (current US$)",2023-12-31,,MW,TM.VAL.MRCH.CD.WT,3141000000.0,"current USD",,"{""country_name"": ""Malawi"", ""source"": ""World Development Indicators""}",2026-08-19T10:55:41.969097+00:00
1423,243d6cc76d511b977b4d0447961c6c7ebd7318ea2c66aa187585c21969c14889,world_bank_api,indicator,"Merchandise imports (current US$)",2025-12-31,,MY,TM.VAL.MRCH.CD.WT,340436000000.0,"current USD",,"{""country_name"": ""Malaysia"", ""source"": ""World Development Indicators""}",2026-08-19T10:55:41.969097+00:00
1424,376dfef2f835bd85c9d9cfc6fa652a19ab2da91a0b10a7ba6f3be633b9127cb8,world_bank_api,indicator,"Merchandise imports (current US$)",2024-12-31,,MY,TM.VAL.MRCH.CD.WT,300216000000.0,"current USD",,"{""country_name"": ""Malaysia"", ""source"": ""World Development Indicators""}",2026-08-19T10:55:41.969097+00:00
1425,30cc3b0eecefa2e1aee090e5c71e4dc20e8eaabf61452f6a4c13ad7828ea79e4,world_bank_api,indicator,"Merchandise imports (current US$)",2023-12-31,,MY,TM.VAL.MRCH.CD.WT,265667000000.0,"current USD",,"{""country_name"": ""Malaysia"", ""source"": ""World Development Indicators""}",2026-08-19T10:55:41.969097+00:00
1426,339179089254752fb8331179dd8e6e16b2e3cf5bb2b53bdd78b3f6d3f78852dc,world_bank_api,indicator,"Merchandise imports (current US$)",2025-12-31,,MV,TM.VAL.MRCH.CD.WT,3619000000.0,"current USD",,"{""country_name"": ""Maldives"", ""source"": ""World Development Indicators""}",2026-08-19T10:55:41.969097+00:00
1427,0169c49f9c10103e707ddeb8cea9be2a3a7b741fb9de4761dd0c5ae7387b761b,world_bank_api,indicator,"Merchandise imports (current US$)",2024-12-31,,MV,TM.VAL.MRCH.CD.WT,3637000000.0,"current USD",,"{""country_name"": ""Maldives"", ""source"": ""World Development Indicators""}",2026-08-19T10:55:41.969097+00:00
1428,ef5f2d016baf58a70707395d23fb3b12866f26e43874fa2642a4db52dc291cc8,world_bank_api,indicator,"Merchandise imports (current US$)",2023-12-31,,MV,TM.VAL.MRCH.CD.WT,3497000000.0,"current USD",,"{""country_name"": ""Maldives"", ""source"": ""World Development Indicators""}",2026-08-19T10:55:41.969097+00:00
1429,ae467b93cfccb63301cc5ea090ab38acb07331c75968561a16de3c2dceb91624,world_bank_api,indicator,"Merchandise imports (current US$)",2025-12-31,,ML,TM.VAL.MRCH.CD.WT,6977000000.0,"current USD",,"{""country_name"": ""Mali"", ""source"": ""World Development Indicators""}",2026-08-19T10:55:41.969097+00:00
1430,9c079e0f1b7b8513a37cd571ec4225282764df8b53b2daeb76e4043179d9189d,world_bank_api,indicator,"Merchandise imports (current US$)",2024-12-31,,ML,TM.VAL.MRCH.CD.WT,6770000000.0,"current USD",,"{""country_name"": ""Mali"", ""source"": ""World Development Indicators""}",2026-08-19T10:55:41.969097+00:00
1431,d03ef1d112b20616f96d159d117160af5fd4e34a42751fa5649a4f4fa278c9dd,world_bank_api,indicator,"Merchandise imports (current US$)",2023-12-31,,ML,TM.VAL.MRCH.CD.WT,6987000000.0,"current USD",,"{""country_name"": ""Mali"", ""source"": ""World Development Indicators""}",2026-08-19T10:55:41.969097+00:00
1432,baeb7d6b56785ac473b1078817a07efc3def919da80354dda18003f739c13918,world_bank_api,indicator,"Merchandise imports (current US$)",2025-12-31,,MT,TM.VAL.MRCH.CD.WT,9217000000.0,"current USD",,"{""country_name"": ""Malta"", ""source"": ""World Development Indicators""}",2026-08-19T10:55:41.969097+00:00
1433,90b35b88c32653382a9041add62c33bc7d2e00e0c7b5646e10093d0a45523a48,world_bank_api,indicator,"Merchandise imports (current US$)",2024-12-31,,MT,TM.VAL.MRCH.CD.WT,9461000000.0,"current USD",,"{""country_name"": ""Malta"", ""source"": ""World Development Indicators""}",2026-08-19T10:55:41.969097+00:00
1434,3527c28b684afd74e22743e7e67b2472e2ce22f270755b6bedabfc09cfaab8e3,world_bank_api,indicator,"Merchandise imports (current US$)",2023-12-31,,MT,TM.VAL.MRCH.CD.WT,8402000000.0,"current USD",,"{""country_name"": ""Malta"", ""source"": ""World Development Indicators""}",2026-08-19T10:55:41.969097+00:00
1435,f6a48b6c5bb0c03753d84327a9ffc486f6ac5cfd182394663e8a03ad2aa827f1,world_bank_api,indicator,"Merchandise imports (current US$)",2025-12-31,,MH,TM.VAL.MRCH.CD.WT,111000000.0,"current USD",,"{""country_name"": ""Marshall Islands"", ""source"": ""World Development Indicators""}",2026-08-19T10:55:41.969097+00:00
1436,aff399089151ade818e99105b934dabc153bb8407505b2cf37055013ac80e16a,world_bank_api,indicator,"Merchandise imports (current US$)",2024-12-31,,MH,TM.VAL.MRCH.CD.WT,100000000.0,"current USD",,"{""country_name"": ""Marshall Islands"", ""source"": ""World Development Indicators""}",2026-08-19T10:55:41.969097+00:00
1437,b099ae85b43cad0b967705d567e5a978aed4bf831a84aeb64375b32dc1b9d9ce,world_bank_api,indicator,"Merchandise imports (current US$)",2023-12-31,,MH,TM.VAL.MRCH.CD.WT,104000000.0,"current USD",,"{""country_name"": ""Marshall Islands"", ""source"": ""World Development Indicators""}",2026-08-19T10:55:41.969097+00:00
1438,f367ec4b5f78520a1f86e8426c11646c99c7d044fa3b3a682f7ad701dbc48d34,world_bank_api,indicator,"Merchandise imports (current US$)",2025-12-31,,MR,TM.VAL.MRCH.CD.WT,5685000000.0,"current USD",,"{""country_name"": ""Mauritania"", ""source"": ""World Development Indicators""}",2026-08-19T10:55:41.969097+00:00
1439,2b835a8cf757a54590a1d98cd21be9d2dde8161c0ff67258a3b489de47eead18,world_bank_api,indicator,"Merchandise imports (current US$)",2024-12-31,,MR,TM.VAL.MRCH.CD.WT,4818000000.0,"current USD",,"{""country_name"": ""Mauritania"", ""source"": ""World Development Indicators""}",2026-08-19T10:55:41.969097+00:00
1440,7350fb98ed95e9a304f2f7601f0ffee0ed030857d59d93057bc60968ac77a067,world_bank_api,indicator,"Merchandise imports (current US$)",2023-12-31,,MR,TM.VAL.MRCH.CD.WT,4818000000.0,"current USD",,"{""country_name"": ""Mauritania"", ""source"": ""World Development Indicators""}",2026-08-19T10:55:41.969097+00:00
1441,e6b556a24dac0b23a3cb427b6f7442fc0ce83c498583de2f7a7bc52521e051c6,world_bank_api,indicator,"Merchandise imports (current US$)",2025-12-31,,MU,TM.VAL.MRCH.CD.WT,6936000000.0,"current USD",,"{""country_name"": ""Mauritius"", ""source"": ""World Development Indicators""}",2026-08-19T10:55:41.969097+00:00
1442,309f62db1a34542ba5bd0e1948471d65285aca55e5fd8018efdde36268287bf4,world_bank_api,indicator,"Merchandise imports (current US$)",2024-12-31,,MU,TM.VAL.MRCH.CD.WT,6843000000.0,"current USD",,"{""country_name"": ""Mauritius"", ""source"": ""World Development Indicators""}",2026-08-19T10:55:41.969097+00:00
1443,2dd31a56960a681fc9db881321c9c59068b08c2400aef32f52e6e7889c8620d9,world_bank_api,indicator,"Merchandise imports (current US$)",2023-12-31,,MU,TM.VAL.MRCH.CD.WT,6273000000.0,"current USD",,"{""country_name"": ""Mauritius"", ""source"": ""World Development Indicators""}",2026-08-19T10:55:41.969097+00:00
1444,a1f9af75135d555637c28b94c7b427c6ba3f894c0884044bb1e79734799e2422,world_bank_api,indicator,"Merchandise imports (current US$)",2025-12-31,,MX,TM.VAL.MRCH.CD.WT,683018000000.0,"current USD",,"{""country_name"": ""Mexico"", ""source"": ""World Development Indicators""}",2026-08-19T10:55:41.969097+00:00
1445,fea81d42412f3322fc8281fc4beeb084dd88d903fb7d8d7b573b8486c31cd28d,world_bank_api,indicator,"Merchandise imports (current US$)",2024-12-31,,MX,TM.VAL.MRCH.CD.WT,655300000000.0,"current USD",,"{""country_name"": ""Mexico"", ""source"": ""World Development Indicators""}",2026-08-19T10:55:41.969097+00:00
1446,2eea54ed3a043d26a213736cfac0ad34a2f911bf8d0745ed570a15af80f09c37,world_bank_api,indicator,"Merchandise imports (current US$)",2023-12-31,,MX,TM.VAL.MRCH.CD.WT,628457000000.0,"current USD",,"{""country_name"": ""Mexico"", ""source"": ""World Development Indicators""}",2026-08-19T10:55:41.969097+00:00
1447,0b6f7814452f84558559e4af37241555b0ced9dee75ef722bcbbfe056c2c5618,world_bank_api,indicator,"Merchandise imports (current US$)",2025-12-31,,FM,TM.VAL.MRCH.CD.WT,310000000.0,"current USD",,"{""country_name"": ""Micronesia, Fed. Sts."", ""source"": ""World Development Indicators""}",2026-08-19T10:55:41.969097+00:00
1448,f9d70dd4af46955b1e96837b85027aa9a183b502530f3532090d481e539c8a1d,world_bank_api,indicator,"Merchandise imports (current US$)",2024-12-31,,FM,TM.VAL.MRCH.CD.WT,291000000.0,"current USD",,"{""country_name"": ""Micronesia, Fed. Sts."", ""source"": ""World Development Indicators""}",2026-08-19T10:55:41.969097+00:00
1449,b86cf27a9073fb755e46fe7d195ea6831ce76f2023c8d002dcccc5b8ec68d468,world_bank_api,indicator,"Merchandise imports (current US$)",2023-12-31,,FM,TM.VAL.MRCH.CD.WT,301000000.0,"current USD",,"{""country_name"": ""Micronesia, Fed. Sts."", ""source"": ""World Development Indicators""}",2026-08-19T10:55:41.969097+00:00
1450,2c9a20c2c550730901847ffa237e2794c0219d5ffda35179f913c9ecb2757c32,world_bank_api,indicator,"Merchandise imports (current US$)",2025-12-31,,MD,TM.VAL.MRCH.CD.WT,10922000000.0,"current USD",,"{""country_name"": ""Moldova"", ""source"": ""World Development Indicators""}",2026-08-19T10:55:41.969097+00:00
1451,91c183a9f098233f67c29c78573d00a23ed5b5d70870bb84c4beba26b22d26da,world_bank_api,indicator,"Merchandise imports (current US$)",2024-12-31,,MD,TM.VAL.MRCH.CD.WT,9065000000.0,"current USD",,"{""country_name"": ""Moldova"", ""source"": ""World Development Indicators""}",2026-08-19T10:55:41.969097+00:00
1452,852db71c73a861b75cd0f3f939675d0110d15df8e4fb43178e515c8554f2bfe1,world_bank_api,indicator,"Merchandise imports (current US$)",2023-12-31,,MD,TM.VAL.MRCH.CD.WT,8675000000.0,"current USD",,"{""country_name"": ""Moldova"", ""source"": ""World Development Indicators""}",2026-08-19T10:55:41.969097+00:00
1453,ae19a42db586748432357461ae5cd1aaafc0f00d0704d3e4ff3c3984b3828c27,world_bank_api,indicator,"Merchandise imports (current US$)",2025-12-31,,MN,TM.VAL.MRCH.CD.WT,11312000000.0,"current USD",,"{""country_name"": ""Mongolia"", ""source"": ""World Development Indicators""}",2026-08-19T10:55:41.969097+00:00
1454,e9c58fe1d8f710afbfb1c1b2f3ec9729527c9cab9092c40a4456a2f50814c92a,world_bank_api,indicator,"Merchandise imports (current US$)",2024-12-31,,MN,TM.VAL.MRCH.CD.WT,11615000000.0,"current USD",,"{""country_name"": ""Mongolia"", ""source"": ""World Development Indicators""}",2026-08-19T10:55:41.969097+00:00
1455,80435f4457fdb0b8d1d64e42dd077c6466e49fe8062a92b6c0b656df49acc0ed,world_bank_api,indicator,"Merchandise imports (current US$)",2023-12-31,,MN,TM.VAL.MRCH.CD.WT,9250000000.0,"current USD",,"{""country_name"": ""Mongolia"", ""source"": ""World Development Indicators""}",2026-08-19T10:55:41.969097+00:00
1456,eb61515d3c66a59049476c48b6c1d2dda8b48740ba1c46ebf97ec68346b2eac7,world_bank_api,indicator,"Merchandise imports (current US$)",2025-12-31,,ME,TM.VAL.MRCH.CD.WT,5057000000.0,"current USD",,"{""country_name"": ""Montenegro"", ""source"": ""World Development Indicators""}",2026-08-19T10:55:41.969097+00:00
1457,c7ae229926d0e476746927ad2d0cc6dd4bb426d85dd733ab3b9d9e065f08e423,world_bank_api,indicator,"Merchandise imports (current US$)",2024-12-31,,ME,TM.VAL.MRCH.CD.WT,4400000000.0,"current USD",,"{""country_name"": ""Montenegro"", ""source"": ""World Development Indicators""}",2026-08-19T10:55:41.969097+00:00
1458,dd8b8e69e2403611a9a08d9d6dc27a7e7ca9fdedf3916eea7dc570d8b4c7d7e8,world_bank_api,indicator,"Merchandise imports (current US$)",2023-12-31,,ME,TM.VAL.MRCH.CD.WT,4122000000.0,"current USD",,"{""country_name"": ""Montenegro"", ""source"": ""World Development Indicators""}",2026-08-19T10:55:41.969097+00:00
1459,1a9ec3ef1cbe2588bd283e286f8f519c0cc15ee413e85c5ac2d494125bfe6bf5,world_bank_api,indicator,"Merchandise imports (current US$)",2025-12-31,,MA,TM.VAL.MRCH.CD.WT,87389000000.0,"current USD",,"{""country_name"": ""Morocco"", ""source"": ""World Development Indicators""}",2026-08-19T10:55:41.969097+00:00
1460,4df25ef6ff366c69a253968ce8b2ea15613d9771c10ca76444201e6a44ced737,world_bank_api,indicator,"Merchandise imports (current US$)",2024-12-31,,MA,TM.VAL.MRCH.CD.WT,75699000000.0,"current USD",,"{""country_name"": ""Morocco"", ""source"": ""World Development Indicators""}",2026-08-19T10:55:41.969097+00:00
1461,d98b62e97830cbec7a7f8e0eaf3f78df85568fc34743382a9baf94eb9e1cf150,world_bank_api,indicator,"Merchandise imports (current US$)",2023-12-31,,MA,TM.VAL.MRCH.CD.WT,68632000000.0,"current USD",,"{""country_name"": ""Morocco"", ""source"": ""World Development Indicators""}",2026-08-19T10:55:41.969097+00:00
1462,84d1d9303c3a7ef8541d98d4795abdc88091f7ce0f8ae0a98d83896016552bdb,world_bank_api,indicator,"Merchandise imports (current US$)",2025-12-31,,MZ,TM.VAL.MRCH.CD.WT,9210000000.0,"current USD",,"{""country_name"": ""Mozambique"", ""source"": ""World Development Indicators""}",2026-08-19T10:55:41.969097+00:00
1463,16858f9f5c371852d6b07d0e8092b21ee48bead7cdc1812fb5ea98514bb418a8,world_bank_api,indicator,"Merchandise imports (current US$)",2024-12-31,,MZ,TM.VAL.MRCH.CD.WT,9213000000.0,"current USD",,"{""country_name"": ""Mozambique"", ""source"": ""World Development Indicators""}",2026-08-19T10:55:41.969097+00:00
1464,23fff90bf96504f88b09f9079697991da1df0bca7973db9417ea49ee36653346,world_bank_api,indicator,"Merchandise imports (current US$)",2023-12-31,,MZ,TM.VAL.MRCH.CD.WT,10092000000.0,"current USD",,"{""country_name"": ""Mozambique"", ""source"": ""World Development Indicators""}",2026-08-19T10:55:41.969097+00:00
1465,00339966a4a5864172b2c304b533632611e2335169ed6e5dff8c1c5a9631f2d5,world_bank_api,indicator,"Merchandise imports (current US$)",2025-12-31,,MM,TM.VAL.MRCH.CD.WT,14331000000.0,"current USD",,"{""country_name"": ""Myanmar"", ""source"": ""World Development Indicators""}",2026-08-19T10:55:41.969097+00:00
1466,16515cd57ac49d1a61aa4bc6c1df60d546a58e464c3cec475544440a6c90f5dd,world_bank_api,indicator,"Merchandise imports (current US$)",2024-12-31,,MM,TM.VAL.MRCH.CD.WT,12452000000.0,"current USD",,"{""country_name"": ""Myanmar"", ""source"": ""World Development Indicators""}",2026-08-19T10:55:41.969097+00:00
1467,00e6c6cf59d44b9aaab55783c2ca5974a1d5d9b5dc8a701960f2499a62e20ae4,world_bank_api,indicator,"Merchandise imports (current US$)",2023-12-31,,MM,TM.VAL.MRCH.CD.WT,16440000000.0,"current USD",,"{""country_name"": ""Myanmar"", ""source"": ""World Development Indicators""}",2026-08-19T10:55:41.969097+00:00
1468,33767557e498f7da532c3141d40ceccae6887ea7e4c19ae7e25a8fb4fe013318,world_bank_api,indicator,"Merchandise imports (current US$)",2025-12-31,,NA,TM.VAL.MRCH.CD.WT,8425000000.0,"current USD",,"{""country_name"": ""Namibia"", ""source"": ""World Development Indicators""}",2026-08-19T10:55:41.969097+00:00
1469,c1abf7f9ebc01cf95345a25b3158708cb66efa4ba55dc35780f44cf75a5f7e07,world_bank_api,indicator,"Merchandise imports (current US$)",2024-12-31,,NA,TM.VAL.MRCH.CD.WT,8882000000.0,"current USD",,"{""country_name"": ""Namibia"", ""source"": ""World Development Indicators""}",2026-08-19T10:55:41.969097+00:00
1470,3b630d339d8c7ba2a992f6dd7bf2de4538f04bf7f529fd3694a4c22ddb3772a8,world_bank_api,indicator,"Merchandise imports (current US$)",2023-12-31,,NA,TM.VAL.MRCH.CD.WT,7300000000.0,"current USD",,"{""country_name"": ""Namibia"", ""source"": ""World Development Indicators""}",2026-08-19T10:55:41.969097+00:00
1471,56c17d02796b2a2e9c70fa38977398b020d1e71fe903ee2f79f311e6779be3a2,world_bank_api,indicator,"Merchandise imports (current US$)",2025-12-31,,NR,TM.VAL.MRCH.CD.WT,67000000.0,"current USD",,"{""country_name"": ""Naoero"", ""source"": ""World Development Indicators""}",2026-08-19T10:55:41.969097+00:00
1472,21462e97280d85e42afbe42a092979aa724374722f143af001e058187142ba51,world_bank_api,indicator,"Merchandise imports (current US$)",2024-12-31,,NR,TM.VAL.MRCH.CD.WT,63000000.0,"current USD",,"{""country_name"": ""Naoero"", ""source"": ""World Development Indicators""}",2026-08-19T10:55:41.969097+00:00
1473,7aa67e67450dbc7c553e357e87bb1ad664588de70718e206778a0ed3494e22a2,world_bank_api,indicator,"Merchandise imports (current US$)",2023-12-31,,NR,TM.VAL.MRCH.CD.WT,70000000.0,"current USD",,"{""country_name"": ""Naoero"", ""source"": ""World Development Indicators""}",2026-08-19T10:55:41.969097+00:00
1474,d4fe23ac4d4631ec82b0684e651e95dd364e26a992d548e0c1e4b2f9cbfb75ec,world_bank_api,indicator,"Merchandise imports (current US$)",2025-12-31,,NP,TM.VAL.MRCH.CD.WT,14397000000.0,"current USD",,"{""country_name"": ""Nepal"", ""source"": ""World Development Indicators""}",2026-08-19T10:55:41.969097+00:00
1475,dd4e2d436c64101809cdb07fac44d63e1faf864c7369e07b735c1bb0d11674d2,world_bank_api,indicator,"Merchandise imports (current US$)",2024-12-31,,NP,TM.VAL.MRCH.CD.WT,12316000000.0,"current USD",,"{""country_name"": ""Nepal"", ""source"": ""World Development Indicators""}",2026-08-19T10:55:41.969097+00:00
1476,edfcb5f9097e2cf684c5a9bb3ffef3ec377aa63c33be87750f834ce0c39132ad,world_bank_api,indicator,"Merchandise imports (current US$)",2023-12-31,,NP,TM.VAL.MRCH.CD.WT,12017000000.0,"current USD",,"{""country_name"": ""Nepal"", ""source"": ""World Development Indicators""}",2026-08-19T10:55:41.969097+00:00
1477,781681af149b5ad2ec3e7805d0d14adc2d66e576437ed263a2b85fa6170a0edd,world_bank_api,indicator,"Merchandise imports (current US$)",2025-12-31,,NL,TM.VAL.MRCH.CD.WT,870442000000.0,"current USD",,"{""country_name"": ""Netherlands"", ""source"": ""World Development Indicators""}",2026-08-19T10:55:41.969097+00:00
1478,56001a061efb1e1d930ed648389b1135504f74cd82ef2291e791a2ffff396954,world_bank_api,indicator,"Merchandise imports (current US$)",2024-12-31,,NL,TM.VAL.MRCH.CD.WT,816621000000.0,"current USD",,"{""country_name"": ""Netherlands"", ""source"": ""World Development Indicators""}",2026-08-19T10:55:41.969097+00:00
1479,57fe0ab1fb3603b1b428d965c7a14af2a56c994176541ed5bdf274c6dd88ed8d,world_bank_api,indicator,"Merchandise imports (current US$)",2023-12-31,,NL,TM.VAL.MRCH.CD.WT,843567000000.0,"current USD",,"{""country_name"": ""Netherlands"", ""source"": ""World Development Indicators""}",2026-08-19T10:55:41.969097+00:00
1480,ab7021cc560efa91d3b98656e4d2548439a15702f6160d8f2754606a5733056f,world_bank_api,indicator,"Merchandise imports (current US$)",2025-12-31,,NC,TM.VAL.MRCH.CD.WT,2118000000.0,"current USD",,"{""country_name"": ""New Caledonia"", ""source"": ""World Development Indicators""}",2026-08-19T10:55:41.969097+00:00
1481,929ba8ae7bb3d77c4b34ca602483c7000022b0738f39aad74f5f5faffaadc494,world_bank_api,indicator,"Merchandise imports (current US$)",2024-12-31,,NC,TM.VAL.MRCH.CD.WT,2276000000.0,"current USD",,"{""country_name"": ""New Caledonia"", ""source"": ""World Development Indicators""}",2026-08-19T10:55:41.969097+00:00
1482,6261ce2f4cb47cd342aa59728711c5ec6c97749b8ee59a5f182157ac127ba9c6,world_bank_api,indicator,"Merchandise imports (current US$)",2023-12-31,,NC,TM.VAL.MRCH.CD.WT,3195000000.0,"current USD",,"{""country_name"": ""New Caledonia"", ""source"": ""World Development Indicators""}",2026-08-19T10:55:41.969097+00:00
1483,107cc1d598a84732c705a9baea6dd7d67c4e2d99e68d2232151357da33501f1c,world_bank_api,indicator,"Merchandise imports (current US$)",2025-12-31,,NZ,TM.VAL.MRCH.CD.WT,47552000000.0,"current USD",,"{""country_name"": ""New Zealand"", ""source"": ""World Development Indicators""}",2026-08-19T10:55:41.969097+00:00
1484,89265782547c3d8ed21bd52c955975358943ea520de3b536faf751586e6edf65,world_bank_api,indicator,"Merchandise imports (current US$)",2024-12-31,,NZ,TM.VAL.MRCH.CD.WT,46862000000.0,"current USD",,"{""country_name"": ""New Zealand"", ""source"": ""World Development Indicators""}",2026-08-19T10:55:41.969097+00:00
1485,650206173036188ce5d394163b9941c9cadb36137c0fb846f2d5a05e800a733b,world_bank_api,indicator,"Merchandise imports (current US$)",2023-12-31,,NZ,TM.VAL.MRCH.CD.WT,49957000000.0,"current USD",,"{""country_name"": ""New Zealand"", ""source"": ""World Development Indicators""}",2026-08-19T10:55:41.969097+00:00
1486,49aa9663953b5fadd99b7183c23ede29acf3d36166b430115dd6fdd29fb8fef8,world_bank_api,indicator,"Merchandise imports (current US$)",2025-12-31,,NI,TM.VAL.MRCH.CD.WT,12432000000.0,"current USD",,"{""country_name"": ""Nicaragua"", ""source"": ""World Development Indicators""}",2026-08-19T10:55:41.969097+00:00
1487,5b7ea4b3747decd1268af7b2e8f438bfdf125cf1244d85ba783ef9ab1d50a388,world_bank_api,indicator,"Merchandise imports (current US$)",2024-12-31,,NI,TM.VAL.MRCH.CD.WT,11468000000.0,"current USD",,"{""country_name"": ""Nicaragua"", ""source"": ""World Development Indicators""}",2026-08-19T10:55:41.969097+00:00
1488,220f2138d930ee32f9b4bafc9bf2eccaf0411a808c6faeda5a12abb973e6bf30,world_bank_api,indicator,"Merchandise imports (current US$)",2023-12-31,,NI,TM.VAL.MRCH.CD.WT,10916000000.0,"current USD",,"{""country_name"": ""Nicaragua"", ""source"": ""World Development Indicators""}",2026-08-19T10:55:41.969097+00:00
1489,bb5530be175ac0b966c3825e8fbad0d71ebeb52f0ba889cdcd9e60391da0e7f1,world_bank_api,indicator,"Merchandise imports (current US$)",2025-12-31,,NE,TM.VAL.MRCH.CD.WT,2700000000.0,"current USD",,"{""country_name"": ""Niger"", ""source"": ""World Development Indicators""}",2026-08-19T10:55:41.969097+00:00
1490,b3f9093de48331f7937f1b05ae6559648794ef429bf54172a8c6b978655832dd,world_bank_api,indicator,"Merchandise imports (current US$)",2024-12-31,,NE,TM.VAL.MRCH.CD.WT,2526000000.0,"current USD",,"{""country_name"": ""Niger"", ""source"": ""World Development Indicators""}",2026-08-19T10:55:41.969097+00:00
1491,7cbea6f3fea5b3ab26663c6680b7c9514312674087683dd1fec031c492968dae,world_bank_api,indicator,"Merchandise imports (current US$)",2023-12-31,,NE,TM.VAL.MRCH.CD.WT,3262000000.0,"current USD",,"{""country_name"": ""Niger"", ""source"": ""World Development Indicators""}",2026-08-19T10:55:41.969097+00:00
1492,9cff6097da0c3de7036eeba411ee6260a3d4fb0680ae466d9b3966a7606c04f4,world_bank_api,indicator,"Merchandise imports (current US$)",2025-12-31,,NG,TM.VAL.MRCH.CD.WT,41450000000.0,"current USD",,"{""country_name"": ""Nigeria"", ""source"": ""World Development Indicators""}",2026-08-19T10:55:41.969097+00:00
1493,2450f30f6a6a69f0e8f982389585969c2ebb9195d815c745b90c8b97b03f57a7,world_bank_api,indicator,"Merchandise imports (current US$)",2024-12-31,,NG,TM.VAL.MRCH.CD.WT,41263000000.0,"current USD",,"{""country_name"": ""Nigeria"", ""source"": ""World Development Indicators""}",2026-08-19T10:55:41.969097+00:00
1494,4aa49482afe43a1f5b531b196aa69de258e29a5f67f72f9a082c2da3d603b6b2,world_bank_api,indicator,"Merchandise imports (current US$)",2023-12-31,,NG,TM.VAL.MRCH.CD.WT,49428000000.0,"current USD",,"{""country_name"": ""Nigeria"", ""source"": ""World Development Indicators""}",2026-08-19T10:55:41.969097+00:00
1495,8bdfb32bf44947f60d89b4e98ee233792437c3e13a2b7f52e7ef459a2243a13e,world_bank_api,indicator,"Merchandise imports (current US$)",2025-12-31,,MK,TM.VAL.MRCH.CD.WT,13059000000.0,"current USD",,"{""country_name"": ""North Macedonia"", ""source"": ""World Development Indicators""}",2026-08-19T10:55:41.969097+00:00
1496,254eac0b1e2ea1292c2195c7592bdf101c1c6b498b7656f9ad6599e5aef7cc51,world_bank_api,indicator,"Merchandise imports (current US$)",2024-12-31,,MK,TM.VAL.MRCH.CD.WT,11966000000.0,"current USD",,"{""country_name"": ""North Macedonia"", ""source"": ""World Development Indicators""}",2026-08-19T10:55:41.969097+00:00
1497,f63124f30f50cbe220f4bf39c8e81e878647b12ede93894715925f6a5987cd9b,world_bank_api,indicator,"Merchandise imports (current US$)",2023-12-31,,MK,TM.VAL.MRCH.CD.WT,12056000000.0,"current USD",,"{""country_name"": ""North Macedonia"", ""source"": ""World Development Indicators""}",2026-08-19T10:55:41.969097+00:00
1498,c2c579d939dd64575257eea60a10ac59c8af8de09de6789e03a9a3b8791e34e1,world_bank_api,indicator,"Merchandise imports (current US$)",2025-12-31,,MP,TM.VAL.MRCH.CD.WT,512000000.0,"current USD",,"{""country_name"": ""Northern Mariana Islands"", ""source"": ""World Development Indicators""}",2026-08-19T10:55:41.969097+00:00
1499,e11c6e51a179725067cf3545e1e0ba4211361d5e141c363d81d1a8134c83d77c,world_bank_api,indicator,"Merchandise imports (current US$)",2024-12-31,,MP,TM.VAL.MRCH.CD.WT,546000000.0,"current USD",,"{""country_name"": ""Northern Mariana Islands"", ""source"": ""World Development Indicators""}",2026-08-19T10:55:41.969097+00:00
1500,9cc65e352e05172a7c55dc664b15c197259000c0d9703aadc14cfaf88634e30d,world_bank_api,indicator,"Merchandise imports (current US$)",2023-12-31,,MP,TM.VAL.MRCH.CD.WT,558000000.0,"current USD",,"{""country_name"": ""Northern Mariana Islands"", ""source"": ""World Development Indicators""}",2026-08-19T10:55:41.969097+00:00
1501,1f1efef299686e461f36d5c77285e91eedb82ff41c98f21d5f6939664c45faec,world_bank_api,indicator,"Merchandise imports (current US$)",2025-12-31,,NO,TM.VAL.MRCH.CD.WT,107319000000.0,"current USD",,"{""country_name"": ""Norway"", ""source"": ""World Development Indicators""}",2026-08-19T10:55:41.969097+00:00
1502,3ff6210b7fc900e948d331a0a1bc9ca981851f08443a2d66956c37f454cbe24b,world_bank_api,indicator,"Merchandise imports (current US$)",2024-12-31,,NO,TM.VAL.MRCH.CD.WT,101127000000.0,"current USD",,"{""country_name"": ""Norway"", ""source"": ""World Development Indicators""}",2026-08-19T10:55:41.969097+00:00
1503,f4a19f1666c9088491ca03ef6790ca31a7addce15f103e03549869f32c3f0e4a,world_bank_api,indicator,"Merchandise imports (current US$)",2023-12-31,,NO,TM.VAL.MRCH.CD.WT,99529000000.0,"current USD",,"{""country_name"": ""Norway"", ""source"": ""World Development Indicators""}",2026-08-19T10:55:41.969097+00:00
1504,3bc8f146a84cadca82d2c9b4745303a1c11754a876349348d9f851c58738bbd4,world_bank_api,indicator,"Merchandise imports (current US$)",2025-12-31,,OM,TM.VAL.MRCH.CD.WT,44501000000.0,"current USD",,"{""country_name"": ""Oman"", ""source"": ""World Development Indicators""}",2026-08-19T10:55:41.969097+00:00
1505,f3dd0bb114bfefdffefce16b7572e1685dbbaf9a61c6633f8e8c18d851d70ffb,world_bank_api,indicator,"Merchandise imports (current US$)",2024-12-31,,OM,TM.VAL.MRCH.CD.WT,43467000000.0,"current USD",,"{""country_name"": ""Oman"", ""source"": ""World Development Indicators""}",2026-08-19T10:55:41.969097+00:00
1506,325055ce2aad501f1ecae6b2ff0354503fac1d275753f4beb9b2510ab5d0ae8f,world_bank_api,indicator,"Merchandise imports (current US$)",2023-12-31,,OM,TM.VAL.MRCH.CD.WT,38775000000.0,"current USD",,"{""country_name"": ""Oman"", ""source"": ""World Development Indicators""}",2026-08-19T10:55:41.969097+00:00
1507,2789b592cf82a7b3d1c139bf1892a452cdfa7bb9c3642e1e4c7d3feafc5482df,world_bank_api,indicator,"Merchandise imports (current US$)",2025-12-31,,PK,TM.VAL.MRCH.CD.WT,65849000000.0,"current USD",,"{""country_name"": ""Pakistan"", ""source"": ""World Development Indicators""}",2026-08-19T10:55:41.969097+00:00
1508,86bfbf494b7e9624ad821bc3060c76a227b9441db4f5b07a1bef0c6c4c5631a8,world_bank_api,indicator,"Merchandise imports (current US$)",2024-12-31,,PK,TM.VAL.MRCH.CD.WT,59426000000.0,"current USD",,"{""country_name"": ""Pakistan"", ""source"": ""World Development Indicators""}",2026-08-19T10:55:41.969097+00:00
1509,8de153cb82c75a822f739bd11df03282eec36d66b7c58c51048ca43921e559ef,world_bank_api,indicator,"Merchandise imports (current US$)",2023-12-31,,PK,TM.VAL.MRCH.CD.WT,50128000000.0,"current USD",,"{""country_name"": ""Pakistan"", ""source"": ""World Development Indicators""}",2026-08-19T10:55:41.969097+00:00
1510,29e8e1283a1400d127678a366166f633a89f6e4849c0bb401c06a4f479524293,world_bank_api,indicator,"Merchandise imports (current US$)",2025-12-31,,PW,TM.VAL.MRCH.CD.WT,162000000.0,"current USD",,"{""country_name"": ""Palau"", ""source"": ""World Development Indicators""}",2026-08-19T10:55:41.969097+00:00
1511,81dac680fccbc3e08125a559f741e9ac1ac18d183e081934c6db4d8bb2b73592,world_bank_api,indicator,"Merchandise imports (current US$)",2024-12-31,,PW,TM.VAL.MRCH.CD.WT,138000000.0,"current USD",,"{""country_name"": ""Palau"", ""source"": ""World Development Indicators""}",2026-08-19T10:55:41.969097+00:00
1512,bed4de31201ed32639461cc738d558666cf6f8bf6f099152e3bcad142ffad277,world_bank_api,indicator,"Merchandise imports (current US$)",2023-12-31,,PW,TM.VAL.MRCH.CD.WT,196000000.0,"current USD",,"{""country_name"": ""Palau"", ""source"": ""World Development Indicators""}",2026-08-19T10:55:41.969097+00:00
1513,428772796b835b8ca6abb5cb429a49f6ce5480d4206d6f180f90ec7c7bb46c39,world_bank_api,indicator,"Merchandise imports (current US$)",2025-12-31,,PA,TM.VAL.MRCH.CD.WT,25764000000.0,"current USD",,"{""country_name"": ""Panama"", ""source"": ""World Development Indicators""}",2026-08-19T10:55:41.969097+00:00
1514,255f743412026b090ad4a225b78e225e7a206cecce8f6b7a010607ba522137dc,world_bank_api,indicator,"Merchandise imports (current US$)",2024-12-31,,PA,TM.VAL.MRCH.CD.WT,26687000000.0,"current USD",,"{""country_name"": ""Panama"", ""source"": ""World Development Indicators""}",2026-08-19T10:55:41.969097+00:00
1515,d6d3ae3f126445165ff947c351bf6168af2d9ee9d332b963f685bbfea1149466,world_bank_api,indicator,"Merchandise imports (current US$)",2023-12-31,,PA,TM.VAL.MRCH.CD.WT,34285000000.0,"current USD",,"{""country_name"": ""Panama"", ""source"": ""World Development Indicators""}",2026-08-19T10:55:41.969097+00:00
1516,1ff86c0f98544fb320e6c97a58243ed204398e62a2c3c318db535e113fd26f09,world_bank_api,indicator,"Merchandise imports (current US$)",2025-12-31,,PG,TM.VAL.MRCH.CD.WT,4620000000.0,"current USD",,"{""country_name"": ""Papua New Guinea"", ""source"": ""World Development Indicators""}",2026-08-19T10:55:41.969097+00:00
1517,339f2d1f1ea2de15cc4a994f68e873337d9e0c9d786c57ac824d7b0c1d2ac073,world_bank_api,indicator,"Merchandise imports (current US$)",2024-12-31,,PG,TM.VAL.MRCH.CD.WT,5019000000.0,"current USD",,"{""country_name"": ""Papua New Guinea"", ""source"": ""World Development Indicators""}",2026-08-19T10:55:41.969097+00:00
1518,b7d343ef93d25de04e5ce26173486869b885fa900a5c8cc6d5d3fe063d89a7bf,world_bank_api,indicator,"Merchandise imports (current US$)",2023-12-31,,PG,TM.VAL.MRCH.CD.WT,5409000000.0,"current USD",,"{""country_name"": ""Papua New Guinea"", ""source"": ""World Development Indicators""}",2026-08-19T10:55:41.969097+00:00
1519,bdbbdd8aebd195be7c9ed8a629ca486651cb8c04b0422fcb7d5a594727d60533,world_bank_api,indicator,"Merchandise imports (current US$)",2025-12-31,,PY,TM.VAL.MRCH.CD.WT,19131000000.0,"current USD",,"{""country_name"": ""Paraguay"", ""source"": ""World Development Indicators""}",2026-08-19T10:55:41.969097+00:00
1520,20e89598651d08410e855debd43d0ec5985c70b1ca7a64f6fcf170bc646e063c,world_bank_api,indicator,"Merchandise imports (current US$)",2024-12-31,,PY,TM.VAL.MRCH.CD.WT,17210000000.0,"current USD",,"{""country_name"": ""Paraguay"", ""source"": ""World Development Indicators""}",2026-08-19T10:55:41.969097+00:00
1521,9f1fc517a4b9aa4d65be90840e18561fa30416e3ef94fd60ef7d9a5b79573e33,world_bank_api,indicator,"Merchandise imports (current US$)",2023-12-31,,PY,TM.VAL.MRCH.CD.WT,16105000000.0,"current USD",,"{""country_name"": ""Paraguay"", ""source"": ""World Development Indicators""}",2026-08-19T10:55:41.969097+00:00
1522,18b7328278ff1466defa76da4dcfa89c76666b3db18768c19d2d4a459873e35b,world_bank_api,indicator,"Merchandise imports (current US$)",2025-12-31,,PE,TM.VAL.MRCH.CD.WT,60631000000.0,"current USD",,"{""country_name"": ""Peru"", ""source"": ""World Development Indicators""}",2026-08-19T10:55:41.969097+00:00
1523,a99770804a95166a67f6c4afe6d3a86b9f07f2b75ec1921926a6a1ff9ae676c3,world_bank_api,indicator,"Merchandise imports (current US$)",2024-12-31,,PE,TM.VAL.MRCH.CD.WT,55200000000.0,"current USD",,"{""country_name"": ""Peru"", ""source"": ""World Development Indicators""}",2026-08-19T10:55:41.969097+00:00
1524,c8058adfadb9c74d74208519bc06161c21d0ba35b69df690b5eb1dae4a74f5a4,world_bank_api,indicator,"Merchandise imports (current US$)",2023-12-31,,PE,TM.VAL.MRCH.CD.WT,52395000000.0,"current USD",,"{""country_name"": ""Peru"", ""source"": ""World Development Indicators""}",2026-08-19T10:55:41.969097+00:00
1525,5fc505dc3a0aaf4b50904e629a2aeb37b687ea22eb534cd32489f99394766e84,world_bank_api,indicator,"Merchandise imports (current US$)",2025-12-31,,PH,TM.VAL.MRCH.CD.WT,141196000000.0,"current USD",,"{""country_name"": ""Philippines"", ""source"": ""World Development Indicators""}",2026-08-19T10:55:41.969097+00:00
1526,03db800057b453f2d4e39bd83101b799f5f5e54609d2baa7c683d6a68bd6b841,world_bank_api,indicator,"Merchandise imports (current US$)",2024-12-31,,PH,TM.VAL.MRCH.CD.WT,134882000000.0,"current USD",,"{""country_name"": ""Philippines"", ""source"": ""World Development Indicators""}",2026-08-19T10:55:41.969097+00:00
1527,f2b334f90592554b6829d89d5380c76ae0f245946ce63bba389298fcc0b98887,world_bank_api,indicator,"Merchandise imports (current US$)",2023-12-31,,PH,TM.VAL.MRCH.CD.WT,133806000000.0,"current USD",,"{""country_name"": ""Philippines"", ""source"": ""World Development Indicators""}",2026-08-19T10:55:41.969097+00:00
1528,03d12992fd56ed4782843d73ad4a08385cf971f4b1f99b1b6a625ab79057a19d,world_bank_api,indicator,"Merchandise imports (current US$)",2025-12-31,,PL,TM.VAL.MRCH.CD.WT,420914000000.0,"current USD",,"{""country_name"": ""Poland"", ""source"": ""World Development Indicators""}",2026-08-19T10:55:41.969097+00:00
1529,3562ebd4baeee0cf6bb9bf369d48baecc262d34ab11e88c5cbd7d39bab462a08,world_bank_api,indicator,"Merchandise imports (current US$)",2024-12-31,,PL,TM.VAL.MRCH.CD.WT,382259000000.0,"current USD",,"{""country_name"": ""Poland"", ""source"": ""World Development Indicators""}",2026-08-19T10:55:41.969097+00:00
1530,619d920e7d82042d67608f90b47df43a22177ed990695843e9c4c78939442a59,world_bank_api,indicator,"Merchandise imports (current US$)",2023-12-31,,PL,TM.VAL.MRCH.CD.WT,370076000000.0,"current USD",,"{""country_name"": ""Poland"", ""source"": ""World Development Indicators""}",2026-08-19T10:55:41.969097+00:00
1531,ad43f73cab2cc010a4d0e4afd637fbc6419dfca658880ea50bac8d845fb155cd,world_bank_api,indicator,"Merchandise imports (current US$)",2025-12-31,,PT,TM.VAL.MRCH.CD.WT,125854000000.0,"current USD",,"{""country_name"": ""Portugal"", ""source"": ""World Development Indicators""}",2026-08-19T10:55:41.969097+00:00
1532,00d05ca0a5f6a9d745ac9a2e20734b869a717137f729ed8e39c4f0da33f85448,world_bank_api,indicator,"Merchandise imports (current US$)",2024-12-31,,PT,TM.VAL.MRCH.CD.WT,116023000000.0,"current USD",,"{""country_name"": ""Portugal"", ""source"": ""World Development Indicators""}",2026-08-19T10:55:41.969097+00:00
1533,54c69b42f3963c6c4f06f87a74fcfee4664f71c127a770bec9273d497a6c194c,world_bank_api,indicator,"Merchandise imports (current US$)",2023-12-31,,PT,TM.VAL.MRCH.CD.WT,113683000000.0,"current USD",,"{""country_name"": ""Portugal"", ""source"": ""World Development Indicators""}",2026-08-19T10:55:41.969097+00:00
1534,712b5066167e93d36dd2b0054dfa2ddb77d2901b70d2b94a42edde0dbdf786fd,world_bank_api,indicator,"Merchandise imports (current US$)",2025-12-31,,QA,TM.VAL.MRCH.CD.WT,37537000000.0,"current USD",,"{""country_name"": ""Qatar"", ""source"": ""World Development Indicators""}",2026-08-19T10:55:41.969097+00:00
1535,eaf920974825e218cf263942ef20f9e224993eae0a5ece5c9c5ccd904a542c39,world_bank_api,indicator,"Merchandise imports (current US$)",2024-12-31,,QA,TM.VAL.MRCH.CD.WT,35800000000.0,"current USD",,"{""country_name"": ""Qatar"", ""source"": ""World Development Indicators""}",2026-08-19T10:55:41.969097+00:00
1536,4dc77b845018157ae9f7ede574480e16888513b74b085df89c5adb93be7b6be4,world_bank_api,indicator,"Merchandise imports (current US$)",2023-12-31,,QA,TM.VAL.MRCH.CD.WT,31431000000.0,"current USD",,"{""country_name"": ""Qatar"", ""source"": ""World Development Indicators""}",2026-08-19T10:55:41.969097+00:00
1537,afdba497258fae64c56016ba8ccb97c51e4ddbc61252daa3e696097f936d1bf5,world_bank_api,indicator,"Merchandise imports (current US$)",2025-12-31,,RO,TM.VAL.MRCH.CD.WT,146036000000.0,"current USD",,"{""country_name"": ""Romania"", ""source"": ""World Development Indicators""}",2026-08-19T10:55:41.969097+00:00
1538,cb10131c2b0e32f22943e288799e095a703d9c1342b39ef501a1c6a1df98fa08,world_bank_api,indicator,"Merchandise imports (current US$)",2024-12-31,,RO,TM.VAL.MRCH.CD.WT,136471000000.0,"current USD",,"{""country_name"": ""Romania"", ""source"": ""World Development Indicators""}",2026-08-19T10:55:41.969097+00:00
1539,ea593e30bf0388f7e17ecfee798f511b9ba6834005cab1e23558ec8ba4e5fdbd,world_bank_api,indicator,"Merchandise imports (current US$)",2023-12-31,,RO,TM.VAL.MRCH.CD.WT,131930000000.0,"current USD",,"{""country_name"": ""Romania"", ""source"": ""World Development Indicators""}",2026-08-19T10:55:41.969097+00:00
1540,3ed55685ea8a9805c0c78f60e7f24346240882c6ca41d0cc231ff56acecffb95,world_bank_api,indicator,"Merchandise imports (current US$)",2025-12-31,,RU,TM.VAL.MRCH.CD.WT,302710000000.0,"current USD",,"{""country_name"": ""Russian Federation"", ""source"": ""World Development Indicators""}",2026-08-19T10:55:41.969097+00:00
1541,0c0b71dd6f07bab1e4cb5b947e2c58f602f9c57ecb332032086b44b8f7179085,world_bank_api,indicator,"Merchandise imports (current US$)",2024-12-31,,RU,TM.VAL.MRCH.CD.WT,301550000000.0,"current USD",,"{""country_name"": ""Russian Federation"", ""source"": ""World Development Indicators""}",2026-08-19T10:55:41.969097+00:00
1542,43dba139a54e1491f750bbfdcc914f9e05191d5f55e893975b019d35c597e2bf,world_bank_api,indicator,"Merchandise imports (current US$)",2023-12-31,,RU,TM.VAL.MRCH.CD.WT,303086000000.0,"current USD",,"{""country_name"": ""Russian Federation"", ""source"": ""World Development Indicators""}",2026-08-19T10:55:41.969097+00:00
1543,1b20280d394cb8163386e90cec9b408b81b07698393808fe009a99b483504ac2,world_bank_api,indicator,"Merchandise imports (current US$)",2025-12-31,,RW,TM.VAL.MRCH.CD.WT,5070000000.0,"current USD",,"{""country_name"": ""Rwanda"", ""source"": ""World Development Indicators""}",2026-08-19T10:55:41.969097+00:00
1544,34eb7caed0a39f2fdbcb392ed092410175ebc34e2917783189430900dd44547b,world_bank_api,indicator,"Merchandise imports (current US$)",2024-12-31,,RW,TM.VAL.MRCH.CD.WT,6028000000.0,"current USD",,"{""country_name"": ""Rwanda"", ""source"": ""World Development Indicators""}",2026-08-19T10:55:41.969097+00:00
1545,cfdd35a5d85d9de1aa5f5ecc0a852be3233cd0d604397d874f2f7b20ebc2e244,world_bank_api,indicator,"Merchandise imports (current US$)",2023-12-31,,RW,TM.VAL.MRCH.CD.WT,5230000000.0,"current USD",,"{""country_name"": ""Rwanda"", ""source"": ""World Development Indicators""}",2026-08-19T10:55:41.969097+00:00
1546,7e3ff32a27d4d4960b6fe0cf4740c1a532a2fb8461dcc8cc408a4e74487ceb9c,world_bank_api,indicator,"Merchandise imports (current US$)",2025-12-31,,WS,TM.VAL.MRCH.CD.WT,467000000.0,"current USD",,"{""country_name"": ""Samoa"", ""source"": ""World Development Indicators""}",2026-08-19T10:55:41.969097+00:00
1547,ceaabae118b2bdb76b0f71d698af480fbc2ec8ae2324bc2de60d21275737819d,world_bank_api,indicator,"Merchandise imports (current US$)",2024-12-31,,WS,TM.VAL.MRCH.CD.WT,490000000.0,"current USD",,"{""country_name"": ""Samoa"", ""source"": ""World Development Indicators""}",2026-08-19T10:55:41.969097+00:00
1548,a17fab798bd39bb6c8f8b8b64e893b5f73fca199dd9688646559d30342af57a6,world_bank_api,indicator,"Merchandise imports (current US$)",2023-12-31,,WS,TM.VAL.MRCH.CD.WT,473000000.0,"current USD",,"{""country_name"": ""Samoa"", ""source"": ""World Development Indicators""}",2026-08-19T10:55:41.969097+00:00
1549,ba4359e2ac5581de23afdf80644f440e99edbd0ba6e161a0d767c2afefb6dbca,world_bank_api,indicator,"Merchandise imports (current US$)",2025-12-31,,ST,TM.VAL.MRCH.CD.WT,183000000.0,"current USD",,"{""country_name"": ""Sao Tome and Principe"", ""source"": ""World Development Indicators""}",2026-08-19T10:55:41.969097+00:00
1550,121c4695f520c33dda3a773ca3ef35fcf9fc846a2c7c43a02773bb1585cba95b,world_bank_api,indicator,"Merchandise imports (current US$)",2024-12-31,,ST,TM.VAL.MRCH.CD.WT,153000000.0,"current USD",,"{""country_name"": ""Sao Tome and Principe"", ""source"": ""World Development Indicators""}",2026-08-19T10:55:41.969097+00:00
1551,481bcc131bdc99dde319d4db0721101da72725d7db05708d5cb17f8d43ecfd1a,world_bank_api,indicator,"Merchandise imports (current US$)",2023-12-31,,ST,TM.VAL.MRCH.CD.WT,184000000.0,"current USD",,"{""country_name"": ""Sao Tome and Principe"", ""source"": ""World Development Indicators""}",2026-08-19T10:55:41.969097+00:00
1552,905e52b1145746b5cf7b2c805d591996ed2db09c506619dcf5419ecc71a95e6d,world_bank_api,indicator,"Merchandise imports (current US$)",2025-12-31,,SA,TM.VAL.MRCH.CD.WT,254063000000.0,"current USD",,"{""country_name"": ""Saudi Arabia"", ""source"": ""World Development Indicators""}",2026-08-19T10:55:41.969097+00:00
1553,278b3e9e2204fb888bd3913783290bc8adc8607a7cc83f501b9ca0545bc14aed,world_bank_api,indicator,"Merchandise imports (current US$)",2024-12-31,,SA,TM.VAL.MRCH.CD.WT,232806000000.0,"current USD",,"{""country_name"": ""Saudi Arabia"", ""source"": ""World Development Indicators""}",2026-08-19T10:55:41.969097+00:00
1554,e87a0bb5274e91e679539c0e5841e5b29600e88654d74343aaab6334c409c70e,world_bank_api,indicator,"Merchandise imports (current US$)",2023-12-31,,SA,TM.VAL.MRCH.CD.WT,206940000000.0,"current USD",,"{""country_name"": ""Saudi Arabia"", ""source"": ""World Development Indicators""}",2026-08-19T10:55:41.969097+00:00
1555,b1c5d35e410016b0bb44378760fb8e8c662659fa41585ccdae914770877af6db,world_bank_api,indicator,"Merchandise imports (current US$)",2025-12-31,,SN,TM.VAL.MRCH.CD.WT,11947000000.0,"current USD",,"{""country_name"": ""Senegal"", ""source"": ""World Development Indicators""}",2026-08-19T10:55:41.969097+00:00
1556,4cab270aa7930c6e5171d9c11105c971cfaf95b81a05bb5541df4b139fdbcdbc,world_bank_api,indicator,"Merchandise imports (current US$)",2024-12-31,,SN,TM.VAL.MRCH.CD.WT,11389000000.0,"current USD",,"{""country_name"": ""Senegal"", ""source"": ""World Development Indicators""}",2026-08-19T10:55:41.969097+00:00
1557,f773e61fe46611b5a1fb0c92acc17fc95f0a48da39c16433d09401b2927b0c4c,world_bank_api,indicator,"Merchandise imports (current US$)",2023-12-31,,SN,TM.VAL.MRCH.CD.WT,11879000000.0,"current USD",,"{""country_name"": ""Senegal"", ""source"": ""World Development Indicators""}",2026-08-19T10:55:41.969097+00:00
1558,f738ab8bab615bba3487d950ea288bb2780f237a2f1d7ddb8fb5747b43d651b5,world_bank_api,indicator,"Merchandise imports (current US$)",2025-12-31,,RS,TM.VAL.MRCH.CD.WT,47227000000.0,"current USD",,"{""country_name"": ""Serbia"", ""source"": ""World Development Indicators""}",2026-08-19T10:55:41.969097+00:00
1559,856410caac569b1e5900ef8e9d5fff5e6b731bbab7e1d781f76c5cb96e5faa09,world_bank_api,indicator,"Merchandise imports (current US$)",2024-12-31,,RS,TM.VAL.MRCH.CD.WT,42245000000.0,"current USD",,"{""country_name"": ""Serbia"", ""source"": ""World Development Indicators""}",2026-08-19T10:55:41.969097+00:00
1560,979c0bfb6e1ad8477f57aeb09f9d7d4b3eb1072a8e931172adf062d49df9cc5c,world_bank_api,indicator,"Merchandise imports (current US$)",2023-12-31,,RS,TM.VAL.MRCH.CD.WT,39838000000.0,"current USD",,"{""country_name"": ""Serbia"", ""source"": ""World Development Indicators""}",2026-08-19T10:55:41.969097+00:00
1561,74619aae495756b678431e5df3f79bffea29809cbf43df75c31332b01f0ad0df,world_bank_api,indicator,"Merchandise imports (current US$)",2025-12-31,,SC,TM.VAL.MRCH.CD.WT,1520000000.0,"current USD",,"{""country_name"": ""Seychelles"", ""source"": ""World Development Indicators""}",2026-08-19T10:55:41.969097+00:00
1562,7515a228a5f1f928e77fd1ebb2f741e9df86a055f2904a042cd8fc7da2659de0,world_bank_api,indicator,"Merchandise imports (current US$)",2024-12-31,,SC,TM.VAL.MRCH.CD.WT,1446000000.0,"current USD",,"{""country_name"": ""Seychelles"", ""source"": ""World Development Indicators""}",2026-08-19T10:55:41.969097+00:00
1563,3cbc387efd2b386a231f59956cb43b6e5e4fbdbbdc90e3e7eebe68a9e689a0d4,world_bank_api,indicator,"Merchandise imports (current US$)",2023-12-31,,SC,TM.VAL.MRCH.CD.WT,1451000000.0,"current USD",,"{""country_name"": ""Seychelles"", ""source"": ""World Development Indicators""}",2026-08-19T10:55:41.969097+00:00
1564,2144f969576f8eeb40612123b9af1f43cb971545f0761d4958e55a1ea4c2f87c,world_bank_api,indicator,"Merchandise imports (current US$)",2025-12-31,,SL,TM.VAL.MRCH.CD.WT,1893000000.0,"current USD",,"{""country_name"": ""Sierra Leone"", ""source"": ""World Development Indicators""}",2026-08-19T10:55:41.969097+00:00
1565,09f404aea866e1bb7ef313f874ac1abefaeae8547201d8e86f96795c1a2fc11d,world_bank_api,indicator,"Merchandise imports (current US$)",2024-12-31,,SL,TM.VAL.MRCH.CD.WT,2049000000.0,"current USD",,"{""country_name"": ""Sierra Leone"", ""source"": ""World Development Indicators""}",2026-08-19T10:55:41.969097+00:00
1566,51641825a68ecd4642f70ae880c3862212a5210910c59161eccbc7cc7510a704,world_bank_api,indicator,"Merchandise imports (current US$)",2023-12-31,,SL,TM.VAL.MRCH.CD.WT,1922000000.0,"current USD",,"{""country_name"": ""Sierra Leone"", ""source"": ""World Development Indicators""}",2026-08-19T10:55:41.969097+00:00
1567,371198827ab52678188e1151cec99bc779d701bd88dda78cd94ac932c898b7a3,world_bank_api,indicator,"Merchandise imports (current US$)",2025-12-31,,SG,TM.VAL.MRCH.CD.WT,505838000000.0,"current USD",,"{""country_name"": ""Singapore"", ""source"": ""World Development Indicators""}",2026-08-19T10:55:41.969097+00:00
1568,f078efdb0baf5dee3af29da3ce9e776453195d7ca0c29402c5a36e5b87e81d17,world_bank_api,indicator,"Merchandise imports (current US$)",2024-12-31,,SG,TM.VAL.MRCH.CD.WT,458686000000.0,"current USD",,"{""country_name"": ""Singapore"", ""source"": ""World Development Indicators""}",2026-08-19T10:55:41.969097+00:00
1569,a9abb71985e4fc55155462cd676af08ef2afcfb5fbe1c0833c01a40f3f136b0a,world_bank_api,indicator,"Merchandise imports (current US$)",2023-12-31,,SG,TM.VAL.MRCH.CD.WT,423448000000.0,"current USD",,"{""country_name"": ""Singapore"", ""source"": ""World Development Indicators""}",2026-08-19T10:55:41.969097+00:00
1570,4dafd95d916a50ce72af55b84f045badc52d2e9c5dedcb51d73488008f349dfe,world_bank_api,indicator,"Merchandise imports (current US$)",2025-12-31,,SX,TM.VAL.MRCH.CD.WT,1302000000.0,"current USD",,"{""country_name"": ""Sint Maarten (Dutch part)"", ""source"": ""World Development Indicators""}",2026-08-19T10:55:41.969097+00:00
1571,25a5070406fad1e5d638e0e065929a76dff3e07ab49ff7d1be6c04ca1acdaba3,world_bank_api,indicator,"Merchandise imports (current US$)",2024-12-31,,SX,TM.VAL.MRCH.CD.WT,1239000000.0,"current USD",,"{""country_name"": ""Sint Maarten (Dutch part)"", ""source"": ""World Development Indicators""}",2026-08-19T10:55:41.969097+00:00
1572,716252f4f1a1d985a3c6df5ad16b798ea593b143ae5f8b492abd4cf874217103,world_bank_api,indicator,"Merchandise imports (current US$)",2023-12-31,,SX,TM.VAL.MRCH.CD.WT,1164000000.0,"current USD",,"{""country_name"": ""Sint Maarten (Dutch part)"", ""source"": ""World Development Indicators""}",2026-08-19T10:55:41.969097+00:00
1573,2c3c145b5addbbd0da2fa773c661af3ac5e5bf77fa0eab03f5de88a188a7e186,world_bank_api,indicator,"Merchandise imports (current US$)",2025-12-31,,SK,TM.VAL.MRCH.CD.WT,122602000000.0,"current USD",,"{""country_name"": ""Slovak Republic"", ""source"": ""World Development Indicators""}",2026-08-19T10:55:41.969097+00:00
1574,82802fe990cbc3dc4b4253c643df8c4ec2e7242fd5e3dfdb702fa710eaac8a89,world_bank_api,indicator,"Merchandise imports (current US$)",2024-12-31,,SK,TM.VAL.MRCH.CD.WT,113803000000.0,"current USD",,"{""country_name"": ""Slovak Republic"", ""source"": ""World Development Indicators""}",2026-08-19T10:55:41.969097+00:00
1575,5d20204411a243066ce869be105640b4cedaa5972861aab63e62987ca82e1e4b,world_bank_api,indicator,"Merchandise imports (current US$)",2023-12-31,,SK,TM.VAL.MRCH.CD.WT,113524000000.0,"current USD",,"{""country_name"": ""Slovak Republic"", ""source"": ""World Development Indicators""}",2026-08-19T10:55:41.969097+00:00
1576,f2c2bf7f2a6801752e79a78815d826eecc9454c6d0b7c78b69de60cf781f4dc5,world_bank_api,indicator,"Merchandise imports (current US$)",2025-12-31,,SI,TM.VAL.MRCH.CD.WT,92525000000.0,"current USD",,"{""country_name"": ""Slovenia"", ""source"": ""World Development Indicators""}",2026-08-19T10:55:41.969097+00:00
1577,ebab9f3abb2a3d99c3c65b37496bff2785bf18c358efb34b13056b56c41fc97b,world_bank_api,indicator,"Merchandise imports (current US$)",2024-12-31,,SI,TM.VAL.MRCH.CD.WT,84455000000.0,"current USD",,"{""country_name"": ""Slovenia"", ""source"": ""World Development Indicators""}",2026-08-19T10:55:41.969097+00:00
1578,31e6a3a8687c40cc130779ae921f8955b7e1164fd64727b4e3bcf5eea050baef,world_bank_api,indicator,"Merchandise imports (current US$)",2023-12-31,,SI,TM.VAL.MRCH.CD.WT,71634000000.0,"current USD",,"{""country_name"": ""Slovenia"", ""source"": ""World Development Indicators""}",2026-08-19T10:55:41.969097+00:00
1579,f9cbeac62192fe30139ac577c47522ff6288c5dfdd14e9a975d9a8d4b7498c23,world_bank_api,indicator,"Merchandise imports (current US$)",2025-12-31,,SB,TM.VAL.MRCH.CD.WT,790000000.0,"current USD",,"{""country_name"": ""Solomon Islands"", ""source"": ""World Development Indicators""}",2026-08-19T10:55:41.969097+00:00
1580,0c1c111e9e41e650624c5db87524251cb19779dc2df8fd8c2df1c77dd4ee64df,world_bank_api,indicator,"Merchandise imports (current US$)",2024-12-31,,SB,TM.VAL.MRCH.CD.WT,739000000.0,"current USD",,"{""country_name"": ""Solomon Islands"", ""source"": ""World Development Indicators""}",2026-08-19T10:55:41.969097+00:00
1581,4f6d3433d8e8b52ae22d6f3aafbf08fe3be9d56b6604af2d67e8db49e83f3741,world_bank_api,indicator,"Merchandise imports (current US$)",2023-12-31,,SB,TM.VAL.MRCH.CD.WT,707000000.0,"current USD",,"{""country_name"": ""Solomon Islands"", ""source"": ""World Development Indicators""}",2026-08-19T10:55:41.969097+00:00
1582,1b61258b4329afbe29e5af8f6f42c83cd5ca2e1ace2d84088fefbcf5ff0c5eda,world_bank_api,indicator,"Merchandise imports (current US$)",2025-12-31,,SO,TM.VAL.MRCH.CD.WT,3930000000.0,"current USD",,"{""country_name"": ""Somalia, Fed. Rep."", ""source"": ""World Development Indicators""}",2026-08-19T10:55:41.969097+00:00
1583,375e893c90ec82563f6f1433be21370e021b121c911e1ea9e3d965efb0bb229a,world_bank_api,indicator,"Merchandise imports (current US$)",2024-12-31,,SO,TM.VAL.MRCH.CD.WT,3983000000.0,"current USD",,"{""country_name"": ""Somalia, Fed. Rep."", ""source"": ""World Development Indicators""}",2026-08-19T10:55:41.969097+00:00
1584,95a7a4811ca9c851df4e34a4834062372131811c79bbc6bcf56529bf2ea9620d,world_bank_api,indicator,"Merchandise imports (current US$)",2023-12-31,,SO,TM.VAL.MRCH.CD.WT,4015000000.0,"current USD",,"{""country_name"": ""Somalia, Fed. Rep."", ""source"": ""World Development Indicators""}",2026-08-19T10:55:41.969097+00:00
1585,01a904b3db1787b62fb5a46a89d6b7e864178d29fd72b3c9247e9ef4f9341a7d,world_bank_api,indicator,"Merchandise imports (current US$)",2025-12-31,,ZA,TM.VAL.MRCH.CD.WT,128080000000.0,"current USD",,"{""country_name"": ""South Africa"", ""source"": ""World Development Indicators""}",2026-08-19T10:55:41.969097+00:00
1586,4bf44baa90395c5d6aae3b28eb1403ecb5d09c72c80a5868eacfb010f644ce1f,world_bank_api,indicator,"Merchandise imports (current US$)",2024-12-31,,ZA,TM.VAL.MRCH.CD.WT,123470000000.0,"current USD",,"{""country_name"": ""South Africa"", ""source"": ""World Development Indicators""}",2026-08-19T10:55:41.969097+00:00
1587,94a6211a5bfeab0cfdb4699e748959481a724980a86708babceb3fc4d5438e2e,world_bank_api,indicator,"Merchandise imports (current US$)",2023-12-31,,ZA,TM.VAL.MRCH.CD.WT,130745000000.0,"current USD",,"{""country_name"": ""South Africa"", ""source"": ""World Development Indicators""}",2026-08-19T10:55:41.969097+00:00
1588,b341a9ebbaeb39e84b9137576ea30a1d0d09c9efe7ca10428a2ca899c4d7dbb3,world_bank_api,indicator,"Merchandise imports (current US$)",2025-12-31,,SS,TM.VAL.MRCH.CD.WT,1271000000.0,"current USD",,"{""country_name"": ""South Sudan"", ""source"": ""World Development Indicators""}",2026-08-19T10:55:41.969097+00:00
1589,63ab92bc9877da0c24d9fd497e0f597ff7d481a6a62fa151828d312251ecdbb8,world_bank_api,indicator,"Merchandise imports (current US$)",2024-12-31,,SS,TM.VAL.MRCH.CD.WT,1187000000.0,"current USD",,"{""country_name"": ""South Sudan"", ""source"": ""World Development Indicators""}",2026-08-19T10:55:41.969097+00:00
1590,d0ecd13c49a2cb1253d055c54b1df718fc7e83b61f546f8129254f0fb622c05d,world_bank_api,indicator,"Merchandise imports (current US$)",2023-12-31,,SS,TM.VAL.MRCH.CD.WT,1161000000.0,"current USD",,"{""country_name"": ""South Sudan"", ""source"": ""World Development Indicators""}",2026-08-19T10:55:41.969097+00:00
1591,75388d379a95fa7f73018a108fb4ffeaa1a7e6bbadb2214db103cebf790a3f96,world_bank_api,indicator,"Merchandise imports (current US$)",2025-12-31,,ES,TM.VAL.MRCH.CD.WT,513316000000.0,"current USD",,"{""country_name"": ""Spain"", ""source"": ""World Development Indicators""}",2026-08-19T10:55:41.969097+00:00
1592,51ce46b0d3092231ba8322fecd5c03cad9b7b96c30c4d3ed607c49fefe9fe5b4,world_bank_api,indicator,"Merchandise imports (current US$)",2024-12-31,,ES,TM.VAL.MRCH.CD.WT,479331000000.0,"current USD",,"{""country_name"": ""Spain"", ""source"": ""World Development Indicators""}",2026-08-19T10:55:41.969097+00:00
1593,e6cb0caa73f05774789a70307ebff3f4afb5cd398ac93b3e2e47d54c4decb257,world_bank_api,indicator,"Merchandise imports (current US$)",2023-12-31,,ES,TM.VAL.MRCH.CD.WT,469877000000.0,"current USD",,"{""country_name"": ""Spain"", ""source"": ""World Development Indicators""}",2026-08-19T10:55:41.969097+00:00
1594,4d01d4b220210a74c6baaeefd4452fa6a88a8479b7cf0f383d6710e0f248f8f4,world_bank_api,indicator,"Merchandise imports (current US$)",2025-12-31,,LK,TM.VAL.MRCH.CD.WT,21480000000.0,"current USD",,"{""country_name"": ""Sri Lanka"", ""source"": ""World Development Indicators""}",2026-08-19T10:55:41.969097+00:00
1595,b6c21d6b0fc84082673c69a20122f7c2341d3213158037c189152edb57f116a0,world_bank_api,indicator,"Merchandise imports (current US$)",2024-12-31,,LK,TM.VAL.MRCH.CD.WT,18842000000.0,"current USD",,"{""country_name"": ""Sri Lanka"", ""source"": ""World Development Indicators""}",2026-08-19T10:55:41.969097+00:00
1596,08a90e7061af5615f89c613949d919763dab49f9278207d89b9ee11a61806f1f,world_bank_api,indicator,"Merchandise imports (current US$)",2023-12-31,,LK,TM.VAL.MRCH.CD.WT,16811000000.0,"current USD",,"{""country_name"": ""Sri Lanka"", ""source"": ""World Development Indicators""}",2026-08-19T10:55:41.969097+00:00
1597,3a8dd2abefc40522bd28b93e683593504aa0fdd74c1e834157168cb4989cc9ee,world_bank_api,indicator,"Merchandise imports (current US$)",2025-12-31,,KN,TM.VAL.MRCH.CD.WT,410000000.0,"current USD",,"{""country_name"": ""St. Kitts and Nevis"", ""source"": ""World Development Indicators""}",2026-08-19T10:55:41.969097+00:00
1598,ce9efecb18cd7e99a336ff6712696ad38c4e6184e7eefc98b441303de83ff614,world_bank_api,indicator,"Merchandise imports (current US$)",2024-12-31,,KN,TM.VAL.MRCH.CD.WT,368000000.0,"current USD",,"{""country_name"": ""St. Kitts and Nevis"", ""source"": ""World Development Indicators""}",2026-08-19T10:55:41.969097+00:00
1599,f3007537e7a00b41c18d42a39f34662c6354630386e3bb604e6f52c8dcc80456,world_bank_api,indicator,"Merchandise imports (current US$)",2023-12-31,,KN,TM.VAL.MRCH.CD.WT,333000000.0,"current USD",,"{""country_name"": ""St. Kitts and Nevis"", ""source"": ""World Development Indicators""}",2026-08-19T10:55:41.969097+00:00
1600,0efc5a709759feccc8243ac06de7ac30fba78206d70a8afee919a8ded68a733c,world_bank_api,indicator,"Merchandise imports (current US$)",2025-12-31,,LC,TM.VAL.MRCH.CD.WT,1009000000.0,"current USD",,"{""country_name"": ""St. Lucia"", ""source"": ""World Development Indicators""}",2026-08-19T10:55:41.969097+00:00
1601,638b403d7fdb6379632c4bf008e6fb9bb641b4c566c655d0cc207b7ede06f702,world_bank_api,indicator,"Merchandise imports (current US$)",2024-12-31,,LC,TM.VAL.MRCH.CD.WT,964000000.0,"current USD",,"{""country_name"": ""St. Lucia"", ""source"": ""World Development Indicators""}",2026-08-19T10:55:41.969097+00:00
1602,419dd5c1f30b19a2845627d536b9d7a2124193f83f9c0d2677a72834ddf035f4,world_bank_api,indicator,"Merchandise imports (current US$)",2023-12-31,,LC,TM.VAL.MRCH.CD.WT,900000000.0,"current USD",,"{""country_name"": ""St. Lucia"", ""source"": ""World Development Indicators""}",2026-08-19T10:55:41.969097+00:00
1603,7c5ecb0e1132745d9482d66513750d5876af232087029ecc01328aa89f8743dd,world_bank_api,indicator,"Merchandise imports (current US$)",2025-12-31,,VC,TM.VAL.MRCH.CD.WT,509000000.0,"current USD",,"{""country_name"": ""St. Vincent and the Grenadines"", ""source"": ""World Development Indicators""}",2026-08-19T10:55:41.969097+00:00
1604,90c031e817d66a6879e77053126598ebd6dddac8770dffacac2a0303b1ca3146,world_bank_api,indicator,"Merchandise imports (current US$)",2024-12-31,,VC,TM.VAL.MRCH.CD.WT,506000000.0,"current USD",,"{""country_name"": ""St. Vincent and the Grenadines"", ""source"": ""World Development Indicators""}",2026-08-19T10:55:41.969097+00:00
1605,759a9a229b41de383b1ec58f585af7c7e0b23b5761d0c9aac4e3475f0e59bbf5,world_bank_api,indicator,"Merchandise imports (current US$)",2023-12-31,,VC,TM.VAL.MRCH.CD.WT,456000000.0,"current USD",,"{""country_name"": ""St. Vincent and the Grenadines"", ""source"": ""World Development Indicators""}",2026-08-19T10:55:41.969097+00:00
1606,8c659f303aec696300645dbcbdb5291c2e8d689c6bdabfa2e01d3b484ec7964d,world_bank_api,indicator,"Merchandise imports (current US$)",2025-12-31,,SD,TM.VAL.MRCH.CD.WT,6200000000.0,"current USD",,"{""country_name"": ""Sudan"", ""source"": ""World Development Indicators""}",2026-08-19T10:55:41.969097+00:00
1607,022ba42cc9fffca1cf2259be151caf694b035d3be39403ef713376083ffa2132,world_bank_api,indicator,"Merchandise imports (current US$)",2024-12-31,,SD,TM.VAL.MRCH.CD.WT,4911000000.0,"current USD",,"{""country_name"": ""Sudan"", ""source"": ""World Development Indicators""}",2026-08-19T10:55:41.969097+00:00
1608,76a46cc236ea6f10f8980114bd33afb65ceec804880cfaa94623888da4b508bf,world_bank_api,indicator,"Merchandise imports (current US$)",2023-12-31,,SD,TM.VAL.MRCH.CD.WT,7317000000.0,"current USD",,"{""country_name"": ""Sudan"", ""source"": ""World Development Indicators""}",2026-08-19T10:55:41.969097+00:00
1609,37c44bd558bc29adcd824fb8105aa677615bccc09ee9c8f3b56f5c949c4e4feb,world_bank_api,indicator,"Merchandise imports (current US$)",2025-12-31,,SR,TM.VAL.MRCH.CD.WT,2200000000.0,"current USD",,"{""country_name"": ""Suriname"", ""source"": ""World Development Indicators""}",2026-08-19T10:55:41.969097+00:00
1610,64a8416643248dfa18ba4cf8affed4dc3e4a643c78c05900bd1b49a3e4e70d4b,world_bank_api,indicator,"Merchandise imports (current US$)",2024-12-31,,SR,TM.VAL.MRCH.CD.WT,1751000000.0,"current USD",,"{""country_name"": ""Suriname"", ""source"": ""World Development Indicators""}",2026-08-19T10:55:41.969097+00:00
1611,49b721591c9311e6f54b77bb0613a4a7ad3d614c599949593d4c2ced6fb45a6d,world_bank_api,indicator,"Merchandise imports (current US$)",2023-12-31,,SR,TM.VAL.MRCH.CD.WT,1697000000.0,"current USD",,"{""country_name"": ""Suriname"", ""source"": ""World Development Indicators""}",2026-08-19T10:55:41.969097+00:00
1612,5c67660c8431b8fe0f08e4fe798f01eef7da5adf99e4eea67670b3090cfa4f1f,world_bank_api,indicator,"Merchandise imports (current US$)",2025-12-31,,SE,TM.VAL.MRCH.CD.WT,200981000000.0,"current USD",,"{""country_name"": ""Sweden"", ""source"": ""World Development Indicators""}",2026-08-19T10:55:41.969097+00:00
1613,e35df7cd209477e054546653008a1d4e783f4e0499ace0195cb06c9f309800bc,world_bank_api,indicator,"Merchandise imports (current US$)",2024-12-31,,SE,TM.VAL.MRCH.CD.WT,189669000000.0,"current USD",,"{""country_name"": ""Sweden"", ""source"": ""World Development Indicators""}",2026-08-19T10:55:41.969097+00:00
1614,3b741c4721dd2e52b453a1abee51f2f467ece226319b53f6f6d493faf7e2baa0,world_bank_api,indicator,"Merchandise imports (current US$)",2023-12-31,,SE,TM.VAL.MRCH.CD.WT,193138000000.0,"current USD",,"{""country_name"": ""Sweden"", ""source"": ""World Development Indicators""}",2026-08-19T10:55:41.969097+00:00
1615,019a66b9d6eef4573ac22c82bb564f6428fc4cfcfd6658300a5061a6c9a8a7fc,world_bank_api,indicator,"Merchandise imports (current US$)",2025-12-31,,CH,TM.VAL.MRCH.CD.WT,507429000000.0,"current USD",,"{""country_name"": ""Switzerland"", ""source"": ""World Development Indicators""}",2026-08-19T10:55:41.969097+00:00
1616,6ad63676201cf1dccf69c37b4893960908a20e9b16e08ca86afd6eda26f83db3,world_bank_api,indicator,"Merchandise imports (current US$)",2024-12-31,,CH,TM.VAL.MRCH.CD.WT,371955000000.0,"current USD",,"{""country_name"": ""Switzerland"", ""source"": ""World Development Indicators""}",2026-08-19T10:55:41.969097+00:00
1617,547278e92c86b32a439560be0bcf25981d10a7e703fe3eae50d7fc82fc102e37,world_bank_api,indicator,"Merchandise imports (current US$)",2023-12-31,,CH,TM.VAL.MRCH.CD.WT,365614000000.0,"current USD",,"{""country_name"": ""Switzerland"", ""source"": ""World Development Indicators""}",2026-08-19T10:55:41.969097+00:00
1618,92d103fb2b8ad7530f6d3077bcdcf6205a43357f1ecb52c339096269f4fc0263,world_bank_api,indicator,"Merchandise imports (current US$)",2025-12-31,,SY,TM.VAL.MRCH.CD.WT,7905000000.0,"current USD",,"{""country_name"": ""Syrian Arab Republic"", ""source"": ""World Development Indicators""}",2026-08-19T10:55:41.969097+00:00
1619,20feae4ff5e04b43bc866dd409dafd1be53e66a05fe20ffd914993cc10f9a3d0,world_bank_api,indicator,"Merchandise imports (current US$)",2024-12-31,,SY,TM.VAL.MRCH.CD.WT,6454000000.0,"current USD",,"{""country_name"": ""Syrian Arab Republic"", ""source"": ""World Development Indicators""}",2026-08-19T10:55:41.969097+00:00
1620,a77a5e5f10f33d0a00846b4ebf2c509d3ee1919577495a2bfa50d7538d765fd9,world_bank_api,indicator,"Merchandise imports (current US$)",2023-12-31,,SY,TM.VAL.MRCH.CD.WT,6001000000.0,"current USD",,"{""country_name"": ""Syrian Arab Republic"", ""source"": ""World Development Indicators""}",2026-08-19T10:55:41.969097+00:00
1621,228030032b379f35e6848963b1638d3c1000f19c7589aa34fcbe72c007da5d2e,world_bank_api,indicator,"Merchandise imports (current US$)",2025-12-31,,TJ,TM.VAL.MRCH.CD.WT,8307000000.0,"current USD",,"{""country_name"": ""Tajikistan"", ""source"": ""World Development Indicators""}",2026-08-19T10:55:41.969097+00:00
1622,82a5023bb6138f6428471480768527a7cfc4299ee1d68800209d001453a55799,world_bank_api,indicator,"Merchandise imports (current US$)",2024-12-31,,TJ,TM.VAL.MRCH.CD.WT,7010000000.0,"current USD",,"{""country_name"": ""Tajikistan"", ""source"": ""World Development Indicators""}",2026-08-19T10:55:41.969097+00:00
1623,6edfa6093e51a163df895700b257ed381ef7804f063fc4efe200728ad98eed22,world_bank_api,indicator,"Merchandise imports (current US$)",2023-12-31,,TJ,TM.VAL.MRCH.CD.WT,5880000000.0,"current USD",,"{""country_name"": ""Tajikistan"", ""source"": ""World Development Indicators""}",2026-08-19T10:55:41.969097+00:00
1624,7b35921ee6ab33ca2d817d4282fe71944cf71e17b31da2e226a757fe69422e76,world_bank_api,indicator,"Merchandise imports (current US$)",2025-12-31,,TZ,TM.VAL.MRCH.CD.WT,14810000000.0,"current USD",,"{""country_name"": ""Tanzania"", ""source"": ""World Development Indicators""}",2026-08-19T10:55:41.969097+00:00
1625,a49674514d2b8f18f9f8e86413413c0639cc647c441e9ee0762399b8d600d8fa,world_bank_api,indicator,"Merchandise imports (current US$)",2024-12-31,,TZ,TM.VAL.MRCH.CD.WT,14196000000.0,"current USD",,"{""country_name"": ""Tanzania"", ""source"": ""World Development Indicators""}",2026-08-19T10:55:41.969097+00:00
1626,4ec38ff0747d31c16cceb2e64555ce54eb1bbeb1f126304cf563d1a8bf0ee0c9,world_bank_api,indicator,"Merchandise imports (current US$)",2023-12-31,,TZ,TM.VAL.MRCH.CD.WT,13729000000.0,"current USD",,"{""country_name"": ""Tanzania"", ""source"": ""World Development Indicators""}",2026-08-19T10:55:41.969097+00:00
1627,4b96b865e5c3be07568149496e39c5b3019c9aa0044fc6ad232ed179b48c1e6f,world_bank_api,indicator,"Merchandise imports (current US$)",2025-12-31,,TH,TM.VAL.MRCH.CD.WT,344943000000.0,"current USD",,"{""country_name"": ""Thailand"", ""source"": ""World Development Indicators""}",2026-08-19T10:55:41.969097+00:00
1628,cfb1b02bee2c7b93c374fb39d93a83b3f902650b0f8b6adf0274053f4d80c9be,world_bank_api,indicator,"Merchandise imports (current US$)",2024-12-31,,TH,TM.VAL.MRCH.CD.WT,305523000000.0,"current USD",,"{""country_name"": ""Thailand"", ""source"": ""World Development Indicators""}",2026-08-19T10:55:41.969097+00:00
1629,956b65b28c6696278ffad676f8c05fc8249ea43a83b22e85413d24a437926173,world_bank_api,indicator,"Merchandise imports (current US$)",2023-12-31,,TH,TM.VAL.MRCH.CD.WT,288509000000.0,"current USD",,"{""country_name"": ""Thailand"", ""source"": ""World Development Indicators""}",2026-08-19T10:55:41.969097+00:00
1630,d210f52f353712862ad98664bf8cf7f7d83d432c3dd0f5c06782549bd90ab8a5,world_bank_api,indicator,"Merchandise imports (current US$)",2025-12-31,,TL,TM.VAL.MRCH.CD.WT,979000000.0,"current USD",,"{""country_name"": ""Timor-Leste"", ""source"": ""World Development Indicators""}",2026-08-19T10:55:41.969097+00:00
1631,3a45306c7170d6d1c9dab4dae2b187af2bb31e2f09f292e597ba47578f931d73,world_bank_api,indicator,"Merchandise imports (current US$)",2024-12-31,,TL,TM.VAL.MRCH.CD.WT,978000000.0,"current USD",,"{""country_name"": ""Timor-Leste"", ""source"": ""World Development Indicators""}",2026-08-19T10:55:41.969097+00:00
1632,313f27bbbfe10196175529d50cd7ba7458238822c01fe0b7dfad29c103fcb336,world_bank_api,indicator,"Merchandise imports (current US$)",2023-12-31,,TL,TM.VAL.MRCH.CD.WT,904000000.0,"current USD",,"{""country_name"": ""Timor-Leste"", ""source"": ""World Development Indicators""}",2026-08-19T10:55:41.969097+00:00
1633,d21001b4b8b99d66d01595d8207b15103676dfca4b7689751d4ed80a6e6ffcaf,world_bank_api,indicator,"Merchandise imports (current US$)",2025-12-31,,TG,TM.VAL.MRCH.CD.WT,3400000000.0,"current USD",,"{""country_name"": ""Togo"", ""source"": ""World Development Indicators""}",2026-08-19T10:55:41.969097+00:00
1634,d270785079cf8450eabb5eba39971b3e438fd270080456a124d91065b461c17b,world_bank_api,indicator,"Merchandise imports (current US$)",2024-12-31,,TG,TM.VAL.MRCH.CD.WT,3225000000.0,"current USD",,"{""country_name"": ""Togo"", ""source"": ""World Development Indicators""}",2026-08-19T10:55:41.969097+00:00
1635,748c4a5f65fc97fce112cff434a628c6bbd1df25c0c15c16e28b6553871ae66c,world_bank_api,indicator,"Merchandise imports (current US$)",2023-12-31,,TG,TM.VAL.MRCH.CD.WT,3259000000.0,"current USD",,"{""country_name"": ""Togo"", ""source"": ""World Development Indicators""}",2026-08-19T10:55:41.969097+00:00
1636,b989e00bb89455b01e9b7e7d09491ffe95739f6c450d8a23dac6d92605f003ad,world_bank_api,indicator,"Merchandise imports (current US$)",2025-12-31,,TO,TM.VAL.MRCH.CD.WT,255000000.0,"current USD",,"{""country_name"": ""Tonga"", ""source"": ""World Development Indicators""}",2026-08-19T10:55:41.969097+00:00
1637,174063b96ebe56cb59d90c02e74ec44648d2ee2fc18541e8699a734a452f63cf,world_bank_api,indicator,"Merchandise imports (current US$)",2024-12-31,,TO,TM.VAL.MRCH.CD.WT,295000000.0,"current USD",,"{""country_name"": ""Tonga"", ""source"": ""World Development Indicators""}",2026-08-19T10:55:41.969097+00:00
1638,f8e93218333204f6fc1a3bdba8aecff1d8b1d2d37739238e54407b090019620f,world_bank_api,indicator,"Merchandise imports (current US$)",2023-12-31,,TO,TM.VAL.MRCH.CD.WT,272000000.0,"current USD",,"{""country_name"": ""Tonga"", ""source"": ""World Development Indicators""}",2026-08-19T10:55:41.969097+00:00
1639,9781c7020f9996cc8338adafb716addecad15b3f3f73dd74638d438fdce83bf0,world_bank_api,indicator,"Merchandise imports (current US$)",2025-12-31,,TT,TM.VAL.MRCH.CD.WT,5797000000.0,"current USD",,"{""country_name"": ""Trinidad and Tobago"", ""source"": ""World Development Indicators""}",2026-08-19T10:55:41.969097+00:00
1640,70db190a6c4d12ced7dab5adc9b6b858b2bbdd536ceb350d5b0f6be34effafe4,world_bank_api,indicator,"Merchandise imports (current US$)",2024-12-31,,TT,TM.VAL.MRCH.CD.WT,7669000000.0,"current USD",,"{""country_name"": ""Trinidad and Tobago"", ""source"": ""World Development Indicators""}",2026-08-19T10:55:41.969097+00:00
1641,b6cfbe767318666f6421007aaf33ff1b654ec4bc7f48c509a1519f939a7b074d,world_bank_api,indicator,"Merchandise imports (current US$)",2023-12-31,,TT,TM.VAL.MRCH.CD.WT,9163000000.0,"current USD",,"{""country_name"": ""Trinidad and Tobago"", ""source"": ""World Development Indicators""}",2026-08-19T10:55:41.969097+00:00
1642,ea4f53da136bb72bc942eb4016c7134342ece4259a83021c92d2f4cd706b6c8f,world_bank_api,indicator,"Merchandise imports (current US$)",2025-12-31,,TN,TM.VAL.MRCH.CD.WT,28591000000.0,"current USD",,"{""country_name"": ""Tunisia"", ""source"": ""World Development Indicators""}",2026-08-19T10:55:41.969097+00:00
1643,b072634339b20e1f4c6b0d9f81a56b4145c9cc1afbdc6bd484f6d66941eb77fc,world_bank_api,indicator,"Merchandise imports (current US$)",2024-12-31,,TN,TM.VAL.MRCH.CD.WT,26070000000.0,"current USD",,"{""country_name"": ""Tunisia"", ""source"": ""World Development Indicators""}",2026-08-19T10:55:41.969097+00:00
1644,afa5d4f6a02f006cf1babb4c32dadb879440c135493417ebebc5ca49d4e16e44,world_bank_api,indicator,"Merchandise imports (current US$)",2023-12-31,,TN,TM.VAL.MRCH.CD.WT,25485000000.0,"current USD",,"{""country_name"": ""Tunisia"", ""source"": ""World Development Indicators""}",2026-08-19T10:55:41.969097+00:00
1645,316c0aa93fdf3934148883d9b210b096bb425f5b03fad880ad3dbe0d63a915c8,world_bank_api,indicator,"Merchandise imports (current US$)",2025-12-31,,TR,TM.VAL.MRCH.CD.WT,365370000000.0,"current USD",,"{""country_name"": ""Turkiye"", ""source"": ""World Development Indicators""}",2026-08-19T10:55:41.969097+00:00
1646,09a665fc54a6c1523088a86c30d04cc46e68779d484aa2c72a6de456e8a44fba,world_bank_api,indicator,"Merchandise imports (current US$)",2024-12-31,,TR,TM.VAL.MRCH.CD.WT,344010000000.0,"current USD",,"{""country_name"": ""Turkiye"", ""source"": ""World Development Indicators""}",2026-08-19T10:55:41.969097+00:00
1647,1657d778d88b81ab779fff11b7042a4ade974b3f2958aaf00dc99d1e44286afc,world_bank_api,indicator,"Merchandise imports (current US$)",2023-12-31,,TR,TM.VAL.MRCH.CD.WT,361967000000.0,"current USD",,"{""country_name"": ""Turkiye"", ""source"": ""World Development Indicators""}",2026-08-19T10:55:41.969097+00:00
1648,aa5a5e95896f4e1682841396c3714dc13d8f2abea38bccc132c0a9ef6be89482,world_bank_api,indicator,"Merchandise imports (current US$)",2025-12-31,,TM,TM.VAL.MRCH.CD.WT,4761000000.0,"current USD",,"{""country_name"": ""Turkmenistan"", ""source"": ""World Development Indicators""}",2026-08-19T10:55:41.969097+00:00
1649,e0ef0c2389d22c0c23f3e3315ae8ef5dc05640c74123164d5544c90e3fbad76a,world_bank_api,indicator,"Merchandise imports (current US$)",2024-12-31,,TM,TM.VAL.MRCH.CD.WT,4419000000.0,"current USD",,"{""country_name"": ""Turkmenistan"", ""source"": ""World Development Indicators""}",2026-08-19T10:55:41.969097+00:00
1650,28bbe87fb1e9f26223082f9f372f8f2a74cae78efbd53e8c410b698e5e5ae161,world_bank_api,indicator,"Merchandise imports (current US$)",2023-12-31,,TM,TM.VAL.MRCH.CD.WT,4436000000.0,"current USD",,"{""country_name"": ""Turkmenistan"", ""source"": ""World Development Indicators""}",2026-08-19T10:55:41.969097+00:00
1651,96601af44b3c3b85f5581da72fbac7477827fe80941664395a4c969b1967305e,world_bank_api,indicator,"Merchandise imports (current US$)",2025-12-31,,TC,TM.VAL.MRCH.CD.WT,485000000.0,"current USD",,"{""country_name"": ""Turks and Caicos Islands"", ""source"": ""World Development Indicators""}",2026-08-19T10:55:41.969097+00:00
1652,b5ec82ffd1fdbaa2f7c98a95ae807b6d71b03fd6548c8fbfdd3428b91e87b0e0,world_bank_api,indicator,"Merchandise imports (current US$)",2024-12-31,,TC,TM.VAL.MRCH.CD.WT,453000000.0,"current USD",,"{""country_name"": ""Turks and Caicos Islands"", ""source"": ""World Development Indicators""}",2026-08-19T10:55:41.969097+00:00
1653,74a3d92bf8544f534cdc79382fa6d09bc69ef8b9e01552e2c0170450f0de908c,world_bank_api,indicator,"Merchandise imports (current US$)",2023-12-31,,TC,TM.VAL.MRCH.CD.WT,443000000.0,"current USD",,"{""country_name"": ""Turks and Caicos Islands"", ""source"": ""World Development Indicators""}",2026-08-19T10:55:41.969097+00:00
1654,3e2cce7777309a92967abc0abc1faef65bf6ce99a6debc41a67dff7a51dc928f,world_bank_api,indicator,"Merchandise imports (current US$)",2025-12-31,,TV,TM.VAL.MRCH.CD.WT,27000000.0,"current USD",,"{""country_name"": ""Tuvalu"", ""source"": ""World Development Indicators""}",2026-08-19T10:55:41.969097+00:00
1655,3ce6e1fa277726f39f603661d63bcb060477bd9c85b06ee30bb19ccc00a3315c,world_bank_api,indicator,"Merchandise imports (current US$)",2024-12-31,,TV,TM.VAL.MRCH.CD.WT,41000000.0,"current USD",,"{""country_name"": ""Tuvalu"", ""source"": ""World Development Indicators""}",2026-08-19T10:55:41.969097+00:00
1656,f67dc96e19132136b6f015505867138dcb66b8c6309a2e1b3d524c59793aa83f,world_bank_api,indicator,"Merchandise imports (current US$)",2023-12-31,,TV,TM.VAL.MRCH.CD.WT,43000000.0,"current USD",,"{""country_name"": ""Tuvalu"", ""source"": ""World Development Indicators""}",2026-08-19T10:55:41.969097+00:00
1657,608754be8a8607ceb8d2acb7819b385a41319de94163fca54e4a9d2fba6c5404,world_bank_api,indicator,"Merchandise imports (current US$)",2025-12-31,,UG,TM.VAL.MRCH.CD.WT,18400000000.0,"current USD",,"{""country_name"": ""Uganda"", ""source"": ""World Development Indicators""}",2026-08-19T10:55:41.969097+00:00
1658,2f7c17b907747774c20d834154e502019d06b151355655e8fa414aecb355cb49,world_bank_api,indicator,"Merchandise imports (current US$)",2024-12-31,,UG,TM.VAL.MRCH.CD.WT,13833000000.0,"current USD",,"{""country_name"": ""Uganda"", ""source"": ""World Development Indicators""}",2026-08-19T10:55:41.969097+00:00
1659,415ae00917af78fc22edbffbaeabc2102172ba707cf649f019add865f23e34c9,world_bank_api,indicator,"Merchandise imports (current US$)",2023-12-31,,UG,TM.VAL.MRCH.CD.WT,11780000000.0,"current USD",,"{""country_name"": ""Uganda"", ""source"": ""World Development Indicators""}",2026-08-19T10:55:41.969097+00:00
1660,cf5123ddb216bdd7de5325d226861bea382c507a1b5c42ef1a0e7eac832c481a,world_bank_api,indicator,"Merchandise imports (current US$)",2025-12-31,,UA,TM.VAL.MRCH.CD.WT,83573000000.0,"current USD",,"{""country_name"": ""Ukraine"", ""source"": ""World Development Indicators""}",2026-08-19T10:55:41.969097+00:00
1661,35ac5f5b86a2ac95ede8e009d883cb3f2f66dfe90886ba29c7d8731d4f2e8450,world_bank_api,indicator,"Merchandise imports (current US$)",2024-12-31,,UA,TM.VAL.MRCH.CD.WT,70772000000.0,"current USD",,"{""country_name"": ""Ukraine"", ""source"": ""World Development Indicators""}",2026-08-19T10:55:41.969097+00:00
1662,92d0966ae3c6dc9027578de86e0a797d70328b10c4956e01dcdce5c4709c588b,world_bank_api,indicator,"Merchandise imports (current US$)",2023-12-31,,UA,TM.VAL.MRCH.CD.WT,63765000000.0,"current USD",,"{""country_name"": ""Ukraine"", ""source"": ""World Development Indicators""}",2026-08-19T10:55:41.969097+00:00
1663,06eee651412d879735d2942115d9b15f893597b82d2f53b589ac1162aa4c6074,world_bank_api,indicator,"Merchandise imports (current US$)",2025-12-31,,AE,TM.VAL.MRCH.CD.WT,618875000000.0,"current USD",,"{""country_name"": ""United Arab Emirates"", ""source"": ""World Development Indicators""}",2026-08-19T10:55:41.969097+00:00
1664,ec68dbd6547091b6403fcc9eb6866312396ea67b9d153f8e1d7e91d94275c0f3,world_bank_api,indicator,"Merchandise imports (current US$)",2024-12-31,,AE,TM.VAL.MRCH.CD.WT,544100000000.0,"current USD",,"{""country_name"": ""United Arab Emirates"", ""source"": ""World Development Indicators""}",2026-08-19T10:55:41.969097+00:00
1665,c380266e94bda7225c342214145937fa86666b004ad50d9193836492a9d7724f,world_bank_api,indicator,"Merchandise imports (current US$)",2023-12-31,,AE,TM.VAL.MRCH.CD.WT,470536000000.0,"current USD",,"{""country_name"": ""United Arab Emirates"", ""source"": ""World Development Indicators""}",2026-08-19T10:55:41.969097+00:00
1666,1c43b79b5bcf78fec137c15b6e63408f8f57830a2d1b93e04f81e77e9a6419df,world_bank_api,indicator,"Merchandise imports (current US$)",2025-12-31,,GB,TM.VAL.MRCH.CD.WT,948641000000.0,"current USD",,"{""country_name"": ""United Kingdom"", ""source"": ""World Development Indicators""}",2026-08-19T10:55:41.969097+00:00
1667,4bbd00ec5a5ea098842fd8dd94ead6e5eb30d9b7c1adf1a4c81599b58292d87a,world_bank_api,indicator,"Merchandise imports (current US$)",2024-12-31,,GB,TM.VAL.MRCH.CD.WT,820194000000.0,"current USD",,"{""country_name"": ""United Kingdom"", ""source"": ""World Development Indicators""}",2026-08-19T10:55:41.969097+00:00
1668,bb283e5c093dd3dc36be0314bedb17955291f55f1dfd49f0b956e8f0bd73c24e,world_bank_api,indicator,"Merchandise imports (current US$)",2023-12-31,,GB,TM.VAL.MRCH.CD.WT,791544000000.0,"current USD",,"{""country_name"": ""United Kingdom"", ""source"": ""World Development Indicators""}",2026-08-19T10:55:41.969097+00:00
1669,ee004d88754905dec298eacebb914849deb222514c880f7bdb9fad93d285a86d,world_bank_api,indicator,"Merchandise imports (current US$)",2025-12-31,,UY,TM.VAL.MRCH.CD.WT,12950000000.0,"current USD",,"{""country_name"": ""Uruguay"", ""source"": ""World Development Indicators""}",2026-08-19T10:55:41.969097+00:00
1670,c70039f7999888d7f9d65eccc8b99aa469452d5b67713a9a2301b99d63471f6d,world_bank_api,indicator,"Merchandise imports (current US$)",2024-12-31,,UY,TM.VAL.MRCH.CD.WT,12523000000.0,"current USD",,"{""country_name"": ""Uruguay"", ""source"": ""World Development Indicators""}",2026-08-19T10:55:41.969097+00:00
1671,557dbfacb4d8f52836d3bf883ce48f5705cf1e96f1543ce932ca37d24c24d84e,world_bank_api,indicator,"Merchandise imports (current US$)",2023-12-31,,UY,TM.VAL.MRCH.CD.WT,12486000000.0,"current USD",,"{""country_name"": ""Uruguay"", ""source"": ""World Development Indicators""}",2026-08-19T10:55:41.969097+00:00
1672,5f63f19f60c36fb2e6310fda9a68f02fbdff01ca0aea15758e91bb2a5352a955,world_bank_api,indicator,"Merchandise imports (current US$)",2025-12-31,,UZ,TM.VAL.MRCH.CD.WT,41746000000.0,"current USD",,"{""country_name"": ""Uzbekistan"", ""source"": ""World Development Indicators""}",2026-08-19T10:55:41.969097+00:00
1673,0eaba4d5260a780ab00f72dddc52723d6a2eb7b747b07e78d0a9ccf9df19e916,world_bank_api,indicator,"Merchandise imports (current US$)",2024-12-31,,UZ,TM.VAL.MRCH.CD.WT,35238000000.0,"current USD",,"{""country_name"": ""Uzbekistan"", ""source"": ""World Development Indicators""}",2026-08-19T10:55:41.969097+00:00
1674,eaea1f8de2504c1893b8f5976fbd5604831b4c4fb9b76d2b508e482266320771,world_bank_api,indicator,"Merchandise imports (current US$)",2023-12-31,,UZ,TM.VAL.MRCH.CD.WT,35575000000.0,"current USD",,"{""country_name"": ""Uzbekistan"", ""source"": ""World Development Indicators""}",2026-08-19T10:55:41.969097+00:00
1675,39cc2835908fe78724ae13cc330188a26097804426bde163add0fadb5e317b44,world_bank_api,indicator,"Merchandise imports (current US$)",2025-12-31,,VU,TM.VAL.MRCH.CD.WT,515000000.0,"current USD",,"{""country_name"": ""Vanuatu"", ""source"": ""World Development Indicators""}",2026-08-19T10:55:41.969097+00:00
1676,3e8bb2b7dcb784a24b015369f261520a38aa769d440a41c65171ffff3947625c,world_bank_api,indicator,"Merchandise imports (current US$)",2024-12-31,,VU,TM.VAL.MRCH.CD.WT,456000000.0,"current USD",,"{""country_name"": ""Vanuatu"", ""source"": ""World Development Indicators""}",2026-08-19T10:55:41.969097+00:00
1677,db50042812f3fdbdb1d28c337edc2dd479bc138dab5ce369440cee90151a5625,world_bank_api,indicator,"Merchandise imports (current US$)",2023-12-31,,VU,TM.VAL.MRCH.CD.WT,473000000.0,"current USD",,"{""country_name"": ""Vanuatu"", ""source"": ""World Development Indicators""}",2026-08-19T10:55:41.969097+00:00
1678,ee459874c9077c292cdb1eeb2f4032a36fbe962b3b3bb7ba963dd58f1b3f463d,world_bank_api,indicator,"Merchandise imports (current US$)",2025-12-31,,VE,TM.VAL.MRCH.CD.WT,13805000000.0,"current USD",,"{""country_name"": ""Venezuela, RB"", ""source"": ""World Development Indicators""}",2026-08-19T10:55:41.969097+00:00
1679,e367858226d5ff1e230fc9d341e634da026de771bbadf8adcd1491dc846b1e62,world_bank_api,indicator,"Merchandise imports (current US$)",2024-12-31,,VE,TM.VAL.MRCH.CD.WT,14890000000.0,"current USD",,"{""country_name"": ""Venezuela, RB"", ""source"": ""World Development Indicators""}",2026-08-19T10:55:41.969097+00:00
1680,6bb5305d0c68d6833d81e9fbce2dce4e38d1dcb2d028d588c76087f5ad0349b9,world_bank_api,indicator,"Merchandise imports (current US$)",2023-12-31,,VE,TM.VAL.MRCH.CD.WT,10940000000.0,"current USD",,"{""country_name"": ""Venezuela, RB"", ""source"": ""World Development Indicators""}",2026-08-19T10:55:41.969097+00:00
1681,3a2126d0a84c033fd7c19a875b3a38a2da783080ef87381c46474822feb2908e,world_bank_api,indicator,"Merchandise imports (current US$)",2025-12-31,,VN,TM.VAL.MRCH.CD.WT,453778000000.0,"current USD",,"{""country_name"": ""Viet Nam"", ""source"": ""World Development Indicators""}",2026-08-19T10:55:41.969097+00:00
1682,99a5b0ee26ad36eb20f0ace27e2aed3cd84ad851b55018cfe578c5cbd5c01340,world_bank_api,indicator,"Merchandise imports (current US$)",2024-12-31,,VN,TM.VAL.MRCH.CD.WT,380515000000.0,"current USD",,"{""country_name"": ""Viet Nam"", ""source"": ""World Development Indicators""}",2026-08-19T10:55:41.969097+00:00
1683,ade9d72167524f880db79ba1a82570989d8fbb8a881c5a3d209106a592c45cf8,world_bank_api,indicator,"Merchandise imports (current US$)",2023-12-31,,VN,TM.VAL.MRCH.CD.WT,325776000000.0,"current USD",,"{""country_name"": ""Viet Nam"", ""source"": ""World Development Indicators""}",2026-08-19T10:55:41.969097+00:00
1684,8ec230b85202b8eb34347069454aa18ed4e099afb8c34f40124b8c9a4f4731fd,world_bank_api,indicator,"Merchandise imports (current US$)",2025-12-31,,YE,TM.VAL.MRCH.CD.WT,4649000000.0,"current USD",,"{""country_name"": ""Yemen, Rep."", ""source"": ""World Development Indicators""}",2026-08-19T10:55:41.969097+00:00
1685,6e8a98f0040cbfb4c5dff4084cc45737e295beb3cdb28aa55a58652db1730c14,world_bank_api,indicator,"Merchandise imports (current US$)",2024-12-31,,YE,TM.VAL.MRCH.CD.WT,4430000000.0,"current USD",,"{""country_name"": ""Yemen, Rep."", ""source"": ""World Development Indicators""}",2026-08-19T10:55:41.969097+00:00
1686,6f46412892a3675012d6b7a1fffd6f9fca24f323044c1a35dd8148eee595e31f,world_bank_api,indicator,"Merchandise imports (current US$)",2023-12-31,,YE,TM.VAL.MRCH.CD.WT,4603000000.0,"current USD",,"{""country_name"": ""Yemen, Rep."", ""source"": ""World Development Indicators""}",2026-08-19T10:55:41.969097+00:00
1687,a50865f30c0ebb743199fe95818461bc96c1c22b54cd244f48c94d2f8ea1fad5,world_bank_api,indicator,"Merchandise imports (current US$)",2025-12-31,,ZM,TM.VAL.MRCH.CD.WT,13171000000.0,"current USD",,"{""country_name"": ""Zambia"", ""source"": ""World Development Indicators""}",2026-08-19T10:55:41.969097+00:00
1688,258654f1466ec74183d1e6b3947b43e074c088995f4eda09e6d5c83d23fbff28,world_bank_api,indicator,"Merchandise imports (current US$)",2024-12-31,,ZM,TM.VAL.MRCH.CD.WT,11268000000.0,"current USD",,"{""country_name"": ""Zambia"", ""source"": ""World Development Indicators""}",2026-08-19T10:55:41.969097+00:00
1689,d2fd7eb1cd773d5fa7379a3fa55e0cc9b1afe6eba2673a5f80bcc6672546cdd0,world_bank_api,indicator,"Merchandise imports (current US$)",2023-12-31,,ZM,TM.VAL.MRCH.CD.WT,10125000000.0,"current USD",,"{""country_name"": ""Zambia"", ""source"": ""World Development Indicators""}",2026-08-19T10:55:41.969097+00:00
1690,c7da9077a5dde4e7bf9f6218bed548637a5708bd7a957d182a96d81ed7b9f3bc,world_bank_api,indicator,"Merchandise imports (current US$)",2025-12-31,,ZW,TM.VAL.MRCH.CD.WT,10112000000.0,"current USD",,"{""country_name"": ""Zimbabwe"", ""source"": ""World Development Indicators""}",2026-08-19T10:55:41.969097+00:00
1691,f8c09dfe9f08bfeaee4e95898a82e35104b86e313393e8ab6556efccd2a3460a,world_bank_api,indicator,"Merchandise imports (current US$)",2024-12-31,,ZW,TM.VAL.MRCH.CD.WT,9499000000.0,"current USD",,"{""country_name"": ""Zimbabwe"", ""source"": ""World Development Indicators""}",2026-08-19T10:55:41.969097+00:00
1692,c5251a1913fc6b219d3d897ce5c5f0a70b6effbca9dab2b4de4b1332f402419f,world_bank_api,indicator,"Merchandise imports (current US$)",2023-12-31,,ZW,TM.VAL.MRCH.CD.WT,9214000000.0,"current USD",,"{""country_name"": ""Zimbabwe"", ""source"": ""World Development Indicators""}",2026-08-19T10:55:41.969097+00:00
1693,baac3b46fd334f1b4f8b71dd04c5d418b3470f9407572aca8fa548ea98caeeee,wto_rss,news,"Tariffs applied by WTO members have decreased by a third since 1996","Tue, 22 Sep 2026 00:00:00 GMT",https://www.wto.org/english/blogs_e/data_blog_e/blog_dta_22sep26_491_e.htm,,,,,"Update of data blog first published on 13 April 2023.","{""publisher"": ""World Trade Organization""}",2026-09-23T12:47:01.425987+00:00
1694,921eb7a6e584e117ee4d71e6439c73373725673d9c9e3677c7a08e43d93b76c6,wto_rss,news,"Report spotlights role of services export promotion strategies as catalyst for development","Thu, 17 Sep 2026 00:00:00 GMT",https://www.wto.org/english/news_e/news26_e/serv_17sep26_489_e.htm,,,,,"A new report launched by the WTO Secretariat and the UN Economic Commission for Latin America and the Caribbean (UNECLAC) on 17 September draws on case studies to illustrate how developing economies' export promotion strategies can help them take advantage of growing opportunities in services trade. Export Promotion Strategies for Services: Lessons from the Developing World provides useful policy insights for developing economies, underscoring the importance of close coordination with skills upgrading and investment attraction strategies and the need to adapt export promotion mechanisms traditionally focused on goods.","{""publisher"": ""World Trade Organization""}",2026-09-23T12:47:01.425987+00:00
1695,e2a4a9bd8681891dd093d2b4a299675b44e9d201cbe2f15faf95d1e3bbfb80b4,wto_rss,news,"Young Trade Leaders meet with DG; discuss AI, environment, needs of developing economies","Thu, 17 Sep 2026 00:00:00 GMT",https://www.wto.org/english/news_e/news26_e/pf26_17sep26_490_e.htm,,,,,"Artificial intelligence (AI), the environment, and issues facing developing economies were among the topics discussed by Director-General Ngozi Okonjo-Iweala and the latest cohort of WTO Young Trade Leaders at a meeting on 17 September. The Director-General underlined that harnessing the energy and ideas of young people is essential for addressing current and future trade challenges.","{""publisher"": ""World Trade Organization""}",2026-09-23T12:47:01.425987+00:00
1696,ab51eac203eac32754b002c1adfcddc4209731d9c8c656a2ac43fc5143591e66,wto_rss,news,"WTO Public Forum 2026 spotlights role of services in driving world trade","Tue, 15 Sep 2026 00:00:00 GMT",https://www.wto.org/english/news_e/news26_e/pf26_15sep26_487_e.htm,,,,,"The 2026 edition of the WTO's Public Forum kicked off on 15 September in Geneva under the theme Powering the Future. Over three days, the Forum will welcome more than 4,600 participants from business, governments, civil society, academia and international organizations to discuss how trade in services is a key engine of development, a source of income, and a driver of job creation and empowerment worldwide.","{""publisher"": ""World Trade Organization""}",2026-09-23T12:47:01.425987+00:00
1697,ee7295a99d43195a22c869a7e2ecfaddfd8763d620a41780b5a27678d4d022b1,wto_rss,news,"World Trade Report: Trade reform to boost growth; inaction can cost 10% global GDP","Tue, 15 Sep 2026 00:00:00 GMT",https://www.wto.org/english/news_e/news26_e/wtr_15sep26_483_e.htm,,,,,"The 2026 edition of the World Trade Report – issued on 15 September - finds that a strengthened multilateral trading system could increase global GDP by roughly 3% or USD 3 trillion by 2050, while inaction to modernize the trading system could reduce global output by up to 10%. The flagship publication of the WTO Secretariat, examining what the multilateral trading system has delivered over 80 years and where it is facing challenges, offers evidence relevant to ongoing efforts to keep trade rules fit for purpose.","{""publisher"": ""World Trade Organization""}",2026-09-23T12:47:01.425987+00:00
1698,ac5038b6deebe2df1cbb98526b83e96334e4584163b331b438e6340eed8c0e46,wto_rss,news,"World Trade & Tech Day: AI and trade increasingly intertwined","Mon, 14 Sep 2026 00:00:00 GMT",https://www.wto.org/english/news_e/news26_e/dtech_14sep26_488_e.htm,,,,,"Hundreds of participants gathered at the WTO for World Trade & Tech Day on 14 September, a sign of how AI is fundamentally changing the way cross-border commerce is evolving. Under the banner of ""AI and Trade: Turning Potential into Progress"", the day consisted of a full day of panel discussions and other knowledge-sharing opportunities aimed at fostering conversations on technology and trade. The event shone a spotlight on how AI and frontier technologies are making international trade more efficient, bringing together government leaders as well as academics and private sector representatives to discuss ways to harness AI's potential into tangible economic gains and an engine for inclusive growth.","{""publisher"": ""World Trade Organization""}",2026-09-23T12:47:01.425987+00:00
1699,60d2e3afef5422707bd3077f9653f731fd9a637fcf7cdff67439f68597a19e49,wto_rss,news,"Russian Federation notifies launch of safeguard investigation on certain flat steel products","Mon, 14 Sep 2026 00:00:00 GMT",https://www.wto.org/english/news_e/news26_e/safe_rus_14sep26_485_e.htm,,,,,"On 9 September 2026, the Russian Federation notified the WTO’s Committee on Safeguards regarding the initiation on 7 September 2026 of a safeguard investigation on certain flat steel products with polymer coating imported into the customs territory of the Eurasian Economic Union.","{""publisher"": ""World Trade Organization""}",2026-09-23T12:47:01.425987+00:00
1700,cdf7576aeb7cb08a7ef372d09241b0350c5200d6ef504a0035abdc1c6a9f6fa0,wto_rss,news,"WTO study explores the role of stablecoins in international trade","Mon, 14 Sep 2026 00:00:00 GMT",https://www.wto.org/english/news_e/news26_e/dtech_14sep26_486_e.htm,,,,,"The WTO Secretariat launched a new publication on the role of stablecoins in supporting cross-border trade on 14 September on the sidelines of the WTO's first World Trade and Tech Day. The report, prepared by the Economic Research and Statistics Division and the Trade in Services and Investment Division, examines the opportunities and challenges associated with the use of stablecoins in facilitating international trade, highlighting how they can accelerate cross-border payments and their potential to increase participation in the international trading system, especially for developing economies.","{""publisher"": ""World Trade Organization""}",2026-09-23T12:47:01.425987+00:00
1701,a54b964532492f98ed6d59c759386afb561ecd2b6e2ad616c35ab2958238a5eb,wto_rss,news,"Goods barometer points to resilient trade growth despite headwinds","Wed, 09 Sep 2026 00:00:00 GMT",https://www.wto.org/english/news_e/news26_e/wtoi_09sep26_481_e.htm,,,,,"Global goods trade continued to strengthen in mid-2026 despite persistent geopolitical and policy-related uncertainties, according to the WTO Goods Trade Barometer released on 9 September 2026.","{""publisher"": ""World Trade Organization""}",2026-09-23T12:47:01.425987+00:00
1702,be51a2e966bbccb165927b6633d560fac648d55de0fcccb204887a6a80bc97e8,wto_rss,news,"WTO issues 2026 Annual Report","Wed, 09 Sep 2026 00:00:00 GMT",https://www.wto.org/english/news_e/news26_e/anrp_09sep26_482_e.htm,,,,,"The WTO published today (9 September) its 2026 Annual Report, providing a comprehensive account of the organization’s activities in 2025 and the early part of 2026. The Report looks back at recent key events, such as the 14th Ministerial Conference in March 2026, and describes the WTO's work in addressing the challenges and opportunities facing world trade.","{""publisher"": ""World Trade Organization""}",2026-09-23T12:47:01.425987+00:00
1703,e92190ed858dd8b8130971a4f74141485c57fe6768eab70b287acb040a0b9861,un_comtrade_preview,trade_flow,TOTAL,2025,,36,trade_value_X,335841111839.766,"current USD",,"{""cmdCode"": ""TOTAL"", ""cmdDesc"": null, ""flowCode"": ""X"", ""flowDesc"": null, ""netWgt"": null, ""partnerCode"": 0, ""partnerDesc"": null, ""qty"": 0.0, ""qtyUnit"": null, ""reporterDesc"": null}",2026-09-23T12:47:13.189412+00:00
